nohup: ignoring input
/root/miniconda3/envs/reason/lib/python3.10/site-packages/transformers/utils/hub.py:111: FutureWarning: Using `TRANSFORMERS_CACHE` is deprecated and will be removed in v5 of Transformers. Use `HF_HOME` instead.
  warnings.warn(
[19:48:39] Using device: cuda, seed: 42
[19:48:39] Parsing model identifier. Schema: None, Identifier: EVA01-g-14
[19:48:39] Loaded built-in EVA01-g-14 model config.
[19:48:40] Instantiating model architecture: CustomTextCLIP
[19:48:49] Loading full pretrained weights from: /root/autodl-tmp/hf_cache/models--timm--eva_giant_patch14_clip_224.laion400m_s11b_b41k/snapshots/25fe82a41cc0cda08c93e15083324b807d6aa569/open_clip_model.safetensors
[19:48:51] Final image preprocessing configuration set: {'size': (224, 224), 'mode': 'RGB', 'mean': (0.48145466, 0.4578275, 0.40821073), 'std': (0.26862954, 0.26130258, 0.27577711), 'interpolation': 'bicubic', 'resize_mode': 'shortest', 'fill_color': 0}
[19:48:51] Model EVA01-g-14 creation process complete.
[19:48:52] Detected EVA backbone (Eva) with 41 layers.
[19:48:52] Model EVA01-g-14 loaded (41 layers detected).
[19:48:52] Using EVA forward_func for EVA01-g-14
[19:48:53] [FER2013] Column 'Usage' not found, using all rows.
[19:48:53] [FER2013] Loaded 28709 images from /root/autodl-tmp/modelselection/datasets/datasets/fer2013/train.csv
[19:48:53] [OxfordFlowers] Loaded split='test' with 6149 images from /root/autodl-tmp/modelselection/datasets/datasets/oxford_flowers
[19:48:53] [OxfordPet] Loaded split='test' with 3669 samples from /root/autodl-tmp/modelselection/datasets/datasets/oxford-pet/annotations/test.txt
[19:48:53] [RenderedSST2] Loaded 1821 images from /root/autodl-tmp/modelselection/datasets/datasets/renderedsst2/rendered-sst2/test
[19:48:54] [STL10] Loaded split='test' with 8000 images from /root/autodl-tmp/modelselection/datasets/datasets/stl10/stl10_binary/test_X.bin
[19:48:54] [SUN397] Loaded split='test' with 19850 images
[19:48:54] [SVHN] Loaded 26032 images from /root/autodl-tmp/modelselection/datasets/datasets/svhn/test.txt
[19:48:55] [VOC] Loaded 9963 images from annotations
[19:48:55] === Reaching milestone N=25 ===
[19:48:55] 
🔍 Processing task: car (delta=25)
[19:48:56] [Cars] Loaded 25 samples, tensor torch.Size([25, 3, 224, 224])
/root/autodl-tmp/modelselection/frame_v2/framework/conductance.py:20: FutureWarning: `torch.cuda.amp.autocast(args...)` is deprecated. Please use `torch.amp.autocast('cuda', args...)` instead.
  with torch.cuda.amp.autocast(enabled=use_amp):
[19:49:05] Layer block_0: mean=0.000004255
[19:49:14] Layer block_1: mean=0.000003002
[19:49:23] Layer block_2: mean=0.000002914
[19:49:32] Layer block_3: mean=0.000002818
[19:49:40] Layer block_4: mean=0.000002833
[19:49:49] Layer block_5: mean=0.000002882
[19:49:57] Layer block_6: mean=0.000002881
[19:50:06] Layer block_7: mean=0.000002842
[19:50:14] Layer block_8: mean=0.000002755
[19:50:22] Layer block_9: mean=0.000002682
[19:50:30] Layer block_10: mean=0.000002650
[19:50:38] Layer block_11: mean=0.000002648
[19:50:46] Layer block_12: mean=0.000002597
[19:50:54] Layer block_13: mean=0.000002540
[19:51:02] Layer block_14: mean=0.000002456
[19:51:09] Layer block_15: mean=0.000002379
[19:51:16] Layer block_16: mean=0.000002325
[19:51:24] Layer block_17: mean=0.000002265
[19:51:31] Layer block_18: mean=0.000002211
[19:51:38] Layer block_19: mean=0.000002144
[19:51:45] Layer block_20: mean=0.000002047
[19:51:52] Layer block_21: mean=0.000001950
[19:51:59] Layer block_22: mean=0.000001867
[19:52:06] Layer block_23: mean=0.000001788
[19:52:12] Layer block_24: mean=0.000001777
[19:52:19] Layer block_25: mean=0.000001821
[19:52:25] Layer block_26: mean=0.000002032
[19:52:32] Layer block_27: mean=0.000002479
[19:52:38] Layer block_28: mean=0.000002905
[19:52:44] Layer block_29: mean=0.000003268
[19:52:50] Layer block_30: mean=0.000003582
[19:52:56] Layer block_31: mean=0.000003796
[19:53:02] Layer block_32: mean=0.000003885
[19:53:07] Layer block_33: mean=0.000003883
[19:53:13] Layer block_34: mean=0.000003765
[19:53:18] Layer block_35: mean=0.000003594
[19:53:24] Layer block_36: mean=0.000003276
[19:53:29] Layer block_37: mean=0.000002756
[19:53:34] Layer block_38: mean=0.000002043
[19:53:39] Layer block_39: mean=0.000000879
[19:53:44] Layer head: mean=0.000437503
[19:53:44] ✅ car updated (N=25).
[19:53:44] 
🔍 Processing task: cifar (delta=25)
[19:53:44] [CIFAR] Loaded 25 samples, tensor torch.Size([25, 3, 224, 224])
[19:53:54] Layer block_0: mean=0.000001977
[19:54:03] Layer block_1: mean=0.000001607
[19:54:11] Layer block_2: mean=0.000001596
[19:54:20] Layer block_3: mean=0.000001634
[19:54:29] Layer block_4: mean=0.000001695
[19:54:37] Layer block_5: mean=0.000001726
[19:54:46] Layer block_6: mean=0.000001715
[19:54:54] Layer block_7: mean=0.000001700
[19:55:03] Layer block_8: mean=0.000001649
[19:55:11] Layer block_9: mean=0.000001601
[19:55:19] Layer block_10: mean=0.000001583
[19:55:27] Layer block_11: mean=0.000001592
[19:55:35] Layer block_12: mean=0.000001559
[19:55:43] Layer block_13: mean=0.000001530
[19:55:51] Layer block_14: mean=0.000001482
[19:55:58] Layer block_15: mean=0.000001459
[19:56:06] Layer block_16: mean=0.000001446
[19:56:13] Layer block_17: mean=0.000001421
[19:56:20] Layer block_18: mean=0.000001392
[19:56:27] Layer block_19: mean=0.000001374
[19:56:34] Layer block_20: mean=0.000001345
[19:56:41] Layer block_21: mean=0.000001314
[19:56:48] Layer block_22: mean=0.000001295
[19:56:55] Layer block_23: mean=0.000001281
[19:57:02] Layer block_24: mean=0.000001306
[19:57:08] Layer block_25: mean=0.000001363
[19:57:15] Layer block_26: mean=0.000001540
[19:57:21] Layer block_27: mean=0.000001908
[19:57:27] Layer block_28: mean=0.000002234
[19:57:33] Layer block_29: mean=0.000002492
[19:57:39] Layer block_30: mean=0.000002703
[19:57:45] Layer block_31: mean=0.000002846
[19:57:51] Layer block_32: mean=0.000002915
[19:57:57] Layer block_33: mean=0.000002930
[19:58:02] Layer block_34: mean=0.000002871
[19:58:08] Layer block_35: mean=0.000002766
[19:58:13] Layer block_36: mean=0.000002540
[19:58:18] Layer block_37: mean=0.000002182
[19:58:24] Layer block_38: mean=0.000001631
[19:58:29] Layer block_39: mean=0.000000766
[19:58:34] Layer head: mean=0.000372900
[19:58:34] ✅ cifar updated (N=25).
[19:58:34] 
🔍 Processing task: clevr (delta=25)
[19:58:34] [CLEVR] 15000 samples from /root/autodl-tmp/modelselection/datasets/datasets/clevr_count/test
[19:58:34] [CLEVR] Loaded 25 samples, tensor torch.Size([25, 3, 224, 224])
[19:58:43] Layer block_0: mean=0.000001718
[19:58:52] Layer block_1: mean=0.000001107
[19:59:01] Layer block_2: mean=0.000001117
[19:59:10] Layer block_3: mean=0.000001138
[19:59:18] Layer block_4: mean=0.000001147
[19:59:27] Layer block_5: mean=0.000001156
[19:59:35] Layer block_6: mean=0.000001170
[19:59:44] Layer block_7: mean=0.000001172
[19:59:52] Layer block_8: mean=0.000001147
[20:00:00] Layer block_9: mean=0.000001114
[20:00:08] Layer block_10: mean=0.000001108
[20:00:16] Layer block_11: mean=0.000001119
[20:00:24] Layer block_12: mean=0.000001117
[20:00:32] Layer block_13: mean=0.000001112
[20:00:39] Layer block_14: mean=0.000001095
[20:00:47] Layer block_15: mean=0.000001090
[20:00:54] Layer block_16: mean=0.000001087
[20:01:02] Layer block_17: mean=0.000001082
[20:01:09] Layer block_18: mean=0.000001077
[20:01:16] Layer block_19: mean=0.000001071
[20:01:23] Layer block_20: mean=0.000001058
[20:01:30] Layer block_21: mean=0.000001044
[20:01:37] Layer block_22: mean=0.000001039
[20:01:44] Layer block_23: mean=0.000001040
[20:01:50] Layer block_24: mean=0.000001072
[20:01:57] Layer block_25: mean=0.000001121
[20:02:03] Layer block_26: mean=0.000001237
[20:02:10] Layer block_27: mean=0.000001475
[20:02:16] Layer block_28: mean=0.000001706
[20:02:22] Layer block_29: mean=0.000001896
[20:02:28] Layer block_30: mean=0.000002070
[20:02:34] Layer block_31: mean=0.000002205
[20:02:40] Layer block_32: mean=0.000002270
[20:02:46] Layer block_33: mean=0.000002294
[20:02:51] Layer block_34: mean=0.000002268
[20:02:56] Layer block_35: mean=0.000002212
[20:03:02] Layer block_36: mean=0.000002105
[20:03:07] Layer block_37: mean=0.000001883
[20:03:12] Layer block_38: mean=0.000001494
[20:03:17] Layer block_39: mean=0.000000840
[20:03:22] Layer head: mean=0.000382504
[20:03:22] ✅ clevr updated (N=25).
[20:03:22] 
🔍 Processing task: country (delta=25)
[20:03:23] [Country211] Loaded 25 samples, tensor torch.Size([25, 3, 224, 224])
[20:03:32] Layer block_0: mean=0.000004084
[20:03:41] Layer block_1: mean=0.000002881
[20:03:50] Layer block_2: mean=0.000002784
[20:03:58] Layer block_3: mean=0.000002658
[20:04:07] Layer block_4: mean=0.000002627
[20:04:16] Layer block_5: mean=0.000002605
[20:04:24] Layer block_6: mean=0.000002582
[20:04:32] Layer block_7: mean=0.000002523
[20:04:41] Layer block_8: mean=0.000002427
[20:04:49] Layer block_9: mean=0.000002338
[20:04:57] Layer block_10: mean=0.000002293
[20:05:05] Layer block_11: mean=0.000002263
[20:05:13] Layer block_12: mean=0.000002200
[20:05:21] Layer block_13: mean=0.000002149
[20:05:28] Layer block_14: mean=0.000002073
[20:05:36] Layer block_15: mean=0.000002012
[20:05:43] Layer block_16: mean=0.000001968
[20:05:51] Layer block_17: mean=0.000001915
[20:05:58] Layer block_18: mean=0.000001861
[20:06:05] Layer block_19: mean=0.000001805
[20:06:12] Layer block_20: mean=0.000001740
[20:06:19] Layer block_21: mean=0.000001677
[20:06:26] Layer block_22: mean=0.000001633
[20:06:33] Layer block_23: mean=0.000001588
[20:06:39] Layer block_24: mean=0.000001611
[20:06:46] Layer block_25: mean=0.000001673
[20:06:52] Layer block_26: mean=0.000001868
[20:06:59] Layer block_27: mean=0.000002260
[20:07:05] Layer block_28: mean=0.000002625
[20:07:11] Layer block_29: mean=0.000002936
[20:07:17] Layer block_30: mean=0.000003195
[20:07:23] Layer block_31: mean=0.000003357
[20:07:29] Layer block_32: mean=0.000003424
[20:07:34] Layer block_33: mean=0.000003414
[20:07:40] Layer block_34: mean=0.000003311
[20:07:45] Layer block_35: mean=0.000003154
[20:07:51] Layer block_36: mean=0.000002886
[20:07:56] Layer block_37: mean=0.000002443
[20:08:01] Layer block_38: mean=0.000001781
[20:08:06] Layer block_39: mean=0.000000801
[20:08:11] Layer head: mean=0.000391148
[20:08:11] ✅ country updated (N=25).
[20:08:11] 
🔍 Processing task: dmlab (delta=25)
[20:08:11] [DMLab] Loaded 25 samples (skipped 0), tensor torch.Size([25, 3, 224, 224])
[20:08:21] Layer block_0: mean=0.000003957
[20:08:30] Layer block_1: mean=0.000002499
[20:08:39] Layer block_2: mean=0.000002376
[20:08:47] Layer block_3: mean=0.000002322
[20:08:56] Layer block_4: mean=0.000002379
[20:09:05] Layer block_5: mean=0.000002411
[20:09:13] Layer block_6: mean=0.000002404
[20:09:22] Layer block_7: mean=0.000002379
[20:09:30] Layer block_8: mean=0.000002301
[20:09:38] Layer block_9: mean=0.000002232
[20:09:46] Layer block_10: mean=0.000002210
[20:09:54] Layer block_11: mean=0.000002202
[20:10:02] Layer block_12: mean=0.000002147
[20:10:10] Layer block_13: mean=0.000002092
[20:10:17] Layer block_14: mean=0.000002012
[20:10:25] Layer block_15: mean=0.000001960
[20:10:32] Layer block_16: mean=0.000001916
[20:10:40] Layer block_17: mean=0.000001853
[20:10:47] Layer block_18: mean=0.000001803
[20:10:54] Layer block_19: mean=0.000001752
[20:11:01] Layer block_20: mean=0.000001680
[20:11:08] Layer block_21: mean=0.000001607
[20:11:15] Layer block_22: mean=0.000001558
[20:11:22] Layer block_23: mean=0.000001503
[20:11:28] Layer block_24: mean=0.000001515
[20:11:35] Layer block_25: mean=0.000001563
[20:11:41] Layer block_26: mean=0.000001741
[20:11:47] Layer block_27: mean=0.000002091
[20:11:54] Layer block_28: mean=0.000002407
[20:12:00] Layer block_29: mean=0.000002637
[20:12:06] Layer block_30: mean=0.000002823
[20:12:12] Layer block_31: mean=0.000002945
[20:12:17] Layer block_32: mean=0.000002998
[20:12:23] Layer block_33: mean=0.000003004
[20:12:29] Layer block_34: mean=0.000002954
[20:12:34] Layer block_35: mean=0.000002844
[20:12:40] Layer block_36: mean=0.000002643
[20:12:45] Layer block_37: mean=0.000002272
[20:12:50] Layer block_38: mean=0.000001717
[20:12:55] Layer block_39: mean=0.000000802
[20:13:00] Layer head: mean=0.000388574
[20:13:00] ✅ dmlab updated (N=25).
[20:13:00] 
🔍 Processing task: dr (delta=25)
[20:13:00] [DR] Loaded 42670 paths from /root/autodl-tmp/modelselection/datasets/datasets/diabetic_retinopathy/test.txt
[20:13:00] [DR] Loaded 25 samples (skipped 0), tensor torch.Size([25, 3, 224, 224])
[20:13:10] Layer block_0: mean=0.000002066
[20:13:19] Layer block_1: mean=0.000001573
[20:13:27] Layer block_2: mean=0.000001608
[20:13:36] Layer block_3: mean=0.000001585
[20:13:45] Layer block_4: mean=0.000001603
[20:13:54] Layer block_5: mean=0.000001645
[20:14:02] Layer block_6: mean=0.000001642
[20:14:10] Layer block_7: mean=0.000001619
[20:14:19] Layer block_8: mean=0.000001571
[20:14:27] Layer block_9: mean=0.000001514
[20:14:35] Layer block_10: mean=0.000001494
[20:14:43] Layer block_11: mean=0.000001483
[20:14:51] Layer block_12: mean=0.000001453
[20:14:59] Layer block_13: mean=0.000001429
[20:15:07] Layer block_14: mean=0.000001380
[20:15:14] Layer block_15: mean=0.000001339
[20:15:21] Layer block_16: mean=0.000001321
[20:15:29] Layer block_17: mean=0.000001282
[20:15:36] Layer block_18: mean=0.000001255
[20:15:43] Layer block_19: mean=0.000001222
[20:15:50] Layer block_20: mean=0.000001192
[20:15:57] Layer block_21: mean=0.000001163
[20:16:04] Layer block_22: mean=0.000001141
[20:16:11] Layer block_23: mean=0.000001121
[20:16:17] Layer block_24: mean=0.000001149
[20:16:24] Layer block_25: mean=0.000001213
[20:16:31] Layer block_26: mean=0.000001382
[20:16:37] Layer block_27: mean=0.000001697
[20:16:43] Layer block_28: mean=0.000001994
[20:16:49] Layer block_29: mean=0.000002249
[20:16:55] Layer block_30: mean=0.000002462
[20:17:01] Layer block_31: mean=0.000002594
[20:17:07] Layer block_32: mean=0.000002661
[20:17:12] Layer block_33: mean=0.000002675
[20:17:18] Layer block_34: mean=0.000002632
[20:17:23] Layer block_35: mean=0.000002564
[20:17:29] Layer block_36: mean=0.000002427
[20:17:34] Layer block_37: mean=0.000002157
[20:17:39] Layer block_38: mean=0.000001605
[20:17:44] Layer block_39: mean=0.000000808
[20:17:49] Layer head: mean=0.000389805
[20:17:49] ✅ dr updated (N=25).
[20:17:49] 
🔍 Processing task: dtd (delta=25)
[20:17:49] [DTD] Collected 5640 image paths from /root/autodl-tmp/modelselection/datasets/datasets/dtd/labels
[20:17:50] [DTD] Loaded 25 samples (skipped 0), tensor torch.Size([25, 3, 224, 224])
[20:17:59] Layer block_0: mean=0.000005106
[20:18:08] Layer block_1: mean=0.000003674
[20:18:17] Layer block_2: mean=0.000003425
[20:18:25] Layer block_3: mean=0.000003208
[20:18:34] Layer block_4: mean=0.000003099
[20:18:43] Layer block_5: mean=0.000003022
[20:18:51] Layer block_6: mean=0.000002945
[20:19:00] Layer block_7: mean=0.000002840
[20:19:08] Layer block_8: mean=0.000002700
[20:19:16] Layer block_9: mean=0.000002574
[20:19:24] Layer block_10: mean=0.000002495
[20:19:32] Layer block_11: mean=0.000002431
[20:19:40] Layer block_12: mean=0.000002329
[20:19:48] Layer block_13: mean=0.000002259
[20:19:55] Layer block_14: mean=0.000002151
[20:20:03] Layer block_15: mean=0.000002063
[20:20:11] Layer block_16: mean=0.000001995
[20:20:18] Layer block_17: mean=0.000001919
[20:20:25] Layer block_18: mean=0.000001845
[20:20:32] Layer block_19: mean=0.000001766
[20:20:39] Layer block_20: mean=0.000001695
[20:20:46] Layer block_21: mean=0.000001624
[20:20:53] Layer block_22: mean=0.000001587
[20:21:00] Layer block_23: mean=0.000001568
[20:21:06] Layer block_24: mean=0.000001621
[20:21:13] Layer block_25: mean=0.000001714
[20:21:19] Layer block_26: mean=0.000001966
[20:21:25] Layer block_27: mean=0.000002473
[20:21:32] Layer block_28: mean=0.000002913
[20:21:38] Layer block_29: mean=0.000003263
[20:21:44] Layer block_30: mean=0.000003537
[20:21:49] Layer block_31: mean=0.000003689
[20:21:55] Layer block_32: mean=0.000003734
[20:22:01] Layer block_33: mean=0.000003706
[20:22:06] Layer block_34: mean=0.000003593
[20:22:12] Layer block_35: mean=0.000003415
[20:22:17] Layer block_36: mean=0.000003120
[20:22:22] Layer block_37: mean=0.000002640
[20:22:28] Layer block_38: mean=0.000001879
[20:22:33] Layer block_39: mean=0.000000762
[20:22:38] Layer head: mean=0.000384305
[20:22:38] ✅ dtd updated (N=25).
[20:22:38] 
🔍 Processing task: eurosat (delta=25)
[20:22:38] [EuroSAT] Collected 27000 images from 10 classes under /root/autodl-tmp/modelselection/datasets/datasets/eurosat/2750
[20:22:38] [EuroSAT] Loaded 25 samples (skipped 0), tensor torch.Size([25, 3, 224, 224])
[20:22:47] Layer block_0: mean=0.000001493
[20:22:56] Layer block_1: mean=0.000001250
[20:23:05] Layer block_2: mean=0.000001345
[20:23:13] Layer block_3: mean=0.000001397
[20:23:22] Layer block_4: mean=0.000001455
[20:23:31] Layer block_5: mean=0.000001480
[20:23:39] Layer block_6: mean=0.000001490
[20:23:47] Layer block_7: mean=0.000001488
[20:23:56] Layer block_8: mean=0.000001443
[20:24:04] Layer block_9: mean=0.000001402
[20:24:12] Layer block_10: mean=0.000001377
[20:24:20] Layer block_11: mean=0.000001367
[20:24:28] Layer block_12: mean=0.000001336
[20:24:35] Layer block_13: mean=0.000001310
[20:24:43] Layer block_14: mean=0.000001269
[20:24:50] Layer block_15: mean=0.000001236
[20:24:58] Layer block_16: mean=0.000001220
[20:25:05] Layer block_17: mean=0.000001188
[20:25:12] Layer block_18: mean=0.000001155
[20:25:19] Layer block_19: mean=0.000001126
[20:25:26] Layer block_20: mean=0.000001091
[20:25:33] Layer block_21: mean=0.000001056
[20:25:40] Layer block_22: mean=0.000001042
[20:25:47] Layer block_23: mean=0.000001041
[20:25:53] Layer block_24: mean=0.000001095
[20:26:00] Layer block_25: mean=0.000001179
[20:26:06] Layer block_26: mean=0.000001382
[20:26:13] Layer block_27: mean=0.000001818
[20:26:19] Layer block_28: mean=0.000002203
[20:26:25] Layer block_29: mean=0.000002493
[20:26:31] Layer block_30: mean=0.000002722
[20:26:37] Layer block_31: mean=0.000002872
[20:26:42] Layer block_32: mean=0.000002952
[20:26:48] Layer block_33: mean=0.000002969
[20:26:54] Layer block_34: mean=0.000002909
[20:26:59] Layer block_35: mean=0.000002805
[20:27:04] Layer block_36: mean=0.000002596
[20:27:10] Layer block_37: mean=0.000002246
[20:27:15] Layer block_38: mean=0.000001666
[20:27:20] Layer block_39: mean=0.000000761
[20:27:25] Layer head: mean=0.000358826
[20:27:25] ✅ eurosat updated (N=25).
[20:27:25] 
🔍 Processing task: fer2013 (delta=25)
[20:27:25] [FER2013] Loaded 25 samples (skipped 0), tensor torch.Size([25, 3, 224, 224])
[20:27:34] Layer block_0: mean=0.000002204
[20:27:43] Layer block_1: mean=0.000002013
[20:27:52] Layer block_2: mean=0.000002250
[20:28:00] Layer block_3: mean=0.000002463
[20:28:09] Layer block_4: mean=0.000002544
[20:28:18] Layer block_5: mean=0.000002579
[20:28:26] Layer block_6: mean=0.000002578
[20:28:34] Layer block_7: mean=0.000002570
[20:28:43] Layer block_8: mean=0.000002514
[20:28:51] Layer block_9: mean=0.000002455
[20:28:59] Layer block_10: mean=0.000002447
[20:29:07] Layer block_11: mean=0.000002478
[20:29:15] Layer block_12: mean=0.000002449
[20:29:22] Layer block_13: mean=0.000002462
[20:29:30] Layer block_14: mean=0.000002395
[20:29:38] Layer block_15: mean=0.000002293
[20:29:45] Layer block_16: mean=0.000002222
[20:29:52] Layer block_17: mean=0.000002153
[20:29:59] Layer block_18: mean=0.000002084
[20:30:07] Layer block_19: mean=0.000002028
[20:30:14] Layer block_20: mean=0.000001950
[20:30:20] Layer block_21: mean=0.000001842
[20:30:27] Layer block_22: mean=0.000001714
[20:30:34] Layer block_23: mean=0.000001601
[20:30:41] Layer block_24: mean=0.000001540
[20:30:47] Layer block_25: mean=0.000001521
[20:30:53] Layer block_26: mean=0.000001691
[20:31:00] Layer block_27: mean=0.000002026
[20:31:06] Layer block_28: mean=0.000002355
[20:31:12] Layer block_29: mean=0.000002603
[20:31:18] Layer block_30: mean=0.000002826
[20:31:24] Layer block_31: mean=0.000002971
[20:31:29] Layer block_32: mean=0.000003054
[20:31:35] Layer block_33: mean=0.000003055
[20:31:41] Layer block_34: mean=0.000003004
[20:31:46] Layer block_35: mean=0.000002891
[20:31:51] Layer block_36: mean=0.000002655
[20:31:57] Layer block_37: mean=0.000002281
[20:32:02] Layer block_38: mean=0.000001708
[20:32:07] Layer block_39: mean=0.000000809
[20:32:12] Layer head: mean=0.000384319
[20:32:12] ✅ fer2013 updated (N=25).
[20:32:12] 
🔍 Processing task: gtsrb (delta=25)
[20:32:12] [GTSRB] Collected 12630 test images.
[20:32:12] [GTSRB] Loaded 25 samples (skipped 0), tensor torch.Size([25, 3, 224, 224])
[20:32:21] Layer block_0: mean=0.000002451
[20:32:30] Layer block_1: mean=0.000001958
[20:32:39] Layer block_2: mean=0.000001985
[20:32:48] Layer block_3: mean=0.000002072
[20:32:56] Layer block_4: mean=0.000002184
[20:33:05] Layer block_5: mean=0.000002234
[20:33:13] Layer block_6: mean=0.000002234
[20:33:21] Layer block_7: mean=0.000002210
[20:33:30] Layer block_8: mean=0.000002143
[20:33:38] Layer block_9: mean=0.000002081
[20:33:46] Layer block_10: mean=0.000002046
[20:33:54] Layer block_11: mean=0.000002031
[20:34:02] Layer block_12: mean=0.000001971
[20:34:09] Layer block_13: mean=0.000001929
[20:34:17] Layer block_14: mean=0.000001844
[20:34:25] Layer block_15: mean=0.000001780
[20:34:32] Layer block_16: mean=0.000001738
[20:34:39] Layer block_17: mean=0.000001678
[20:34:46] Layer block_18: mean=0.000001615
[20:34:54] Layer block_19: mean=0.000001565
[20:35:00] Layer block_20: mean=0.000001509
[20:35:07] Layer block_21: mean=0.000001444
[20:35:14] Layer block_22: mean=0.000001394
[20:35:21] Layer block_23: mean=0.000001356
[20:35:27] Layer block_24: mean=0.000001367
[20:35:34] Layer block_25: mean=0.000001406
[20:35:40] Layer block_26: mean=0.000001574
[20:35:47] Layer block_27: mean=0.000001928
[20:35:53] Layer block_28: mean=0.000002251
[20:35:59] Layer block_29: mean=0.000002504
[20:36:05] Layer block_30: mean=0.000002708
[20:36:11] Layer block_31: mean=0.000002858
[20:36:17] Layer block_32: mean=0.000002930
[20:36:22] Layer block_33: mean=0.000002935
[20:36:28] Layer block_34: mean=0.000002876
[20:36:33] Layer block_35: mean=0.000002774
[20:36:39] Layer block_36: mean=0.000002559
[20:36:44] Layer block_37: mean=0.000002198
[20:36:49] Layer block_38: mean=0.000001654
[20:36:54] Layer block_39: mean=0.000000790
[20:36:59] Layer head: mean=0.000370271
[20:36:59] ✅ gtsrb updated (N=25).
[20:36:59] 
🔍 Processing task: kitti (delta=25)
[20:36:59] [KITTI] Collected 711 images from /root/autodl-tmp/modelselection/datasets/datasets/kitti/test.txt
[20:36:59] [KITTI] Loaded 25 samples (skipped 0), tensor torch.Size([25, 3, 224, 224])
[20:37:08] Layer block_0: mean=0.000004482
[20:37:17] Layer block_1: mean=0.000003055
[20:37:26] Layer block_2: mean=0.000002887
[20:37:35] Layer block_3: mean=0.000002713
[20:37:44] Layer block_4: mean=0.000002676
[20:37:52] Layer block_5: mean=0.000002673
[20:38:01] Layer block_6: mean=0.000002649
[20:38:09] Layer block_7: mean=0.000002591
[20:38:17] Layer block_8: mean=0.000002503
[20:38:25] Layer block_9: mean=0.000002429
[20:38:33] Layer block_10: mean=0.000002390
[20:38:41] Layer block_11: mean=0.000002362
[20:38:49] Layer block_12: mean=0.000002306
[20:38:57] Layer block_13: mean=0.000002254
[20:39:04] Layer block_14: mean=0.000002176
[20:39:12] Layer block_15: mean=0.000002118
[20:39:19] Layer block_16: mean=0.000002069
[20:39:27] Layer block_17: mean=0.000002015
[20:39:34] Layer block_18: mean=0.000001971
[20:39:41] Layer block_19: mean=0.000001925
[20:39:48] Layer block_20: mean=0.000001861
[20:39:55] Layer block_21: mean=0.000001805
[20:40:02] Layer block_22: mean=0.000001762
[20:40:08] Layer block_23: mean=0.000001726
[20:40:15] Layer block_24: mean=0.000001744
[20:40:21] Layer block_25: mean=0.000001803
[20:40:28] Layer block_26: mean=0.000001998
[20:40:34] Layer block_27: mean=0.000002393
[20:40:40] Layer block_28: mean=0.000002783
[20:40:46] Layer block_29: mean=0.000003127
[20:40:52] Layer block_30: mean=0.000003405
[20:40:58] Layer block_31: mean=0.000003580
[20:41:04] Layer block_32: mean=0.000003625
[20:41:10] Layer block_33: mean=0.000003596
[20:41:15] Layer block_34: mean=0.000003447
[20:41:21] Layer block_35: mean=0.000003260
[20:41:26] Layer block_36: mean=0.000002964
[20:41:31] Layer block_37: mean=0.000002484
[20:41:36] Layer block_38: mean=0.000001812
[20:41:41] Layer block_39: mean=0.000000780
[20:41:46] Layer head: mean=0.000398512
[20:41:46] ✅ kitti updated (N=25).
[20:41:46] 
🔍 Processing task: mnist (delta=25)
[20:41:46] [MNIST] Loaded split='test' with 10000 samples from data/mnist
[20:41:46] [MNIST] Loaded 25 samples, tensor torch.Size([25, 3, 224, 224])
[20:41:55] Layer block_0: mean=0.000001055
[20:42:04] Layer block_1: mean=0.000000819
[20:42:13] Layer block_2: mean=0.000000808
[20:42:22] Layer block_3: mean=0.000000817
[20:42:30] Layer block_4: mean=0.000000871
[20:42:39] Layer block_5: mean=0.000000941
[20:42:47] Layer block_6: mean=0.000000973
[20:42:56] Layer block_7: mean=0.000000954
[20:43:04] Layer block_8: mean=0.000000920
[20:43:12] Layer block_9: mean=0.000000888
[20:43:20] Layer block_10: mean=0.000000874
[20:43:28] Layer block_11: mean=0.000000869
[20:43:36] Layer block_12: mean=0.000000852
[20:43:44] Layer block_13: mean=0.000000829
[20:43:51] Layer block_14: mean=0.000000790
[20:43:59] Layer block_15: mean=0.000000767
[20:44:06] Layer block_16: mean=0.000000752
[20:44:14] Layer block_17: mean=0.000000737
[20:44:21] Layer block_18: mean=0.000000721
[20:44:28] Layer block_19: mean=0.000000705
[20:44:35] Layer block_20: mean=0.000000688
[20:44:42] Layer block_21: mean=0.000000670
[20:44:49] Layer block_22: mean=0.000000668
[20:44:55] Layer block_23: mean=0.000000672
[20:45:02] Layer block_24: mean=0.000000699
[20:45:08] Layer block_25: mean=0.000000758
[20:45:15] Layer block_26: mean=0.000000865
[20:45:21] Layer block_27: mean=0.000001068
[20:45:27] Layer block_28: mean=0.000001262
[20:45:33] Layer block_29: mean=0.000001422
[20:45:39] Layer block_30: mean=0.000001555
[20:45:45] Layer block_31: mean=0.000001663
[20:45:51] Layer block_32: mean=0.000001739
[20:45:57] Layer block_33: mean=0.000001767
[20:46:02] Layer block_34: mean=0.000001769
[20:46:08] Layer block_35: mean=0.000001744
[20:46:13] Layer block_36: mean=0.000001678
[20:46:18] Layer block_37: mean=0.000001522
[20:46:23] Layer block_38: mean=0.000001223
[20:46:28] Layer block_39: mean=0.000000749
[20:46:33] Layer head: mean=0.000362749
[20:46:33] ✅ mnist updated (N=25).
[20:46:33] 
🔍 Processing task: oxford_flowers (delta=25)
[20:46:33] [OxfordFlowers] Loaded 25 samples (skipped 0), tensor torch.Size([25, 3, 224, 224])
[20:46:42] Layer block_0: mean=0.000003524
[20:46:51] Layer block_1: mean=0.000002456
[20:47:00] Layer block_2: mean=0.000002484
[20:47:09] Layer block_3: mean=0.000002429
[20:47:18] Layer block_4: mean=0.000002409
[20:47:26] Layer block_5: mean=0.000002392
[20:47:35] Layer block_6: mean=0.000002377
[20:47:43] Layer block_7: mean=0.000002333
[20:47:51] Layer block_8: mean=0.000002260
[20:47:59] Layer block_9: mean=0.000002182
[20:48:07] Layer block_10: mean=0.000002151
[20:48:15] Layer block_11: mean=0.000002127
[20:48:23] Layer block_12: mean=0.000002061
[20:48:31] Layer block_13: mean=0.000002004
[20:48:39] Layer block_14: mean=0.000001921
[20:48:46] Layer block_15: mean=0.000001848
[20:48:54] Layer block_16: mean=0.000001794
[20:49:01] Layer block_17: mean=0.000001730
[20:49:08] Layer block_18: mean=0.000001664
[20:49:15] Layer block_19: mean=0.000001596
[20:49:22] Layer block_20: mean=0.000001532
[20:49:29] Layer block_21: mean=0.000001452
[20:49:36] Layer block_22: mean=0.000001400
[20:49:43] Layer block_23: mean=0.000001364
[20:49:49] Layer block_24: mean=0.000001388
[20:49:56] Layer block_25: mean=0.000001441
[20:50:02] Layer block_26: mean=0.000001658
[20:50:08] Layer block_27: mean=0.000002071
[20:50:15] Layer block_28: mean=0.000002462
[20:50:21] Layer block_29: mean=0.000002803
[20:50:27] Layer block_30: mean=0.000003090
[20:50:32] Layer block_31: mean=0.000003277
[20:50:38] Layer block_32: mean=0.000003371
[20:50:44] Layer block_33: mean=0.000003369
[20:50:50] Layer block_34: mean=0.000003309
[20:50:55] Layer block_35: mean=0.000003153
[20:51:00] Layer block_36: mean=0.000002860
[20:51:06] Layer block_37: mean=0.000002412
[20:51:11] Layer block_38: mean=0.000001723
[20:51:16] Layer block_39: mean=0.000000788
[20:51:21] Layer head: mean=0.000401552
[20:51:21] ✅ oxford_flowers updated (N=25).
[20:51:21] 
🔍 Processing task: oxford_pet (delta=25)
[20:51:21] [OxfordPet] Loaded 25 samples (skipped 0), tensor torch.Size([25, 3, 224, 224])
[20:51:30] Layer block_0: mean=0.000003361
[20:51:39] Layer block_1: mean=0.000002428
[20:51:48] Layer block_2: mean=0.000002324
[20:51:57] Layer block_3: mean=0.000002223
[20:52:05] Layer block_4: mean=0.000002209
[20:52:14] Layer block_5: mean=0.000002224
[20:52:22] Layer block_6: mean=0.000002223
[20:52:31] Layer block_7: mean=0.000002188
[20:52:39] Layer block_8: mean=0.000002124
[20:52:47] Layer block_9: mean=0.000002060
[20:52:55] Layer block_10: mean=0.000002036
[20:53:03] Layer block_11: mean=0.000002031
[20:53:11] Layer block_12: mean=0.000001987
[20:53:19] Layer block_13: mean=0.000001955
[20:53:26] Layer block_14: mean=0.000001897
[20:53:34] Layer block_15: mean=0.000001855
[20:53:41] Layer block_16: mean=0.000001825
[20:53:49] Layer block_17: mean=0.000001791
[20:53:56] Layer block_18: mean=0.000001753
[20:54:03] Layer block_19: mean=0.000001716
[20:54:10] Layer block_20: mean=0.000001662
[20:54:17] Layer block_21: mean=0.000001592
[20:54:24] Layer block_22: mean=0.000001534
[20:54:30] Layer block_23: mean=0.000001480
[20:54:37] Layer block_24: mean=0.000001486
[20:54:43] Layer block_25: mean=0.000001527
[20:54:50] Layer block_26: mean=0.000001713
[20:54:56] Layer block_27: mean=0.000002098
[20:55:02] Layer block_28: mean=0.000002476
[20:55:08] Layer block_29: mean=0.000002804
[20:55:14] Layer block_30: mean=0.000003102
[20:55:20] Layer block_31: mean=0.000003288
[20:55:26] Layer block_32: mean=0.000003374
[20:55:32] Layer block_33: mean=0.000003395
[20:55:37] Layer block_34: mean=0.000003308
[20:55:43] Layer block_35: mean=0.000003151
[20:55:48] Layer block_36: mean=0.000002891
[20:55:53] Layer block_37: mean=0.000002446
[20:55:58] Layer block_38: mean=0.000001789
[20:56:03] Layer block_39: mean=0.000000830
[20:56:08] Layer head: mean=0.000393791
[20:56:08] ✅ oxford_pet updated (N=25).
[20:56:08] 
🔍 Processing task: patch_camelyon (delta=25)
[20:56:09] [PatchCamelyon] Collected 32768 image paths from /root/autodl-tmp/modelselection/datasets/datasets/patch_camelyon/test.txt
[20:56:09] [PatchCamelyon] Loaded 25 samples (skipped 0), tensor torch.Size([25, 3, 224, 224])
[20:56:18] Layer block_0: mean=0.000004837
[20:56:27] Layer block_1: mean=0.000003804
[20:56:35] Layer block_2: mean=0.000003469
[20:56:44] Layer block_3: mean=0.000003157
[20:56:53] Layer block_4: mean=0.000003027
[20:57:01] Layer block_5: mean=0.000002931
[20:57:10] Layer block_6: mean=0.000002829
[20:57:18] Layer block_7: mean=0.000002700
[20:57:26] Layer block_8: mean=0.000002537
[20:57:35] Layer block_9: mean=0.000002393
[20:57:43] Layer block_10: mean=0.000002291
[20:57:51] Layer block_11: mean=0.000002222
[20:57:58] Layer block_12: mean=0.000002123
[20:58:06] Layer block_13: mean=0.000002054
[20:58:14] Layer block_14: mean=0.000001955
[20:58:21] Layer block_15: mean=0.000001859
[20:58:29] Layer block_16: mean=0.000001792
[20:58:36] Layer block_17: mean=0.000001708
[20:58:43] Layer block_18: mean=0.000001629
[20:58:50] Layer block_19: mean=0.000001547
[20:58:57] Layer block_20: mean=0.000001483
[20:59:04] Layer block_21: mean=0.000001424
[20:59:11] Layer block_22: mean=0.000001398
[20:59:18] Layer block_23: mean=0.000001397
[20:59:24] Layer block_24: mean=0.000001463
[20:59:31] Layer block_25: mean=0.000001541
[20:59:37] Layer block_26: mean=0.000001780
[20:59:44] Layer block_27: mean=0.000002247
[20:59:50] Layer block_28: mean=0.000002647
[20:59:56] Layer block_29: mean=0.000002989
[21:00:02] Layer block_30: mean=0.000003262
[21:00:08] Layer block_31: mean=0.000003460
[21:00:13] Layer block_32: mean=0.000003505
[21:00:19] Layer block_33: mean=0.000003512
[21:00:25] Layer block_34: mean=0.000003434
[21:00:30] Layer block_35: mean=0.000003284
[21:00:36] Layer block_36: mean=0.000003030
[21:00:41] Layer block_37: mean=0.000002599
[21:00:46] Layer block_38: mean=0.000001864
[21:00:51] Layer block_39: mean=0.000000782
[21:00:56] Layer head: mean=0.000413320
[21:00:56] ✅ patch_camelyon updated (N=25).
[21:00:56] 
🔍 Processing task: renderedsst2 (delta=25)
[21:00:56] [RenderedSST2] Loaded 25 samples (skipped 0), tensor torch.Size([25, 3, 224, 224])
[21:01:05] Layer block_0: mean=0.000004776
[21:01:14] Layer block_1: mean=0.000003153
[21:01:23] Layer block_2: mean=0.000002998
[21:01:32] Layer block_3: mean=0.000002904
[21:01:40] Layer block_4: mean=0.000002806
[21:01:49] Layer block_5: mean=0.000002690
[21:01:57] Layer block_6: mean=0.000002531
[21:02:06] Layer block_7: mean=0.000002387
[21:02:14] Layer block_8: mean=0.000002210
[21:02:22] Layer block_9: mean=0.000002083
[21:02:30] Layer block_10: mean=0.000001996
[21:02:38] Layer block_11: mean=0.000001952
[21:02:46] Layer block_12: mean=0.000001898
[21:02:54] Layer block_13: mean=0.000001840
[21:03:01] Layer block_14: mean=0.000001765
[21:03:09] Layer block_15: mean=0.000001730
[21:03:16] Layer block_16: mean=0.000001689
[21:03:23] Layer block_17: mean=0.000001615
[21:03:31] Layer block_18: mean=0.000001574
[21:03:38] Layer block_19: mean=0.000001529
[21:03:45] Layer block_20: mean=0.000001488
[21:03:52] Layer block_21: mean=0.000001455
[21:03:58] Layer block_22: mean=0.000001428
[21:04:05] Layer block_23: mean=0.000001408
[21:04:12] Layer block_24: mean=0.000001400
[21:04:18] Layer block_25: mean=0.000001425
[21:04:25] Layer block_26: mean=0.000001500
[21:04:31] Layer block_27: mean=0.000001688
[21:04:37] Layer block_28: mean=0.000001899
[21:04:43] Layer block_29: mean=0.000002135
[21:04:49] Layer block_30: mean=0.000002363
[21:04:55] Layer block_31: mean=0.000002570
[21:05:01] Layer block_32: mean=0.000002691
[21:05:06] Layer block_33: mean=0.000002734
[21:05:12] Layer block_34: mean=0.000002706
[21:05:17] Layer block_35: mean=0.000002580
[21:05:23] Layer block_36: mean=0.000002380
[21:05:28] Layer block_37: mean=0.000002026
[21:05:33] Layer block_38: mean=0.000001516
[21:05:38] Layer block_39: mean=0.000000787
[21:05:43] Layer head: mean=0.000377453
[21:05:43] ✅ renderedsst2 updated (N=25).
[21:05:43] 
🔍 Processing task: resisc45 (delta=25)
[21:05:43] [RESISC45] Collected 6300 images from /root/autodl-tmp/modelselection/datasets/datasets/resisc45/test.txt
[21:05:43] [RESISC45] Loaded 25 samples (skipped 0), tensor torch.Size([25, 3, 224, 224])
[21:05:52] Layer block_0: mean=0.000005650
[21:06:01] Layer block_1: mean=0.000004158
[21:06:10] Layer block_2: mean=0.000003966
[21:06:19] Layer block_3: mean=0.000003723
[21:06:27] Layer block_4: mean=0.000003623
[21:06:36] Layer block_5: mean=0.000003569
[21:06:44] Layer block_6: mean=0.000003507
[21:06:53] Layer block_7: mean=0.000003397
[21:07:01] Layer block_8: mean=0.000003252
[21:07:09] Layer block_9: mean=0.000003113
[21:07:17] Layer block_10: mean=0.000003025
[21:07:25] Layer block_11: mean=0.000002952
[21:07:33] Layer block_12: mean=0.000002833
[21:07:41] Layer block_13: mean=0.000002739
[21:07:48] Layer block_14: mean=0.000002604
[21:07:56] Layer block_15: mean=0.000002494
[21:08:03] Layer block_16: mean=0.000002411
[21:08:10] Layer block_17: mean=0.000002322
[21:08:18] Layer block_18: mean=0.000002236
[21:08:25] Layer block_19: mean=0.000002145
[21:08:32] Layer block_20: mean=0.000002046
[21:08:39] Layer block_21: mean=0.000001940
[21:08:45] Layer block_22: mean=0.000001873
[21:08:52] Layer block_23: mean=0.000001828
[21:08:59] Layer block_24: mean=0.000001860
[21:09:05] Layer block_25: mean=0.000001934
[21:09:11] Layer block_26: mean=0.000002194
[21:09:18] Layer block_27: mean=0.000002721
[21:09:24] Layer block_28: mean=0.000003220
[21:09:30] Layer block_29: mean=0.000003628
[21:09:36] Layer block_30: mean=0.000003963
[21:09:42] Layer block_31: mean=0.000004156
[21:09:48] Layer block_32: mean=0.000004214
[21:09:53] Layer block_33: mean=0.000004169
[21:09:59] Layer block_34: mean=0.000003998
[21:10:04] Layer block_35: mean=0.000003766
[21:10:10] Layer block_36: mean=0.000003429
[21:10:15] Layer block_37: mean=0.000002851
[21:10:20] Layer block_38: mean=0.000002026
[21:10:25] Layer block_39: mean=0.000000791
[21:10:30] Layer head: mean=0.000395635
[21:10:30] ✅ resisc45 updated (N=25).
[21:10:30] 
🔍 Processing task: stl10 (delta=25)
[21:10:30] [STL10] Loaded 25 samples, tensor torch.Size([25, 3, 224, 224])
[21:10:39] Layer block_0: mean=0.000005257
[21:10:48] Layer block_1: mean=0.000004149
[21:10:57] Layer block_2: mean=0.000004108
[21:11:06] Layer block_3: mean=0.000003890
[21:11:14] Layer block_4: mean=0.000003782
[21:11:23] Layer block_5: mean=0.000003723
[21:11:31] Layer block_6: mean=0.000003675
[21:11:40] Layer block_7: mean=0.000003561
[21:11:48] Layer block_8: mean=0.000003428
[21:11:56] Layer block_9: mean=0.000003297
[21:12:04] Layer block_10: mean=0.000003216
[21:12:12] Layer block_11: mean=0.000003157
[21:12:20] Layer block_12: mean=0.000003046
[21:12:28] Layer block_13: mean=0.000002968
[21:12:35] Layer block_14: mean=0.000002856
[21:12:43] Layer block_15: mean=0.000002780
[21:12:50] Layer block_16: mean=0.000002734
[21:12:58] Layer block_17: mean=0.000002674
[21:13:05] Layer block_18: mean=0.000002591
[21:13:12] Layer block_19: mean=0.000002512
[21:13:19] Layer block_20: mean=0.000002430
[21:13:26] Layer block_21: mean=0.000002337
[21:13:33] Layer block_22: mean=0.000002257
[21:13:39] Layer block_23: mean=0.000002166
[21:13:46] Layer block_24: mean=0.000002140
[21:13:53] Layer block_25: mean=0.000002151
[21:13:59] Layer block_26: mean=0.000002336
[21:14:05] Layer block_27: mean=0.000002741
[21:14:11] Layer block_28: mean=0.000003110
[21:14:18] Layer block_29: mean=0.000003415
[21:14:24] Layer block_30: mean=0.000003641
[21:14:29] Layer block_31: mean=0.000003767
[21:14:35] Layer block_32: mean=0.000003797
[21:14:41] Layer block_33: mean=0.000003752
[21:14:46] Layer block_34: mean=0.000003626
[21:14:52] Layer block_35: mean=0.000003439
[21:14:57] Layer block_36: mean=0.000003135
[21:15:03] Layer block_37: mean=0.000002640
[21:15:08] Layer block_38: mean=0.000001894
[21:15:13] Layer block_39: mean=0.000000796
[21:15:18] Layer head: mean=0.000390222
[21:15:18] ✅ stl10 updated (N=25).
[21:15:18] 
🔍 Processing task: sun397 (delta=25)
[21:15:18] [SUN397] Loaded 25 samples (skipped 0), tensor torch.Size([25, 3, 224, 224])
[21:15:28] Layer block_0: mean=0.000005714
[21:15:37] Layer block_1: mean=0.000003986
[21:15:45] Layer block_2: mean=0.000003785
[21:15:54] Layer block_3: mean=0.000003581
[21:16:03] Layer block_4: mean=0.000003521
[21:16:12] Layer block_5: mean=0.000003521
[21:16:20] Layer block_6: mean=0.000003484
[21:16:28] Layer block_7: mean=0.000003396
[21:16:37] Layer block_8: mean=0.000003277
[21:16:45] Layer block_9: mean=0.000003170
[21:16:53] Layer block_10: mean=0.000003116
[21:17:01] Layer block_11: mean=0.000003079
[21:17:09] Layer block_12: mean=0.000002996
[21:17:17] Layer block_13: mean=0.000002928
[21:17:24] Layer block_14: mean=0.000002816
[21:17:32] Layer block_15: mean=0.000002738
[21:17:39] Layer block_16: mean=0.000002669
[21:17:46] Layer block_17: mean=0.000002591
[21:17:54] Layer block_18: mean=0.000002506
[21:18:01] Layer block_19: mean=0.000002407
[21:18:08] Layer block_20: mean=0.000002304
[21:18:15] Layer block_21: mean=0.000002169
[21:18:22] Layer block_22: mean=0.000002041
[21:18:28] Layer block_23: mean=0.000001934
[21:18:35] Layer block_24: mean=0.000001899
[21:18:41] Layer block_25: mean=0.000001922
[21:18:48] Layer block_26: mean=0.000002113
[21:18:54] Layer block_27: mean=0.000002546
[21:19:00] Layer block_28: mean=0.000002968
[21:19:06] Layer block_29: mean=0.000003332
[21:19:12] Layer block_30: mean=0.000003639
[21:19:18] Layer block_31: mean=0.000003826
[21:19:24] Layer block_32: mean=0.000003900
[21:19:30] Layer block_33: mean=0.000003885
[21:19:35] Layer block_34: mean=0.000003780
[21:19:41] Layer block_35: mean=0.000003601
[21:19:46] Layer block_36: mean=0.000003290
[21:19:51] Layer block_37: mean=0.000002756
[21:19:57] Layer block_38: mean=0.000001972
[21:20:02] Layer block_39: mean=0.000000800
[21:20:07] Layer head: mean=0.000405059
[21:20:07] ✅ sun397 updated (N=25).
[21:20:07] 
🔍 Processing task: svhn (delta=25)
[21:20:07] [SVHN] Loaded 25 samples (skipped 0), tensor torch.Size([25, 3, 224, 224])
[21:20:16] Layer block_0: mean=0.000001121
[21:20:25] Layer block_1: mean=0.000000921
[21:20:34] Layer block_2: mean=0.000000911
[21:20:42] Layer block_3: mean=0.000000960
[21:20:51] Layer block_4: mean=0.000001034
[21:20:59] Layer block_5: mean=0.000001109
[21:21:08] Layer block_6: mean=0.000001140
[21:21:16] Layer block_7: mean=0.000001147
[21:21:25] Layer block_8: mean=0.000001124
[21:21:33] Layer block_9: mean=0.000001099
[21:21:41] Layer block_10: mean=0.000001086
[21:21:49] Layer block_11: mean=0.000001104
[21:21:57] Layer block_12: mean=0.000001085
[21:22:04] Layer block_13: mean=0.000001069
[21:22:12] Layer block_14: mean=0.000001029
[21:22:20] Layer block_15: mean=0.000001011
[21:22:27] Layer block_16: mean=0.000001000
[21:22:34] Layer block_17: mean=0.000000979
[21:22:41] Layer block_18: mean=0.000000957
[21:22:49] Layer block_19: mean=0.000000940
[21:22:56] Layer block_20: mean=0.000000915
[21:23:03] Layer block_21: mean=0.000000883
[21:23:09] Layer block_22: mean=0.000000861
[21:23:16] Layer block_23: mean=0.000000850
[21:23:23] Layer block_24: mean=0.000000875
[21:23:29] Layer block_25: mean=0.000000910
[21:23:35] Layer block_26: mean=0.000001055
[21:23:42] Layer block_27: mean=0.000001395
[21:23:48] Layer block_28: mean=0.000001692
[21:23:54] Layer block_29: mean=0.000001907
[21:24:00] Layer block_30: mean=0.000002084
[21:24:06] Layer block_31: mean=0.000002205
[21:24:12] Layer block_32: mean=0.000002300
[21:24:17] Layer block_33: mean=0.000002356
[21:24:23] Layer block_34: mean=0.000002357
[21:24:28] Layer block_35: mean=0.000002324
[21:24:34] Layer block_36: mean=0.000002193
[21:24:39] Layer block_37: mean=0.000001932
[21:24:44] Layer block_38: mean=0.000001491
[21:24:49] Layer block_39: mean=0.000000749
[21:24:54] Layer head: mean=0.000335442
[21:24:54] ✅ svhn updated (N=25).
[21:24:54] 
🔍 Processing task: voc_pose (delta=25)
[21:24:54] [VOC] Loaded 25 samples (skipped 0), tensor torch.Size([25, 3, 224, 224])
[21:25:03] Layer block_0: mean=0.000004600
[21:25:12] Layer block_1: mean=0.000003244
[21:25:21] Layer block_2: mean=0.000003128
[21:25:30] Layer block_3: mean=0.000002976
[21:25:39] Layer block_4: mean=0.000002944
[21:25:47] Layer block_5: mean=0.000002927
[21:25:56] Layer block_6: mean=0.000002894
[21:26:04] Layer block_7: mean=0.000002821
[21:26:12] Layer block_8: mean=0.000002723
[21:26:20] Layer block_9: mean=0.000002630
[21:26:28] Layer block_10: mean=0.000002592
[21:26:36] Layer block_11: mean=0.000002565
[21:26:44] Layer block_12: mean=0.000002504
[21:26:52] Layer block_13: mean=0.000002454
[21:27:00] Layer block_14: mean=0.000002376
[21:27:07] Layer block_15: mean=0.000002319
[21:27:15] Layer block_16: mean=0.000002272
[21:27:22] Layer block_17: mean=0.000002217
[21:27:29] Layer block_18: mean=0.000002162
[21:27:36] Layer block_19: mean=0.000002107
[21:27:43] Layer block_20: mean=0.000002036
[21:27:50] Layer block_21: mean=0.000001964
[21:27:57] Layer block_22: mean=0.000001900
[21:28:04] Layer block_23: mean=0.000001841
[21:28:10] Layer block_24: mean=0.000001851
[21:28:17] Layer block_25: mean=0.000001908
[21:28:23] Layer block_26: mean=0.000002118
[21:28:29] Layer block_27: mean=0.000002573
[21:28:36] Layer block_28: mean=0.000003005
[21:28:42] Layer block_29: mean=0.000003381
[21:28:48] Layer block_30: mean=0.000003710
[21:28:54] Layer block_31: mean=0.000003900
[21:28:59] Layer block_32: mean=0.000003963
[21:29:05] Layer block_33: mean=0.000003934
[21:29:11] Layer block_34: mean=0.000003797
[21:29:16] Layer block_35: mean=0.000003588
[21:29:21] Layer block_36: mean=0.000003261
[21:29:27] Layer block_37: mean=0.000002708
[21:29:32] Layer block_38: mean=0.000001949
[21:29:37] Layer block_39: mean=0.000000808
[21:29:42] Layer head: mean=0.000398762
[21:29:42] ✅ voc_pose updated (N=25).
[21:29:42] ✅ Results saved for milestone 25.
[21:29:42] === Reaching milestone N=50 ===
[21:29:42] 
🔍 Processing task: car (delta=25)
[21:29:43] [Cars] Loaded 25 samples, tensor torch.Size([25, 3, 224, 224])
[21:29:52] Layer block_0: mean=0.000006548
[21:30:01] Layer block_1: mean=0.000004932
[21:30:10] Layer block_2: mean=0.000005044
[21:30:18] Layer block_3: mean=0.000004895
[21:30:27] Layer block_4: mean=0.000004881
[21:30:36] Layer block_5: mean=0.000004899
[21:30:44] Layer block_6: mean=0.000004852
[21:30:52] Layer block_7: mean=0.000004717
[21:31:01] Layer block_8: mean=0.000004556
[21:31:09] Layer block_9: mean=0.000004394
[21:31:17] Layer block_10: mean=0.000004324
[21:31:25] Layer block_11: mean=0.000004287
[21:31:33] Layer block_12: mean=0.000004133
[21:31:41] Layer block_13: mean=0.000004022
[21:31:48] Layer block_14: mean=0.000003830
[21:31:56] Layer block_15: mean=0.000003646
[21:32:03] Layer block_16: mean=0.000003530
[21:32:11] Layer block_17: mean=0.000003400
[21:32:18] Layer block_18: mean=0.000003295
[21:32:26] Layer block_19: mean=0.000003137
[21:32:34] Layer block_20: mean=0.000002946
[21:32:41] Layer block_21: mean=0.000002687
[21:32:48] Layer block_22: mean=0.000002441
[21:32:56] Layer block_23: mean=0.000002205
[21:33:03] Layer block_24: mean=0.000002063
[21:33:09] Layer block_25: mean=0.000001984
[21:33:16] Layer block_26: mean=0.000002147
[21:33:22] Layer block_27: mean=0.000002573
[21:33:28] Layer block_28: mean=0.000002988
[21:33:34] Layer block_29: mean=0.000003350
[21:33:41] Layer block_30: mean=0.000003654
[21:33:47] Layer block_31: mean=0.000003864
[21:33:53] Layer block_32: mean=0.000003947
[21:33:59] Layer block_33: mean=0.000003937
[21:34:04] Layer block_34: mean=0.000003820
[21:34:10] Layer block_35: mean=0.000003650
[21:34:16] Layer block_36: mean=0.000003329
[21:34:21] Layer block_37: mean=0.000002806
[21:34:26] Layer block_38: mean=0.000002085
[21:34:31] Layer block_39: mean=0.000000884
[21:34:37] Layer head: mean=0.000432232
[21:34:37] ✅ car updated (N=50).
[21:34:37] 
🔍 Processing task: cifar (delta=25)
[21:34:37] [CIFAR] Loaded 25 samples, tensor torch.Size([25, 3, 224, 224])
[21:34:46] Layer block_0: mean=0.000002021
[21:34:56] Layer block_1: mean=0.000001589
[21:35:05] Layer block_2: mean=0.000001599
[21:35:13] Layer block_3: mean=0.000001651
[21:35:22] Layer block_4: mean=0.000001712
[21:35:31] Layer block_5: mean=0.000001748
[21:35:39] Layer block_6: mean=0.000001736
[21:35:48] Layer block_7: mean=0.000001720
[21:35:56] Layer block_8: mean=0.000001668
[21:36:04] Layer block_9: mean=0.000001620
[21:36:12] Layer block_10: mean=0.000001597
[21:36:20] Layer block_11: mean=0.000001603
[21:36:28] Layer block_12: mean=0.000001572
[21:36:36] Layer block_13: mean=0.000001547
[21:36:44] Layer block_14: mean=0.000001500
[21:36:52] Layer block_15: mean=0.000001481
[21:37:00] Layer block_16: mean=0.000001471
[21:37:07] Layer block_17: mean=0.000001450
[21:37:15] Layer block_18: mean=0.000001422
[21:37:22] Layer block_19: mean=0.000001402
[21:37:29] Layer block_20: mean=0.000001367
[21:37:36] Layer block_21: mean=0.000001329
[21:37:43] Layer block_22: mean=0.000001303
[21:37:50] Layer block_23: mean=0.000001280
[21:37:56] Layer block_24: mean=0.000001294
[21:38:03] Layer block_25: mean=0.000001353
[21:38:09] Layer block_26: mean=0.000001533
[21:38:16] Layer block_27: mean=0.000001910
[21:38:22] Layer block_28: mean=0.000002245
[21:38:28] Layer block_29: mean=0.000002508
[21:38:34] Layer block_30: mean=0.000002715
[21:38:40] Layer block_31: mean=0.000002858
[21:38:46] Layer block_32: mean=0.000002928
[21:38:52] Layer block_33: mean=0.000002945
[21:38:57] Layer block_34: mean=0.000002894
[21:39:03] Layer block_35: mean=0.000002787
[21:39:08] Layer block_36: mean=0.000002552
[21:39:14] Layer block_37: mean=0.000002197
[21:39:19] Layer block_38: mean=0.000001645
[21:39:24] Layer block_39: mean=0.000000766
[21:39:30] Layer head: mean=0.000372097
[21:39:30] ✅ cifar updated (N=50).
[21:39:30] 
🔍 Processing task: clevr (delta=25)
[21:39:30] [CLEVR] 15000 samples from /root/autodl-tmp/modelselection/datasets/datasets/clevr_count/test
[21:39:30] [CLEVR] Loaded 25 samples, tensor torch.Size([25, 3, 224, 224])
[21:39:39] Layer block_0: mean=0.000001632
[21:39:48] Layer block_1: mean=0.000001056
[21:39:57] Layer block_2: mean=0.000001070
[21:40:06] Layer block_3: mean=0.000001088
[21:40:14] Layer block_4: mean=0.000001097
[21:40:23] Layer block_5: mean=0.000001114
[21:40:32] Layer block_6: mean=0.000001133
[21:40:40] Layer block_7: mean=0.000001139
[21:40:48] Layer block_8: mean=0.000001121
[21:40:57] Layer block_9: mean=0.000001095
[21:41:05] Layer block_10: mean=0.000001093
[21:41:13] Layer block_11: mean=0.000001110
[21:41:21] Layer block_12: mean=0.000001111
[21:41:29] Layer block_13: mean=0.000001106
[21:41:37] Layer block_14: mean=0.000001090
[21:41:44] Layer block_15: mean=0.000001086
[21:41:52] Layer block_16: mean=0.000001086
[21:41:59] Layer block_17: mean=0.000001082
[21:42:06] Layer block_18: mean=0.000001079
[21:42:13] Layer block_19: mean=0.000001072
[21:42:20] Layer block_20: mean=0.000001059
[21:42:28] Layer block_21: mean=0.000001043
[21:42:34] Layer block_22: mean=0.000001038
[21:42:41] Layer block_23: mean=0.000001037
[21:42:48] Layer block_24: mean=0.000001070
[21:42:54] Layer block_25: mean=0.000001120
[21:43:01] Layer block_26: mean=0.000001237
[21:43:07] Layer block_27: mean=0.000001482
[21:43:13] Layer block_28: mean=0.000001714
[21:43:19] Layer block_29: mean=0.000001903
[21:43:26] Layer block_30: mean=0.000002074
[21:43:32] Layer block_31: mean=0.000002208
[21:43:37] Layer block_32: mean=0.000002269
[21:43:43] Layer block_33: mean=0.000002295
[21:43:49] Layer block_34: mean=0.000002267
[21:43:54] Layer block_35: mean=0.000002216
[21:44:00] Layer block_36: mean=0.000002103
[21:44:06] Layer block_37: mean=0.000001876
[21:44:11] Layer block_38: mean=0.000001490
[21:44:16] Layer block_39: mean=0.000000839
[21:44:21] Layer head: mean=0.000381749
[21:44:21] ✅ clevr updated (N=50).
[21:44:21] 
🔍 Processing task: country (delta=25)
[21:44:21] [Country211] Loaded 25 samples, tensor torch.Size([25, 3, 224, 224])
[21:44:31] Layer block_0: mean=0.000004150
[21:44:40] Layer block_1: mean=0.000002860
[21:44:49] Layer block_2: mean=0.000002713
[21:44:58] Layer block_3: mean=0.000002563
[21:45:07] Layer block_4: mean=0.000002522
[21:45:16] Layer block_5: mean=0.000002503
[21:45:25] Layer block_6: mean=0.000002475
[21:45:33] Layer block_7: mean=0.000002421
[21:45:42] Layer block_8: mean=0.000002342
[21:45:50] Layer block_9: mean=0.000002266
[21:45:58] Layer block_10: mean=0.000002231
[21:46:07] Layer block_11: mean=0.000002211
[21:46:14] Layer block_12: mean=0.000002165
[21:46:22] Layer block_13: mean=0.000002126
[21:46:30] Layer block_14: mean=0.000002061
[21:46:38] Layer block_15: mean=0.000002017
[21:46:46] Layer block_16: mean=0.000001981
[21:46:53] Layer block_17: mean=0.000001937
[21:47:01] Layer block_18: mean=0.000001893
[21:47:08] Layer block_19: mean=0.000001850
[21:47:15] Layer block_20: mean=0.000001794
[21:47:22] Layer block_21: mean=0.000001735
[21:47:29] Layer block_22: mean=0.000001689
[21:47:36] Layer block_23: mean=0.000001646
[21:47:42] Layer block_24: mean=0.000001656
[21:47:49] Layer block_25: mean=0.000001708
[21:47:56] Layer block_26: mean=0.000001892
[21:48:02] Layer block_27: mean=0.000002276
[21:48:08] Layer block_28: mean=0.000002647
[21:48:14] Layer block_29: mean=0.000002960
[21:48:20] Layer block_30: mean=0.000003222
[21:48:26] Layer block_31: mean=0.000003389
[21:48:32] Layer block_32: mean=0.000003449
[21:48:38] Layer block_33: mean=0.000003427
[21:48:44] Layer block_34: mean=0.000003335
[21:48:49] Layer block_35: mean=0.000003170
[21:48:55] Layer block_36: mean=0.000002906
[21:49:00] Layer block_37: mean=0.000002468
[21:49:05] Layer block_38: mean=0.000001800
[21:49:10] Layer block_39: mean=0.000000806
[21:49:15] Layer head: mean=0.000392971
[21:49:15] ✅ country updated (N=50).
[21:49:15] 
🔍 Processing task: dmlab (delta=25)
[21:49:16] [DMLab] Loaded 25 samples (skipped 0), tensor torch.Size([25, 3, 224, 224])
[21:49:25] Layer block_0: mean=0.000003767
[21:49:34] Layer block_1: mean=0.000002457
[21:49:43] Layer block_2: mean=0.000002331
[21:49:52] Layer block_3: mean=0.000002252
[21:50:00] Layer block_4: mean=0.000002277
[21:50:09] Layer block_5: mean=0.000002319
[21:50:18] Layer block_6: mean=0.000002330
[21:50:26] Layer block_7: mean=0.000002316
[21:50:35] Layer block_8: mean=0.000002241
[21:50:43] Layer block_9: mean=0.000002173
[21:50:51] Layer block_10: mean=0.000002144
[21:50:59] Layer block_11: mean=0.000002132
[21:51:07] Layer block_12: mean=0.000002087
[21:51:16] Layer block_13: mean=0.000002045
[21:51:23] Layer block_14: mean=0.000001974
[21:51:31] Layer block_15: mean=0.000001926
[21:51:39] Layer block_16: mean=0.000001885
[21:51:47] Layer block_17: mean=0.000001833
[21:51:55] Layer block_18: mean=0.000001779
[21:52:03] Layer block_19: mean=0.000001731
[21:52:10] Layer block_20: mean=0.000001670
[21:52:17] Layer block_21: mean=0.000001599
[21:52:25] Layer block_22: mean=0.000001556
[21:52:32] Layer block_23: mean=0.000001517
[21:52:38] Layer block_24: mean=0.000001538
[21:52:46] Layer block_25: mean=0.000001590
[21:52:52] Layer block_26: mean=0.000001763
[21:52:59] Layer block_27: mean=0.000002111
[21:53:05] Layer block_28: mean=0.000002432
[21:53:12] Layer block_29: mean=0.000002661
[21:53:18] Layer block_30: mean=0.000002851
[21:53:24] Layer block_31: mean=0.000002975
[21:53:30] Layer block_32: mean=0.000003035
[21:53:36] Layer block_33: mean=0.000003043
[21:53:42] Layer block_34: mean=0.000002993
[21:53:48] Layer block_35: mean=0.000002877
[21:53:54] Layer block_36: mean=0.000002669
[21:53:59] Layer block_37: mean=0.000002292
[21:54:04] Layer block_38: mean=0.000001724
[21:54:09] Layer block_39: mean=0.000000792
[21:54:14] Layer head: mean=0.000393321
[21:54:14] ✅ dmlab updated (N=50).
[21:54:14] 
🔍 Processing task: dr (delta=25)
[21:54:14] [DR] Loaded 42670 paths from /root/autodl-tmp/modelselection/datasets/datasets/diabetic_retinopathy/test.txt
[21:54:15] [DR] Loaded 25 samples (skipped 0), tensor torch.Size([25, 3, 224, 224])
[21:54:24] Layer block_0: mean=0.000002163
[21:54:33] Layer block_1: mean=0.000001563
[21:54:42] Layer block_2: mean=0.000001563
[21:54:51] Layer block_3: mean=0.000001524
[21:54:59] Layer block_4: mean=0.000001517
[21:55:08] Layer block_5: mean=0.000001540
[21:55:16] Layer block_6: mean=0.000001534
[21:55:25] Layer block_7: mean=0.000001505
[21:55:33] Layer block_8: mean=0.000001458
[21:55:41] Layer block_9: mean=0.000001404
[21:55:49] Layer block_10: mean=0.000001381
[21:55:57] Layer block_11: mean=0.000001371
[21:56:06] Layer block_12: mean=0.000001347
[21:56:15] Layer block_13: mean=0.000001325
[21:56:22] Layer block_14: mean=0.000001284
[21:56:30] Layer block_15: mean=0.000001251
[21:56:37] Layer block_16: mean=0.000001233
[21:56:45] Layer block_17: mean=0.000001200
[21:56:52] Layer block_18: mean=0.000001174
[21:56:59] Layer block_19: mean=0.000001145
[21:57:06] Layer block_20: mean=0.000001116
[21:57:13] Layer block_21: mean=0.000001089
[21:57:20] Layer block_22: mean=0.000001073
[21:57:27] Layer block_23: mean=0.000001059
[21:57:34] Layer block_24: mean=0.000001094
[21:57:40] Layer block_25: mean=0.000001158
[21:57:47] Layer block_26: mean=0.000001317
[21:57:53] Layer block_27: mean=0.000001605
[21:57:59] Layer block_28: mean=0.000001886
[21:58:05] Layer block_29: mean=0.000002131
[21:58:12] Layer block_30: mean=0.000002333
[21:58:18] Layer block_31: mean=0.000002473
[21:58:23] Layer block_32: mean=0.000002548
[21:58:29] Layer block_33: mean=0.000002570
[21:58:35] Layer block_34: mean=0.000002546
[21:58:40] Layer block_35: mean=0.000002497
[21:58:46] Layer block_36: mean=0.000002375
[21:58:51] Layer block_37: mean=0.000002119
[21:58:56] Layer block_38: mean=0.000001583
[21:59:01] Layer block_39: mean=0.000000809
[21:59:06] Layer head: mean=0.000389636
[21:59:06] ✅ dr updated (N=50).
[21:59:06] 
🔍 Processing task: dtd (delta=25)
[21:59:06] [DTD] Collected 5640 image paths from /root/autodl-tmp/modelselection/datasets/datasets/dtd/labels
[21:59:07] [DTD] Loaded 25 samples (skipped 0), tensor torch.Size([25, 3, 224, 224])
[21:59:16] Layer block_0: mean=0.000005068
[21:59:25] Layer block_1: mean=0.000003624
[21:59:34] Layer block_2: mean=0.000003385
[21:59:42] Layer block_3: mean=0.000003152
[21:59:51] Layer block_4: mean=0.000003055
[22:00:00] Layer block_5: mean=0.000003006
[22:00:08] Layer block_6: mean=0.000002932
[22:00:17] Layer block_7: mean=0.000002833
[22:00:25] Layer block_8: mean=0.000002695
[22:00:33] Layer block_9: mean=0.000002579
[22:00:41] Layer block_10: mean=0.000002502
[22:00:49] Layer block_11: mean=0.000002448
[22:00:57] Layer block_12: mean=0.000002351
[22:01:05] Layer block_13: mean=0.000002282
[22:01:13] Layer block_14: mean=0.000002170
[22:01:20] Layer block_15: mean=0.000002076
[22:01:28] Layer block_16: mean=0.000002011
[22:01:35] Layer block_17: mean=0.000001939
[22:01:43] Layer block_18: mean=0.000001873
[22:01:50] Layer block_19: mean=0.000001805
[22:01:57] Layer block_20: mean=0.000001728
[22:02:04] Layer block_21: mean=0.000001647
[22:02:11] Layer block_22: mean=0.000001584
[22:02:18] Layer block_23: mean=0.000001534
[22:02:25] Layer block_24: mean=0.000001556
[22:02:31] Layer block_25: mean=0.000001629
[22:02:38] Layer block_26: mean=0.000001876
[22:02:44] Layer block_27: mean=0.000002427
[22:02:50] Layer block_28: mean=0.000002895
[22:02:56] Layer block_29: mean=0.000003269
[22:03:02] Layer block_30: mean=0.000003556
[22:03:08] Layer block_31: mean=0.000003724
[22:03:14] Layer block_32: mean=0.000003774
[22:03:20] Layer block_33: mean=0.000003760
[22:03:25] Layer block_34: mean=0.000003657
[22:03:31] Layer block_35: mean=0.000003482
[22:03:36] Layer block_36: mean=0.000003188
[22:03:41] Layer block_37: mean=0.000002709
[22:03:47] Layer block_38: mean=0.000001920
[22:03:52] Layer block_39: mean=0.000000760
[22:03:57] Layer head: mean=0.000385615
[22:03:57] ✅ dtd updated (N=50).
[22:03:57] 
🔍 Processing task: eurosat (delta=25)
[22:03:57] [EuroSAT] Collected 27000 images from 10 classes under /root/autodl-tmp/modelselection/datasets/datasets/eurosat/2750
[22:03:57] [EuroSAT] Loaded 25 samples (skipped 0), tensor torch.Size([25, 3, 224, 224])
[22:04:06] Layer block_0: mean=0.000001805
[22:04:15] Layer block_1: mean=0.000001572
[22:04:24] Layer block_2: mean=0.000001714
[22:04:33] Layer block_3: mean=0.000001765
[22:04:41] Layer block_4: mean=0.000001806
[22:04:50] Layer block_5: mean=0.000001830
[22:04:58] Layer block_6: mean=0.000001842
[22:05:07] Layer block_7: mean=0.000001828
[22:05:15] Layer block_8: mean=0.000001777
[22:05:23] Layer block_9: mean=0.000001724
[22:05:31] Layer block_10: mean=0.000001699
[22:05:39] Layer block_11: mean=0.000001684
[22:05:47] Layer block_12: mean=0.000001633
[22:05:55] Layer block_13: mean=0.000001591
[22:06:02] Layer block_14: mean=0.000001528
[22:06:10] Layer block_15: mean=0.000001480
[22:06:17] Layer block_16: mean=0.000001453
[22:06:25] Layer block_17: mean=0.000001408
[22:06:32] Layer block_18: mean=0.000001355
[22:06:39] Layer block_19: mean=0.000001300
[22:06:46] Layer block_20: mean=0.000001240
[22:06:53] Layer block_21: mean=0.000001183
[22:07:00] Layer block_22: mean=0.000001155
[22:07:06] Layer block_23: mean=0.000001141
[22:07:13] Layer block_24: mean=0.000001181
[22:07:20] Layer block_25: mean=0.000001259
[22:07:26] Layer block_26: mean=0.000001467
[22:07:32] Layer block_27: mean=0.000001919
[22:07:39] Layer block_28: mean=0.000002323
[22:07:45] Layer block_29: mean=0.000002645
[22:07:51] Layer block_30: mean=0.000002894
[22:07:56] Layer block_31: mean=0.000003052
[22:08:02] Layer block_32: mean=0.000003126
[22:08:08] Layer block_33: mean=0.000003133
[22:08:13] Layer block_34: mean=0.000003068
[22:08:19] Layer block_35: mean=0.000002942
[22:08:24] Layer block_36: mean=0.000002705
[22:08:30] Layer block_37: mean=0.000002322
[22:08:35] Layer block_38: mean=0.000001714
[22:08:40] Layer block_39: mean=0.000000770
[22:08:45] Layer head: mean=0.000369919
[22:08:45] ✅ eurosat updated (N=50).
[22:08:45] 
🔍 Processing task: fer2013 (delta=25)
[22:08:45] [FER2013] Loaded 25 samples (skipped 0), tensor torch.Size([25, 3, 224, 224])
[22:08:54] Layer block_0: mean=0.000001935
[22:09:03] Layer block_1: mean=0.000001721
[22:09:12] Layer block_2: mean=0.000001839
[22:09:20] Layer block_3: mean=0.000001886
[22:09:29] Layer block_4: mean=0.000001931
[22:09:38] Layer block_5: mean=0.000001963
[22:09:46] Layer block_6: mean=0.000001964
[22:09:54] Layer block_7: mean=0.000001958
[22:10:03] Layer block_8: mean=0.000001916
[22:10:11] Layer block_9: mean=0.000001868
[22:10:19] Layer block_10: mean=0.000001862
[22:10:27] Layer block_11: mean=0.000001885
[22:10:34] Layer block_12: mean=0.000001859
[22:10:42] Layer block_13: mean=0.000001843
[22:10:50] Layer block_14: mean=0.000001799
[22:10:57] Layer block_15: mean=0.000001773
[22:11:05] Layer block_16: mean=0.000001763
[22:11:12] Layer block_17: mean=0.000001748
[22:11:19] Layer block_18: mean=0.000001728
[22:11:26] Layer block_19: mean=0.000001710
[22:11:33] Layer block_20: mean=0.000001663
[22:11:40] Layer block_21: mean=0.000001600
[22:11:47] Layer block_22: mean=0.000001543
[22:11:54] Layer block_23: mean=0.000001488
[22:12:00] Layer block_24: mean=0.000001467
[22:12:07] Layer block_25: mean=0.000001491
[22:12:13] Layer block_26: mean=0.000001673
[22:12:19] Layer block_27: mean=0.000002015
[22:12:26] Layer block_28: mean=0.000002367
[22:12:32] Layer block_29: mean=0.000002630
[22:12:38] Layer block_30: mean=0.000002875
[22:12:43] Layer block_31: mean=0.000003021
[22:12:49] Layer block_32: mean=0.000003110
[22:12:55] Layer block_33: mean=0.000003107
[22:13:00] Layer block_34: mean=0.000003054
[22:13:06] Layer block_35: mean=0.000002943
[22:13:11] Layer block_36: mean=0.000002713
[22:13:16] Layer block_37: mean=0.000002334
[22:13:22] Layer block_38: mean=0.000001757
[22:13:27] Layer block_39: mean=0.000000823
[22:13:32] Layer head: mean=0.000389752
[22:13:32] ✅ fer2013 updated (N=50).
[22:13:32] 
🔍 Processing task: gtsrb (delta=25)
[22:13:32] [GTSRB] Collected 12630 test images.
[22:13:32] [GTSRB] Loaded 25 samples (skipped 0), tensor torch.Size([25, 3, 224, 224])
[22:13:41] Layer block_0: mean=0.000002590
[22:13:50] Layer block_1: mean=0.000001970
[22:13:59] Layer block_2: mean=0.000001959
[22:14:08] Layer block_3: mean=0.000001981
[22:14:16] Layer block_4: mean=0.000002046
[22:14:25] Layer block_5: mean=0.000002090
[22:14:33] Layer block_6: mean=0.000002083
[22:14:42] Layer block_7: mean=0.000002061
[22:14:50] Layer block_8: mean=0.000002000
[22:14:58] Layer block_9: mean=0.000001940
[22:15:06] Layer block_10: mean=0.000001902
[22:15:14] Layer block_11: mean=0.000001883
[22:15:22] Layer block_12: mean=0.000001831
[22:15:30] Layer block_13: mean=0.000001794
[22:15:37] Layer block_14: mean=0.000001729
[22:15:45] Layer block_15: mean=0.000001681
[22:15:52] Layer block_16: mean=0.000001647
[22:15:59] Layer block_17: mean=0.000001596
[22:16:07] Layer block_18: mean=0.000001541
[22:16:14] Layer block_19: mean=0.000001494
[22:16:21] Layer block_20: mean=0.000001445
[22:16:28] Layer block_21: mean=0.000001398
[22:16:35] Layer block_22: mean=0.000001371
[22:16:41] Layer block_23: mean=0.000001350
[22:16:48] Layer block_24: mean=0.000001375
[22:16:54] Layer block_25: mean=0.000001421
[22:17:01] Layer block_26: mean=0.000001598
[22:17:07] Layer block_27: mean=0.000001987
[22:17:13] Layer block_28: mean=0.000002339
[22:17:19] Layer block_29: mean=0.000002599
[22:17:25] Layer block_30: mean=0.000002804
[22:17:31] Layer block_31: mean=0.000002942
[22:17:37] Layer block_32: mean=0.000002996
[22:17:42] Layer block_33: mean=0.000002986
[22:17:48] Layer block_34: mean=0.000002908
[22:17:53] Layer block_35: mean=0.000002800
[22:17:59] Layer block_36: mean=0.000002579
[22:18:04] Layer block_37: mean=0.000002207
[22:18:09] Layer block_38: mean=0.000001651
[22:18:14] Layer block_39: mean=0.000000788
[22:18:19] Layer head: mean=0.000370482
[22:18:19] ✅ gtsrb updated (N=50).
[22:18:19] 
🔍 Processing task: kitti (delta=25)
[22:18:19] [KITTI] Collected 711 images from /root/autodl-tmp/modelselection/datasets/datasets/kitti/test.txt
[22:18:19] [KITTI] Loaded 25 samples (skipped 0), tensor torch.Size([25, 3, 224, 224])
[22:18:28] Layer block_0: mean=0.000003804
[22:18:37] Layer block_1: mean=0.000002653
[22:18:46] Layer block_2: mean=0.000002510
[22:18:55] Layer block_3: mean=0.000002365
[22:19:04] Layer block_4: mean=0.000002323
[22:19:12] Layer block_5: mean=0.000002318
[22:19:21] Layer block_6: mean=0.000002300
[22:19:29] Layer block_7: mean=0.000002259
[22:19:37] Layer block_8: mean=0.000002188
[22:19:45] Layer block_9: mean=0.000002133
[22:19:53] Layer block_10: mean=0.000002102
[22:20:01] Layer block_11: mean=0.000002083
[22:20:09] Layer block_12: mean=0.000002041
[22:20:17] Layer block_13: mean=0.000002001
[22:20:24] Layer block_14: mean=0.000001950
[22:20:32] Layer block_15: mean=0.000001915
[22:20:39] Layer block_16: mean=0.000001886
[22:20:47] Layer block_17: mean=0.000001854
[22:20:54] Layer block_18: mean=0.000001824
[22:21:01] Layer block_19: mean=0.000001792
[22:21:08] Layer block_20: mean=0.000001743
[22:21:15] Layer block_21: mean=0.000001699
[22:21:22] Layer block_22: mean=0.000001671
[22:21:28] Layer block_23: mean=0.000001648
[22:21:35] Layer block_24: mean=0.000001675
[22:21:42] Layer block_25: mean=0.000001741
[22:21:48] Layer block_26: mean=0.000001936
[22:21:54] Layer block_27: mean=0.000002323
[22:22:00] Layer block_28: mean=0.000002711
[22:22:07] Layer block_29: mean=0.000003062
[22:22:12] Layer block_30: mean=0.000003344
[22:22:18] Layer block_31: mean=0.000003517
[22:22:24] Layer block_32: mean=0.000003576
[22:22:30] Layer block_33: mean=0.000003553
[22:22:35] Layer block_34: mean=0.000003412
[22:22:41] Layer block_35: mean=0.000003232
[22:22:46] Layer block_36: mean=0.000002940
[22:22:51] Layer block_37: mean=0.000002474
[22:22:57] Layer block_38: mean=0.000001809
[22:23:02] Layer block_39: mean=0.000000780
[22:23:07] Layer head: mean=0.000395809
[22:23:07] ✅ kitti updated (N=50).
[22:23:07] 
🔍 Processing task: mnist (delta=25)
[22:23:07] [MNIST] Loaded 25 samples, tensor torch.Size([25, 3, 224, 224])
[22:23:16] Layer block_0: mean=0.000001015
[22:23:25] Layer block_1: mean=0.000000769
[22:23:34] Layer block_2: mean=0.000000752
[22:23:42] Layer block_3: mean=0.000000761
[22:23:51] Layer block_4: mean=0.000000802
[22:23:59] Layer block_5: mean=0.000000863
[22:24:08] Layer block_6: mean=0.000000888
[22:24:16] Layer block_7: mean=0.000000872
[22:24:24] Layer block_8: mean=0.000000842
[22:24:33] Layer block_9: mean=0.000000814
[22:24:41] Layer block_10: mean=0.000000804
[22:24:49] Layer block_11: mean=0.000000801
[22:24:56] Layer block_12: mean=0.000000785
[22:25:04] Layer block_13: mean=0.000000768
[22:25:12] Layer block_14: mean=0.000000735
[22:25:19] Layer block_15: mean=0.000000719
[22:25:27] Layer block_16: mean=0.000000709
[22:25:34] Layer block_17: mean=0.000000698
[22:25:41] Layer block_18: mean=0.000000684
[22:25:48] Layer block_19: mean=0.000000671
[22:25:55] Layer block_20: mean=0.000000656
[22:26:02] Layer block_21: mean=0.000000640
[22:26:09] Layer block_22: mean=0.000000641
[22:26:16] Layer block_23: mean=0.000000647
[22:26:22] Layer block_24: mean=0.000000676
[22:26:29] Layer block_25: mean=0.000000737
[22:26:35] Layer block_26: mean=0.000000846
[22:26:42] Layer block_27: mean=0.000001045
[22:26:48] Layer block_28: mean=0.000001236
[22:26:54] Layer block_29: mean=0.000001393
[22:27:00] Layer block_30: mean=0.000001526
[22:27:06] Layer block_31: mean=0.000001634
[22:27:11] Layer block_32: mean=0.000001710
[22:27:17] Layer block_33: mean=0.000001740
[22:27:23] Layer block_34: mean=0.000001746
[22:27:28] Layer block_35: mean=0.000001724
[22:27:34] Layer block_36: mean=0.000001660
[22:27:39] Layer block_37: mean=0.000001507
[22:27:44] Layer block_38: mean=0.000001216
[22:27:49] Layer block_39: mean=0.000000752
[22:27:54] Layer head: mean=0.000362042
[22:27:54] ✅ mnist updated (N=50).
[22:27:54] 
🔍 Processing task: oxford_flowers (delta=25)
[22:27:54] [OxfordFlowers] Loaded 25 samples (skipped 0), tensor torch.Size([25, 3, 224, 224])
[22:28:03] Layer block_0: mean=0.000003194
[22:28:12] Layer block_1: mean=0.000002235
[22:28:21] Layer block_2: mean=0.000002243
[22:28:30] Layer block_3: mean=0.000002190
[22:28:38] Layer block_4: mean=0.000002150
[22:28:47] Layer block_5: mean=0.000002129
[22:28:55] Layer block_6: mean=0.000002111
[22:29:04] Layer block_7: mean=0.000002065
[22:29:12] Layer block_8: mean=0.000001996
[22:29:20] Layer block_9: mean=0.000001926
[22:29:28] Layer block_10: mean=0.000001893
[22:29:36] Layer block_11: mean=0.000001868
[22:29:44] Layer block_12: mean=0.000001820
[22:29:52] Layer block_13: mean=0.000001779
[22:29:59] Layer block_14: mean=0.000001717
[22:30:07] Layer block_15: mean=0.000001669
[22:30:14] Layer block_16: mean=0.000001644
[22:30:22] Layer block_17: mean=0.000001606
[22:30:29] Layer block_18: mean=0.000001571
[22:30:36] Layer block_19: mean=0.000001532
[22:30:43] Layer block_20: mean=0.000001488
[22:30:50] Layer block_21: mean=0.000001431
[22:30:57] Layer block_22: mean=0.000001397
[22:31:03] Layer block_23: mean=0.000001376
[22:31:10] Layer block_24: mean=0.000001408
[22:31:17] Layer block_25: mean=0.000001471
[22:31:23] Layer block_26: mean=0.000001685
[22:31:29] Layer block_27: mean=0.000002105
[22:31:35] Layer block_28: mean=0.000002506
[22:31:42] Layer block_29: mean=0.000002845
[22:31:48] Layer block_30: mean=0.000003134
[22:31:53] Layer block_31: mean=0.000003318
[22:31:59] Layer block_32: mean=0.000003412
[22:32:05] Layer block_33: mean=0.000003419
[22:32:11] Layer block_34: mean=0.000003360
[22:32:16] Layer block_35: mean=0.000003208
[22:32:21] Layer block_36: mean=0.000002905
[22:32:27] Layer block_37: mean=0.000002447
[22:32:32] Layer block_38: mean=0.000001743
[22:32:37] Layer block_39: mean=0.000000777
[22:32:42] Layer head: mean=0.000392875
[22:32:42] ✅ oxford_flowers updated (N=50).
[22:32:42] 
🔍 Processing task: oxford_pet (delta=25)
[22:32:42] [OxfordPet] Loaded 25 samples (skipped 0), tensor torch.Size([25, 3, 224, 224])
[22:32:51] Layer block_0: mean=0.000003255
[22:33:00] Layer block_1: mean=0.000002369
[22:33:09] Layer block_2: mean=0.000002284
[22:33:18] Layer block_3: mean=0.000002189
[22:33:26] Layer block_4: mean=0.000002165
[22:33:35] Layer block_5: mean=0.000002164
[22:33:43] Layer block_6: mean=0.000002152
[22:33:52] Layer block_7: mean=0.000002107
[22:34:00] Layer block_8: mean=0.000002036
[22:34:08] Layer block_9: mean=0.000001967
[22:34:16] Layer block_10: mean=0.000001936
[22:34:24] Layer block_11: mean=0.000001919
[22:34:32] Layer block_12: mean=0.000001874
[22:34:40] Layer block_13: mean=0.000001841
[22:34:47] Layer block_14: mean=0.000001783
[22:34:55] Layer block_15: mean=0.000001739
[22:35:02] Layer block_16: mean=0.000001710
[22:35:09] Layer block_17: mean=0.000001678
[22:35:17] Layer block_18: mean=0.000001642
[22:35:24] Layer block_19: mean=0.000001603
[22:35:31] Layer block_20: mean=0.000001553
[22:35:38] Layer block_21: mean=0.000001494
[22:35:45] Layer block_22: mean=0.000001453
[22:35:51] Layer block_23: mean=0.000001419
[22:35:58] Layer block_24: mean=0.000001442
[22:36:04] Layer block_25: mean=0.000001501
[22:36:11] Layer block_26: mean=0.000001709
[22:36:17] Layer block_27: mean=0.000002112
[22:36:23] Layer block_28: mean=0.000002508
[22:36:29] Layer block_29: mean=0.000002859
[22:36:35] Layer block_30: mean=0.000003164
[22:36:41] Layer block_31: mean=0.000003345
[22:36:47] Layer block_32: mean=0.000003438
[22:36:53] Layer block_33: mean=0.000003454
[22:36:58] Layer block_34: mean=0.000003372
[22:37:04] Layer block_35: mean=0.000003220
[22:37:09] Layer block_36: mean=0.000002954
[22:37:14] Layer block_37: mean=0.000002499
[22:37:20] Layer block_38: mean=0.000001811
[22:37:25] Layer block_39: mean=0.000000845
[22:37:30] Layer head: mean=0.000401070
[22:37:30] ✅ oxford_pet updated (N=50).
[22:37:30] 
🔍 Processing task: patch_camelyon (delta=25)
[22:37:30] [PatchCamelyon] Collected 32768 image paths from /root/autodl-tmp/modelselection/datasets/datasets/patch_camelyon/test.txt
[22:37:30] [PatchCamelyon] Loaded 25 samples (skipped 0), tensor torch.Size([25, 3, 224, 224])
[22:37:39] Layer block_0: mean=0.000004076
[22:37:48] Layer block_1: mean=0.000003218
[22:37:57] Layer block_2: mean=0.000002976
[22:38:05] Layer block_3: mean=0.000002722
[22:38:14] Layer block_4: mean=0.000002629
[22:38:22] Layer block_5: mean=0.000002567
[22:38:31] Layer block_6: mean=0.000002490
[22:38:39] Layer block_7: mean=0.000002390
[22:38:47] Layer block_8: mean=0.000002255
[22:38:55] Layer block_9: mean=0.000002134
[22:39:03] Layer block_10: mean=0.000002052
[22:39:11] Layer block_11: mean=0.000001997
[22:39:19] Layer block_12: mean=0.000001919
[22:39:27] Layer block_13: mean=0.000001860
[22:39:35] Layer block_14: mean=0.000001781
[22:39:42] Layer block_15: mean=0.000001698
[22:39:50] Layer block_16: mean=0.000001642
[22:39:57] Layer block_17: mean=0.000001570
[22:40:04] Layer block_18: mean=0.000001507
[22:40:11] Layer block_19: mean=0.000001438
[22:40:18] Layer block_20: mean=0.000001387
[22:40:25] Layer block_21: mean=0.000001342
[22:40:32] Layer block_22: mean=0.000001332
[22:40:39] Layer block_23: mean=0.000001338
[22:40:45] Layer block_24: mean=0.000001420
[22:40:52] Layer block_25: mean=0.000001517
[22:40:58] Layer block_26: mean=0.000001775
[22:41:04] Layer block_27: mean=0.000002283
[22:41:10] Layer block_28: mean=0.000002713
[22:41:16] Layer block_29: mean=0.000003078
[22:41:22] Layer block_30: mean=0.000003356
[22:41:28] Layer block_31: mean=0.000003555
[22:41:34] Layer block_32: mean=0.000003611
[22:41:40] Layer block_33: mean=0.000003616
[22:41:45] Layer block_34: mean=0.000003531
[22:41:51] Layer block_35: mean=0.000003373
[22:41:56] Layer block_36: mean=0.000003112
[22:42:01] Layer block_37: mean=0.000002667
[22:42:06] Layer block_38: mean=0.000001904
[22:42:11] Layer block_39: mean=0.000000775
[22:42:16] Layer head: mean=0.000412875
[22:42:16] ✅ patch_camelyon updated (N=50).
[22:42:16] 
🔍 Processing task: renderedsst2 (delta=25)
[22:42:17] [RenderedSST2] Loaded 25 samples (skipped 0), tensor torch.Size([25, 3, 224, 224])
[22:42:26] Layer block_0: mean=0.000005163
[22:42:35] Layer block_1: mean=0.000003398
[22:42:43] Layer block_2: mean=0.000003181
[22:42:52] Layer block_3: mean=0.000003010
[22:43:01] Layer block_4: mean=0.000002852
[22:43:09] Layer block_5: mean=0.000002697
[22:43:18] Layer block_6: mean=0.000002524
[22:43:26] Layer block_7: mean=0.000002379
[22:43:34] Layer block_8: mean=0.000002200
[22:43:42] Layer block_9: mean=0.000002077
[22:43:50] Layer block_10: mean=0.000001992
[22:43:58] Layer block_11: mean=0.000001949
[22:44:06] Layer block_12: mean=0.000001896
[22:44:14] Layer block_13: mean=0.000001838
[22:44:22] Layer block_14: mean=0.000001765
[22:44:29] Layer block_15: mean=0.000001729
[22:44:36] Layer block_16: mean=0.000001688
[22:44:44] Layer block_17: mean=0.000001617
[22:44:51] Layer block_18: mean=0.000001578
[22:44:58] Layer block_19: mean=0.000001539
[22:45:05] Layer block_20: mean=0.000001497
[22:45:12] Layer block_21: mean=0.000001469
[22:45:19] Layer block_22: mean=0.000001445
[22:45:25] Layer block_23: mean=0.000001427
[22:45:32] Layer block_24: mean=0.000001424
[22:45:38] Layer block_25: mean=0.000001457
[22:45:45] Layer block_26: mean=0.000001544
[22:45:51] Layer block_27: mean=0.000001741
[22:45:57] Layer block_28: mean=0.000001962
[22:46:03] Layer block_29: mean=0.000002208
[22:46:09] Layer block_30: mean=0.000002444
[22:46:15] Layer block_31: mean=0.000002654
[22:46:21] Layer block_32: mean=0.000002776
[22:46:27] Layer block_33: mean=0.000002808
[22:46:32] Layer block_34: mean=0.000002779
[22:46:38] Layer block_35: mean=0.000002646
[22:46:43] Layer block_36: mean=0.000002439
[22:46:48] Layer block_37: mean=0.000002073
[22:46:53] Layer block_38: mean=0.000001550
[22:46:58] Layer block_39: mean=0.000000786
[22:47:03] Layer head: mean=0.000379686
[22:47:03] ✅ renderedsst2 updated (N=50).
[22:47:03] 
🔍 Processing task: resisc45 (delta=25)
[22:47:03] [RESISC45] Collected 6300 images from /root/autodl-tmp/modelselection/datasets/datasets/resisc45/test.txt
[22:47:03] [RESISC45] Loaded 25 samples (skipped 0), tensor torch.Size([25, 3, 224, 224])
[22:47:12] Layer block_0: mean=0.000004106
[22:47:21] Layer block_1: mean=0.000003223
[22:47:30] Layer block_2: mean=0.000003188
[22:47:39] Layer block_3: mean=0.000003061
[22:47:48] Layer block_4: mean=0.000003007
[22:47:56] Layer block_5: mean=0.000002985
[22:48:05] Layer block_6: mean=0.000002950
[22:48:13] Layer block_7: mean=0.000002870
[22:48:21] Layer block_8: mean=0.000002751
[22:48:29] Layer block_9: mean=0.000002645
[22:48:37] Layer block_10: mean=0.000002585
[22:48:45] Layer block_11: mean=0.000002535
[22:48:53] Layer block_12: mean=0.000002436
[22:49:01] Layer block_13: mean=0.000002370
[22:49:08] Layer block_14: mean=0.000002274
[22:49:16] Layer block_15: mean=0.000002199
[22:49:23] Layer block_16: mean=0.000002145
[22:49:31] Layer block_17: mean=0.000002082
[22:49:38] Layer block_18: mean=0.000002017
[22:49:45] Layer block_19: mean=0.000001937
[22:49:52] Layer block_20: mean=0.000001855
[22:49:59] Layer block_21: mean=0.000001755
[22:50:06] Layer block_22: mean=0.000001688
[22:50:13] Layer block_23: mean=0.000001642
[22:50:19] Layer block_24: mean=0.000001681
[22:50:26] Layer block_25: mean=0.000001777
[22:50:32] Layer block_26: mean=0.000002047
[22:50:38] Layer block_27: mean=0.000002581
[22:50:44] Layer block_28: mean=0.000003069
[22:50:50] Layer block_29: mean=0.000003462
[22:50:56] Layer block_30: mean=0.000003783
[22:51:02] Layer block_31: mean=0.000003983
[22:51:08] Layer block_32: mean=0.000004051
[22:51:14] Layer block_33: mean=0.000004046
[22:51:19] Layer block_34: mean=0.000003907
[22:51:25] Layer block_35: mean=0.000003703
[22:51:30] Layer block_36: mean=0.000003377
[22:51:35] Layer block_37: mean=0.000002825
[22:51:40] Layer block_38: mean=0.000002017
[22:51:45] Layer block_39: mean=0.000000809
[22:51:50] Layer head: mean=0.000403182
[22:51:50] ✅ resisc45 updated (N=50).
[22:51:50] 
🔍 Processing task: stl10 (delta=25)
[22:51:51] [STL10] Loaded 25 samples, tensor torch.Size([25, 3, 224, 224])
[22:52:00] Layer block_0: mean=0.000003979
[22:52:09] Layer block_1: mean=0.000003148
[22:52:17] Layer block_2: mean=0.000003212
[22:52:26] Layer block_3: mean=0.000003096
[22:52:35] Layer block_4: mean=0.000003042
[22:52:43] Layer block_5: mean=0.000003037
[22:52:52] Layer block_6: mean=0.000003035
[22:53:00] Layer block_7: mean=0.000002986
[22:53:08] Layer block_8: mean=0.000002898
[22:53:16] Layer block_9: mean=0.000002801
[22:53:24] Layer block_10: mean=0.000002753
[22:53:32] Layer block_11: mean=0.000002720
[22:53:40] Layer block_12: mean=0.000002645
[22:53:48] Layer block_13: mean=0.000002588
[22:53:56] Layer block_14: mean=0.000002495
[22:54:03] Layer block_15: mean=0.000002441
[22:54:10] Layer block_16: mean=0.000002404
[22:54:18] Layer block_17: mean=0.000002357
[22:54:25] Layer block_18: mean=0.000002302
[22:54:32] Layer block_19: mean=0.000002245
[22:54:39] Layer block_20: mean=0.000002179
[22:54:46] Layer block_21: mean=0.000002108
[22:54:53] Layer block_22: mean=0.000002052
[22:54:59] Layer block_23: mean=0.000001997
[22:55:06] Layer block_24: mean=0.000001998
[22:55:13] Layer block_25: mean=0.000002047
[22:55:19] Layer block_26: mean=0.000002247
[22:55:25] Layer block_27: mean=0.000002672
[22:55:32] Layer block_28: mean=0.000003045
[22:55:38] Layer block_29: mean=0.000003338
[22:55:44] Layer block_30: mean=0.000003565
[22:55:49] Layer block_31: mean=0.000003702
[22:55:55] Layer block_32: mean=0.000003736
[22:56:01] Layer block_33: mean=0.000003688
[22:56:06] Layer block_34: mean=0.000003559
[22:56:12] Layer block_35: mean=0.000003363
[22:56:17] Layer block_36: mean=0.000003046
[22:56:23] Layer block_37: mean=0.000002567
[22:56:28] Layer block_38: mean=0.000001841
[22:56:33] Layer block_39: mean=0.000000784
[22:56:38] Layer head: mean=0.000391302
[22:56:38] ✅ stl10 updated (N=50).
[22:56:38] 
🔍 Processing task: sun397 (delta=25)
[22:56:38] [SUN397] Loaded 25 samples (skipped 0), tensor torch.Size([25, 3, 224, 224])
[22:56:47] Layer block_0: mean=0.000005285
[22:56:56] Layer block_1: mean=0.000003702
[22:57:05] Layer block_2: mean=0.000003550
[22:57:14] Layer block_3: mean=0.000003355
[22:57:22] Layer block_4: mean=0.000003277
[22:57:31] Layer block_5: mean=0.000003253
[22:57:39] Layer block_6: mean=0.000003213
[22:57:48] Layer block_7: mean=0.000003125
[22:57:56] Layer block_8: mean=0.000003009
[22:58:04] Layer block_9: mean=0.000002917
[22:58:12] Layer block_10: mean=0.000002877
[22:58:20] Layer block_11: mean=0.000002851
[22:58:28] Layer block_12: mean=0.000002773
[22:58:36] Layer block_13: mean=0.000002716
[22:58:43] Layer block_14: mean=0.000002623
[22:58:51] Layer block_15: mean=0.000002550
[22:58:58] Layer block_16: mean=0.000002493
[22:59:06] Layer block_17: mean=0.000002435
[22:59:13] Layer block_18: mean=0.000002367
[22:59:20] Layer block_19: mean=0.000002295
[22:59:27] Layer block_20: mean=0.000002200
[22:59:34] Layer block_21: mean=0.000002103
[22:59:41] Layer block_22: mean=0.000002024
[22:59:47] Layer block_23: mean=0.000001958
[22:59:54] Layer block_24: mean=0.000001969
[23:00:01] Layer block_25: mean=0.000002036
[23:00:07] Layer block_26: mean=0.000002284
[23:00:13] Layer block_27: mean=0.000002783
[23:00:19] Layer block_28: mean=0.000003270
[23:00:26] Layer block_29: mean=0.000003688
[23:00:32] Layer block_30: mean=0.000004034
[23:00:37] Layer block_31: mean=0.000004237
[23:00:43] Layer block_32: mean=0.000004290
[23:00:49] Layer block_33: mean=0.000004248
[23:00:54] Layer block_34: mean=0.000004087
[23:01:00] Layer block_35: mean=0.000003855
[23:01:05] Layer block_36: mean=0.000003513
[23:01:11] Layer block_37: mean=0.000002918
[23:01:16] Layer block_38: mean=0.000002082
[23:01:21] Layer block_39: mean=0.000000791
[23:01:26] Layer head: mean=0.000400564
[23:01:26] ✅ sun397 updated (N=50).
[23:01:26] 
🔍 Processing task: svhn (delta=25)
[23:01:26] [SVHN] Loaded 25 samples (skipped 0), tensor torch.Size([25, 3, 224, 224])
[23:01:35] Layer block_0: mean=0.000001111
[23:01:44] Layer block_1: mean=0.000000882
[23:01:53] Layer block_2: mean=0.000000872
[23:02:01] Layer block_3: mean=0.000000916
[23:02:10] Layer block_4: mean=0.000000982
[23:02:19] Layer block_5: mean=0.000001054
[23:02:27] Layer block_6: mean=0.000001083
[23:02:35] Layer block_7: mean=0.000001088
[23:02:44] Layer block_8: mean=0.000001069
[23:02:52] Layer block_9: mean=0.000001043
[23:03:00] Layer block_10: mean=0.000001032
[23:03:08] Layer block_11: mean=0.000001049
[23:03:16] Layer block_12: mean=0.000001031
[23:03:23] Layer block_13: mean=0.000001014
[23:03:31] Layer block_14: mean=0.000000977
[23:03:39] Layer block_15: mean=0.000000960
[23:03:46] Layer block_16: mean=0.000000947
[23:03:53] Layer block_17: mean=0.000000926
[23:04:00] Layer block_18: mean=0.000000903
[23:04:08] Layer block_19: mean=0.000000884
[23:04:15] Layer block_20: mean=0.000000863
[23:04:22] Layer block_21: mean=0.000000833
[23:04:28] Layer block_22: mean=0.000000819
[23:04:35] Layer block_23: mean=0.000000817
[23:04:42] Layer block_24: mean=0.000000846
[23:04:48] Layer block_25: mean=0.000000885
[23:04:55] Layer block_26: mean=0.000001032
[23:05:01] Layer block_27: mean=0.000001409
[23:05:07] Layer block_28: mean=0.000001731
[23:05:13] Layer block_29: mean=0.000001959
[23:05:19] Layer block_30: mean=0.000002147
[23:05:25] Layer block_31: mean=0.000002277
[23:05:31] Layer block_32: mean=0.000002375
[23:05:36] Layer block_33: mean=0.000002433
[23:05:42] Layer block_34: mean=0.000002436
[23:05:47] Layer block_35: mean=0.000002398
[23:05:53] Layer block_36: mean=0.000002258
[23:05:58] Layer block_37: mean=0.000001982
[23:06:03] Layer block_38: mean=0.000001521
[23:06:08] Layer block_39: mean=0.000000754
[23:06:13] Layer head: mean=0.000340161
[23:06:13] ✅ svhn updated (N=50).
[23:06:13] 
🔍 Processing task: voc_pose (delta=25)
[23:06:13] [VOC] Loaded 25 samples (skipped 0), tensor torch.Size([25, 3, 224, 224])
[23:06:22] Layer block_0: mean=0.000004571
[23:06:31] Layer block_1: mean=0.000003343
[23:06:40] Layer block_2: mean=0.000003282
[23:06:49] Layer block_3: mean=0.000003116
[23:06:58] Layer block_4: mean=0.000003081
[23:07:06] Layer block_5: mean=0.000003073
[23:07:15] Layer block_6: mean=0.000003043
[23:07:23] Layer block_7: mean=0.000002972
[23:07:31] Layer block_8: mean=0.000002864
[23:07:39] Layer block_9: mean=0.000002770
[23:07:47] Layer block_10: mean=0.000002729
[23:07:55] Layer block_11: mean=0.000002704
[23:08:03] Layer block_12: mean=0.000002635
[23:08:11] Layer block_13: mean=0.000002577
[23:08:18] Layer block_14: mean=0.000002486
[23:08:26] Layer block_15: mean=0.000002416
[23:08:33] Layer block_16: mean=0.000002363
[23:08:41] Layer block_17: mean=0.000002311
[23:08:48] Layer block_18: mean=0.000002258
[23:08:55] Layer block_19: mean=0.000002197
[23:09:02] Layer block_20: mean=0.000002117
[23:09:09] Layer block_21: mean=0.000002031
[23:09:16] Layer block_22: mean=0.000001962
[23:09:23] Layer block_23: mean=0.000001891
[23:09:29] Layer block_24: mean=0.000001873
[23:09:36] Layer block_25: mean=0.000001875
[23:09:42] Layer block_26: mean=0.000002061
[23:09:48] Layer block_27: mean=0.000002477
[23:09:54] Layer block_28: mean=0.000002889
[23:10:00] Layer block_29: mean=0.000003243
[23:10:06] Layer block_30: mean=0.000003550
[23:10:12] Layer block_31: mean=0.000003736
[23:10:18] Layer block_32: mean=0.000003802
[23:10:24] Layer block_33: mean=0.000003778
[23:10:29] Layer block_34: mean=0.000003672
[23:10:35] Layer block_35: mean=0.000003492
[23:10:40] Layer block_36: mean=0.000003191
[23:10:45] Layer block_37: mean=0.000002678
[23:10:50] Layer block_38: mean=0.000001930
[23:10:56] Layer block_39: mean=0.000000822
[23:11:01] Layer head: mean=0.000401871
[23:11:01] ✅ voc_pose updated (N=50).
[23:11:01] ✅ Results saved for milestone 50.
[23:11:01] === Reaching milestone N=75 ===
[23:11:01] 
🔍 Processing task: car (delta=25)
[23:11:01] [Cars] Loaded 25 samples, tensor torch.Size([25, 3, 224, 224])
[23:11:10] Layer block_0: mean=0.000004510
[23:11:19] Layer block_1: mean=0.000003159
[23:11:28] Layer block_2: mean=0.000003055
[23:11:37] Layer block_3: mean=0.000002946
[23:11:45] Layer block_4: mean=0.000002967
[23:11:54] Layer block_5: mean=0.000003016
[23:12:02] Layer block_6: mean=0.000003010
[23:12:11] Layer block_7: mean=0.000002969
[23:12:19] Layer block_8: mean=0.000002882
[23:12:27] Layer block_9: mean=0.000002815
[23:12:35] Layer block_10: mean=0.000002797
[23:12:43] Layer block_11: mean=0.000002793
[23:12:51] Layer block_12: mean=0.000002743
[23:12:59] Layer block_13: mean=0.000002693
[23:13:06] Layer block_14: mean=0.000002603
[23:13:14] Layer block_15: mean=0.000002529
[23:13:21] Layer block_16: mean=0.000002476
[23:13:29] Layer block_17: mean=0.000002412
[23:13:36] Layer block_18: mean=0.000002358
[23:13:43] Layer block_19: mean=0.000002276
[23:13:50] Layer block_20: mean=0.000002177
[23:13:57] Layer block_21: mean=0.000002071
[23:14:04] Layer block_22: mean=0.000001986
[23:14:11] Layer block_23: mean=0.000001910
[23:14:17] Layer block_24: mean=0.000001904
[23:14:24] Layer block_25: mean=0.000001954
[23:14:30] Layer block_26: mean=0.000002158
[23:14:36] Layer block_27: mean=0.000002615
[23:14:43] Layer block_28: mean=0.000003040
[23:14:49] Layer block_29: mean=0.000003397
[23:14:55] Layer block_30: mean=0.000003694
[23:15:01] Layer block_31: mean=0.000003898
[23:15:06] Layer block_32: mean=0.000003967
[23:15:12] Layer block_33: mean=0.000003952
[23:15:18] Layer block_34: mean=0.000003832
[23:15:23] Layer block_35: mean=0.000003657
[23:15:28] Layer block_36: mean=0.000003333
[23:15:34] Layer block_37: mean=0.000002787
[23:15:39] Layer block_38: mean=0.000002062
[23:15:44] Layer block_39: mean=0.000000890
[23:15:49] Layer head: mean=0.000439272
[23:15:49] ✅ car updated (N=75).
[23:15:49] 
🔍 Processing task: cifar (delta=25)
[23:15:49] [CIFAR] Loaded 25 samples, tensor torch.Size([25, 3, 224, 224])
[23:15:58] Layer block_0: mean=0.000001676
[23:16:07] Layer block_1: mean=0.000001418
[23:16:16] Layer block_2: mean=0.000001463
[23:16:24] Layer block_3: mean=0.000001552
[23:16:33] Layer block_4: mean=0.000001624
[23:16:42] Layer block_5: mean=0.000001657
[23:16:50] Layer block_6: mean=0.000001651
[23:16:59] Layer block_7: mean=0.000001636
[23:17:07] Layer block_8: mean=0.000001586
[23:17:15] Layer block_9: mean=0.000001540
[23:17:23] Layer block_10: mean=0.000001518
[23:17:31] Layer block_11: mean=0.000001530
[23:17:39] Layer block_12: mean=0.000001502
[23:17:47] Layer block_13: mean=0.000001481
[23:17:54] Layer block_14: mean=0.000001438
[23:18:02] Layer block_15: mean=0.000001419
[23:18:09] Layer block_16: mean=0.000001412
[23:18:16] Layer block_17: mean=0.000001389
[23:18:24] Layer block_18: mean=0.000001363
[23:18:31] Layer block_19: mean=0.000001346
[23:18:38] Layer block_20: mean=0.000001318
[23:18:45] Layer block_21: mean=0.000001281
[23:18:51] Layer block_22: mean=0.000001259
[23:18:58] Layer block_23: mean=0.000001241
[23:19:05] Layer block_24: mean=0.000001269
[23:19:11] Layer block_25: mean=0.000001332
[23:19:18] Layer block_26: mean=0.000001513
[23:19:24] Layer block_27: mean=0.000001875
[23:19:30] Layer block_28: mean=0.000002203
[23:19:36] Layer block_29: mean=0.000002463
[23:19:42] Layer block_30: mean=0.000002670
[23:19:48] Layer block_31: mean=0.000002806
[23:19:54] Layer block_32: mean=0.000002877
[23:19:59] Layer block_33: mean=0.000002888
[23:20:05] Layer block_34: mean=0.000002835
[23:20:11] Layer block_35: mean=0.000002727
[23:20:16] Layer block_36: mean=0.000002509
[23:20:21] Layer block_37: mean=0.000002162
[23:20:26] Layer block_38: mean=0.000001621
[23:20:31] Layer block_39: mean=0.000000767
[23:20:36] Layer head: mean=0.000376841
[23:20:36] ✅ cifar updated (N=75).
[23:20:36] 
🔍 Processing task: clevr (delta=25)
[23:20:36] [CLEVR] 15000 samples from /root/autodl-tmp/modelselection/datasets/datasets/clevr_count/test
[23:20:36] [CLEVR] Loaded 25 samples, tensor torch.Size([25, 3, 224, 224])
[23:20:46] Layer block_0: mean=0.000001637
[23:20:54] Layer block_1: mean=0.000001071
[23:21:03] Layer block_2: mean=0.000001096
[23:21:12] Layer block_3: mean=0.000001123
[23:21:21] Layer block_4: mean=0.000001140
[23:21:29] Layer block_5: mean=0.000001157
[23:21:38] Layer block_6: mean=0.000001185
[23:21:46] Layer block_7: mean=0.000001189
[23:21:54] Layer block_8: mean=0.000001165
[23:22:02] Layer block_9: mean=0.000001137
[23:22:11] Layer block_10: mean=0.000001132
[23:22:18] Layer block_11: mean=0.000001147
[23:22:26] Layer block_12: mean=0.000001146
[23:22:34] Layer block_13: mean=0.000001141
[23:22:42] Layer block_14: mean=0.000001123
[23:22:49] Layer block_15: mean=0.000001118
[23:22:57] Layer block_16: mean=0.000001116
[23:23:04] Layer block_17: mean=0.000001109
[23:23:11] Layer block_18: mean=0.000001103
[23:23:18] Layer block_19: mean=0.000001093
[23:23:25] Layer block_20: mean=0.000001077
[23:23:32] Layer block_21: mean=0.000001062
[23:23:39] Layer block_22: mean=0.000001054
[23:23:46] Layer block_23: mean=0.000001048
[23:23:52] Layer block_24: mean=0.000001079
[23:23:59] Layer block_25: mean=0.000001125
[23:24:05] Layer block_26: mean=0.000001240
[23:24:11] Layer block_27: mean=0.000001490
[23:24:18] Layer block_28: mean=0.000001725
[23:24:24] Layer block_29: mean=0.000001913
[23:24:30] Layer block_30: mean=0.000002087
[23:24:36] Layer block_31: mean=0.000002220
[23:24:41] Layer block_32: mean=0.000002284
[23:24:47] Layer block_33: mean=0.000002310
[23:24:53] Layer block_34: mean=0.000002282
[23:24:58] Layer block_35: mean=0.000002228
[23:25:04] Layer block_36: mean=0.000002115
[23:25:09] Layer block_37: mean=0.000001888
[23:25:14] Layer block_38: mean=0.000001504
[23:25:19] Layer block_39: mean=0.000000848
[23:25:24] Layer head: mean=0.000381608
[23:25:24] ✅ clevr updated (N=75).
[23:25:24] 
🔍 Processing task: country (delta=25)
[23:25:24] [Country211] Loaded 25 samples, tensor torch.Size([25, 3, 224, 224])
[23:25:33] Layer block_0: mean=0.000004417
[23:25:42] Layer block_1: mean=0.000003130
[23:25:51] Layer block_2: mean=0.000003036
[23:26:00] Layer block_3: mean=0.000002859
[23:26:08] Layer block_4: mean=0.000002780
[23:26:17] Layer block_5: mean=0.000002742
[23:26:25] Layer block_6: mean=0.000002710
[23:26:34] Layer block_7: mean=0.000002639
[23:26:42] Layer block_8: mean=0.000002543
[23:26:50] Layer block_9: mean=0.000002457
[23:26:58] Layer block_10: mean=0.000002419
[23:27:06] Layer block_11: mean=0.000002397
[23:27:14] Layer block_12: mean=0.000002340
[23:27:22] Layer block_13: mean=0.000002292
[23:27:29] Layer block_14: mean=0.000002218
[23:27:37] Layer block_15: mean=0.000002168
[23:27:44] Layer block_16: mean=0.000002127
[23:27:52] Layer block_17: mean=0.000002072
[23:27:59] Layer block_18: mean=0.000002025
[23:28:06] Layer block_19: mean=0.000001968
[23:28:13] Layer block_20: mean=0.000001895
[23:28:20] Layer block_21: mean=0.000001814
[23:28:27] Layer block_22: mean=0.000001749
[23:28:33] Layer block_23: mean=0.000001693
[23:28:40] Layer block_24: mean=0.000001698
[23:28:47] Layer block_25: mean=0.000001763
[23:28:53] Layer block_26: mean=0.000001969
[23:28:59] Layer block_27: mean=0.000002393
[23:29:06] Layer block_28: mean=0.000002795
[23:29:12] Layer block_29: mean=0.000003134
[23:29:18] Layer block_30: mean=0.000003418
[23:29:24] Layer block_31: mean=0.000003591
[23:29:29] Layer block_32: mean=0.000003645
[23:29:35] Layer block_33: mean=0.000003613
[23:29:41] Layer block_34: mean=0.000003486
[23:29:46] Layer block_35: mean=0.000003301
[23:29:51] Layer block_36: mean=0.000003009
[23:29:57] Layer block_37: mean=0.000002526
[23:30:02] Layer block_38: mean=0.000001838
[23:30:07] Layer block_39: mean=0.000000805
[23:30:12] Layer head: mean=0.000385700
[23:30:12] ✅ country updated (N=75).
[23:30:12] 
🔍 Processing task: dmlab (delta=25)
[23:30:12] [DMLab] Loaded 25 samples (skipped 0), tensor torch.Size([25, 3, 224, 224])
[23:30:21] Layer block_0: mean=0.000003879
[23:30:30] Layer block_1: mean=0.000002438
[23:30:39] Layer block_2: mean=0.000002291
[23:30:48] Layer block_3: mean=0.000002197
[23:30:56] Layer block_4: mean=0.000002232
[23:31:05] Layer block_5: mean=0.000002261
[23:31:13] Layer block_6: mean=0.000002264
[23:31:22] Layer block_7: mean=0.000002247
[23:31:30] Layer block_8: mean=0.000002173
[23:31:38] Layer block_9: mean=0.000002105
[23:31:46] Layer block_10: mean=0.000002071
[23:31:54] Layer block_11: mean=0.000002058
[23:32:02] Layer block_12: mean=0.000002015
[23:32:10] Layer block_13: mean=0.000001970
[23:32:17] Layer block_14: mean=0.000001901
[23:32:25] Layer block_15: mean=0.000001848
[23:32:32] Layer block_16: mean=0.000001809
[23:32:40] Layer block_17: mean=0.000001757
[23:32:47] Layer block_18: mean=0.000001707
[23:32:54] Layer block_19: mean=0.000001661
[23:33:01] Layer block_20: mean=0.000001600
[23:33:08] Layer block_21: mean=0.000001536
[23:33:15] Layer block_22: mean=0.000001493
[23:33:21] Layer block_23: mean=0.000001451
[23:33:28] Layer block_24: mean=0.000001473
[23:33:34] Layer block_25: mean=0.000001530
[23:33:41] Layer block_26: mean=0.000001703
[23:33:47] Layer block_27: mean=0.000002061
[23:33:53] Layer block_28: mean=0.000002383
[23:33:59] Layer block_29: mean=0.000002619
[23:34:05] Layer block_30: mean=0.000002815
[23:34:11] Layer block_31: mean=0.000002948
[23:34:17] Layer block_32: mean=0.000003011
[23:34:23] Layer block_33: mean=0.000003022
[23:34:28] Layer block_34: mean=0.000002971
[23:34:34] Layer block_35: mean=0.000002860
[23:34:39] Layer block_36: mean=0.000002659
[23:34:44] Layer block_37: mean=0.000002285
[23:34:50] Layer block_38: mean=0.000001720
[23:34:55] Layer block_39: mean=0.000000786
[23:35:00] Layer head: mean=0.000393535
[23:35:00] ✅ dmlab updated (N=75).
[23:35:00] 
🔍 Processing task: dr (delta=25)
[23:35:00] [DR] Loaded 42670 paths from /root/autodl-tmp/modelselection/datasets/datasets/diabetic_retinopathy/test.txt
[23:35:00] [DR] Loaded 25 samples (skipped 0), tensor torch.Size([25, 3, 224, 224])
[23:35:09] Layer block_0: mean=0.000002192
[23:35:18] Layer block_1: mean=0.000001674
[23:35:27] Layer block_2: mean=0.000001734
[23:35:36] Layer block_3: mean=0.000001716
[23:35:44] Layer block_4: mean=0.000001734
[23:35:53] Layer block_5: mean=0.000001790
[23:36:01] Layer block_6: mean=0.000001788
[23:36:09] Layer block_7: mean=0.000001755
[23:36:18] Layer block_8: mean=0.000001702
[23:36:26] Layer block_9: mean=0.000001643
[23:36:34] Layer block_10: mean=0.000001617
[23:36:42] Layer block_11: mean=0.000001605
[23:36:50] Layer block_12: mean=0.000001568
[23:36:57] Layer block_13: mean=0.000001537
[23:37:05] Layer block_14: mean=0.000001483
[23:37:13] Layer block_15: mean=0.000001427
[23:37:20] Layer block_16: mean=0.000001398
[23:37:27] Layer block_17: mean=0.000001350
[23:37:35] Layer block_18: mean=0.000001313
[23:37:42] Layer block_19: mean=0.000001271
[23:37:49] Layer block_20: mean=0.000001232
[23:37:56] Layer block_21: mean=0.000001192
[23:38:03] Layer block_22: mean=0.000001159
[23:38:09] Layer block_23: mean=0.000001129
[23:38:16] Layer block_24: mean=0.000001149
[23:38:22] Layer block_25: mean=0.000001197
[23:38:29] Layer block_26: mean=0.000001348
[23:38:35] Layer block_27: mean=0.000001643
[23:38:41] Layer block_28: mean=0.000001929
[23:38:47] Layer block_29: mean=0.000002176
[23:38:53] Layer block_30: mean=0.000002381
[23:38:59] Layer block_31: mean=0.000002514
[23:39:05] Layer block_32: mean=0.000002588
[23:39:11] Layer block_33: mean=0.000002604
[23:39:16] Layer block_34: mean=0.000002573
[23:39:22] Layer block_35: mean=0.000002515
[23:39:27] Layer block_36: mean=0.000002388
[23:39:32] Layer block_37: mean=0.000002125
[23:39:37] Layer block_38: mean=0.000001586
[23:39:42] Layer block_39: mean=0.000000807
[23:39:47] Layer head: mean=0.000390206
[23:39:47] ✅ dr updated (N=75).
[23:39:47] 
🔍 Processing task: dtd (delta=25)
[23:39:47] [DTD] Collected 5640 image paths from /root/autodl-tmp/modelselection/datasets/datasets/dtd/labels
[23:39:48] [DTD] Loaded 25 samples (skipped 0), tensor torch.Size([25, 3, 224, 224])
[23:39:57] Layer block_0: mean=0.000005757
[23:40:06] Layer block_1: mean=0.000004022
[23:40:14] Layer block_2: mean=0.000003646
[23:40:23] Layer block_3: mean=0.000003368
[23:40:32] Layer block_4: mean=0.000003241
[23:40:40] Layer block_5: mean=0.000003161
[23:40:49] Layer block_6: mean=0.000003076
[23:40:57] Layer block_7: mean=0.000002962
[23:41:05] Layer block_8: mean=0.000002813
[23:41:14] Layer block_9: mean=0.000002678
[23:41:22] Layer block_10: mean=0.000002595
[23:41:30] Layer block_11: mean=0.000002536
[23:41:38] Layer block_12: mean=0.000002448
[23:41:45] Layer block_13: mean=0.000002382
[23:41:53] Layer block_14: mean=0.000002282
[23:42:00] Layer block_15: mean=0.000002199
[23:42:08] Layer block_16: mean=0.000002133
[23:42:15] Layer block_17: mean=0.000002052
[23:42:22] Layer block_18: mean=0.000001976
[23:42:29] Layer block_19: mean=0.000001899
[23:42:36] Layer block_20: mean=0.000001822
[23:42:43] Layer block_21: mean=0.000001734
[23:42:50] Layer block_22: mean=0.000001676
[23:42:57] Layer block_23: mean=0.000001644
[23:43:03] Layer block_24: mean=0.000001685
[23:43:10] Layer block_25: mean=0.000001766
[23:43:16] Layer block_26: mean=0.000002017
[23:43:23] Layer block_27: mean=0.000002554
[23:43:29] Layer block_28: mean=0.000003019
[23:43:35] Layer block_29: mean=0.000003382
[23:43:41] Layer block_30: mean=0.000003673
[23:43:47] Layer block_31: mean=0.000003826
[23:43:52] Layer block_32: mean=0.000003881
[23:43:58] Layer block_33: mean=0.000003860
[23:44:04] Layer block_34: mean=0.000003743
[23:44:09] Layer block_35: mean=0.000003561
[23:44:15] Layer block_36: mean=0.000003258
[23:44:20] Layer block_37: mean=0.000002752
[23:44:25] Layer block_38: mean=0.000001939
[23:44:30] Layer block_39: mean=0.000000765
[23:44:35] Layer head: mean=0.000382931
[23:44:35] ✅ dtd updated (N=75).
[23:44:35] 
🔍 Processing task: eurosat (delta=25)
[23:44:35] [EuroSAT] Collected 27000 images from 10 classes under /root/autodl-tmp/modelselection/datasets/datasets/eurosat/2750
[23:44:35] [EuroSAT] Loaded 25 samples (skipped 0), tensor torch.Size([25, 3, 224, 224])
[23:44:44] Layer block_0: mean=0.000001909
[23:44:53] Layer block_1: mean=0.000001554
[23:45:02] Layer block_2: mean=0.000001649
[23:45:11] Layer block_3: mean=0.000001666
[23:45:19] Layer block_4: mean=0.000001687
[23:45:28] Layer block_5: mean=0.000001692
[23:45:37] Layer block_6: mean=0.000001696
[23:45:45] Layer block_7: mean=0.000001677
[23:45:53] Layer block_8: mean=0.000001621
[23:46:01] Layer block_9: mean=0.000001565
[23:46:09] Layer block_10: mean=0.000001538
[23:46:17] Layer block_11: mean=0.000001521
[23:46:25] Layer block_12: mean=0.000001481
[23:46:33] Layer block_13: mean=0.000001450
[23:46:40] Layer block_14: mean=0.000001398
[23:46:48] Layer block_15: mean=0.000001360
[23:46:55] Layer block_16: mean=0.000001345
[23:47:03] Layer block_17: mean=0.000001308
[23:47:10] Layer block_18: mean=0.000001272
[23:47:17] Layer block_19: mean=0.000001236
[23:47:24] Layer block_20: mean=0.000001197
[23:47:31] Layer block_21: mean=0.000001144
[23:47:38] Layer block_22: mean=0.000001116
[23:47:44] Layer block_23: mean=0.000001103
[23:47:51] Layer block_24: mean=0.000001145
[23:47:58] Layer block_25: mean=0.000001209
[23:48:04] Layer block_26: mean=0.000001411
[23:48:10] Layer block_27: mean=0.000001843
[23:48:16] Layer block_28: mean=0.000002228
[23:48:22] Layer block_29: mean=0.000002539
[23:48:28] Layer block_30: mean=0.000002784
[23:48:34] Layer block_31: mean=0.000002947
[23:48:40] Layer block_32: mean=0.000003027
[23:48:46] Layer block_33: mean=0.000003044
[23:48:51] Layer block_34: mean=0.000002984
[23:48:57] Layer block_35: mean=0.000002870
[23:49:02] Layer block_36: mean=0.000002657
[23:49:08] Layer block_37: mean=0.000002299
[23:49:13] Layer block_38: mean=0.000001703
[23:49:18] Layer block_39: mean=0.000000777
[23:49:23] Layer head: mean=0.000370577
[23:49:23] ✅ eurosat updated (N=75).
[23:49:23] 
🔍 Processing task: fer2013 (delta=25)
[23:49:23] [FER2013] Loaded 25 samples (skipped 0), tensor torch.Size([25, 3, 224, 224])
[23:49:32] Layer block_0: mean=0.000002201
[23:49:41] Layer block_1: mean=0.000001950
[23:49:50] Layer block_2: mean=0.000002042
[23:49:58] Layer block_3: mean=0.000002092
[23:50:07] Layer block_4: mean=0.000002152
[23:50:16] Layer block_5: mean=0.000002191
[23:50:24] Layer block_6: mean=0.000002186
[23:50:32] Layer block_7: mean=0.000002171
[23:50:41] Layer block_8: mean=0.000002122
[23:50:49] Layer block_9: mean=0.000002067
[23:50:57] Layer block_10: mean=0.000002056
[23:51:05] Layer block_11: mean=0.000002075
[23:51:13] Layer block_12: mean=0.000002041
[23:51:21] Layer block_13: mean=0.000002018
[23:51:28] Layer block_14: mean=0.000001962
[23:51:36] Layer block_15: mean=0.000001930
[23:51:43] Layer block_16: mean=0.000001922
[23:51:50] Layer block_17: mean=0.000001905
[23:51:58] Layer block_18: mean=0.000001883
[23:52:05] Layer block_19: mean=0.000001864
[23:52:12] Layer block_20: mean=0.000001811
[23:52:19] Layer block_21: mean=0.000001741
[23:52:25] Layer block_22: mean=0.000001674
[23:52:32] Layer block_23: mean=0.000001602
[23:52:39] Layer block_24: mean=0.000001569
[23:52:45] Layer block_25: mean=0.000001586
[23:52:52] Layer block_26: mean=0.000001767
[23:52:58] Layer block_27: mean=0.000002132
[23:53:04] Layer block_28: mean=0.000002496
[23:53:10] Layer block_29: mean=0.000002758
[23:53:16] Layer block_30: mean=0.000002998
[23:53:22] Layer block_31: mean=0.000003139
[23:53:28] Layer block_32: mean=0.000003225
[23:53:33] Layer block_33: mean=0.000003206
[23:53:39] Layer block_34: mean=0.000003142
[23:53:44] Layer block_35: mean=0.000003020
[23:53:50] Layer block_36: mean=0.000002761
[23:53:55] Layer block_37: mean=0.000002359
[23:54:00] Layer block_38: mean=0.000001759
[23:54:05] Layer block_39: mean=0.000000810
[23:54:10] Layer head: mean=0.000385864
[23:54:10] ✅ fer2013 updated (N=75).
[23:54:10] 
🔍 Processing task: gtsrb (delta=25)
[23:54:10] [GTSRB] Collected 12630 test images.
[23:54:10] [GTSRB] Loaded 25 samples (skipped 0), tensor torch.Size([25, 3, 224, 224])
[23:54:19] Layer block_0: mean=0.000002254
[23:54:28] Layer block_1: mean=0.000001719
[23:54:37] Layer block_2: mean=0.000001708
[23:54:46] Layer block_3: mean=0.000001755
[23:54:55] Layer block_4: mean=0.000001812
[23:55:03] Layer block_5: mean=0.000001842
[23:55:12] Layer block_6: mean=0.000001843
[23:55:20] Layer block_7: mean=0.000001826
[23:55:28] Layer block_8: mean=0.000001768
[23:55:36] Layer block_9: mean=0.000001715
[23:55:44] Layer block_10: mean=0.000001682
[23:55:52] Layer block_11: mean=0.000001665
[23:56:00] Layer block_12: mean=0.000001620
[23:56:08] Layer block_13: mean=0.000001588
[23:56:16] Layer block_14: mean=0.000001529
[23:56:23] Layer block_15: mean=0.000001492
[23:56:30] Layer block_16: mean=0.000001471
[23:56:38] Layer block_17: mean=0.000001436
[23:56:45] Layer block_18: mean=0.000001398
[23:56:52] Layer block_19: mean=0.000001368
[23:56:59] Layer block_20: mean=0.000001330
[23:57:06] Layer block_21: mean=0.000001285
[23:57:13] Layer block_22: mean=0.000001259
[23:57:19] Layer block_23: mean=0.000001240
[23:57:26] Layer block_24: mean=0.000001265
[23:57:33] Layer block_25: mean=0.000001327
[23:57:39] Layer block_26: mean=0.000001506
[23:57:45] Layer block_27: mean=0.000001871
[23:57:51] Layer block_28: mean=0.000002200
[23:57:57] Layer block_29: mean=0.000002460
[23:58:03] Layer block_30: mean=0.000002670
[23:58:09] Layer block_31: mean=0.000002819
[23:58:15] Layer block_32: mean=0.000002881
[23:58:21] Layer block_33: mean=0.000002882
[23:58:26] Layer block_34: mean=0.000002818
[23:58:32] Layer block_35: mean=0.000002718
[23:58:37] Layer block_36: mean=0.000002512
[23:58:42] Layer block_37: mean=0.000002168
[23:58:48] Layer block_38: mean=0.000001644
[23:58:53] Layer block_39: mean=0.000000797
[23:58:58] Layer head: mean=0.000369796
[23:58:58] ✅ gtsrb updated (N=75).
[23:58:58] 
🔍 Processing task: kitti (delta=25)
[23:58:58] [KITTI] Collected 711 images from /root/autodl-tmp/modelselection/datasets/datasets/kitti/test.txt
[23:58:58] [KITTI] Loaded 25 samples (skipped 0), tensor torch.Size([25, 3, 224, 224])
[23:59:07] Layer block_0: mean=0.000005985
[23:59:16] Layer block_1: mean=0.000004171
[23:59:25] Layer block_2: mean=0.000003887
[23:59:33] Layer block_3: mean=0.000003603
[23:59:42] Layer block_4: mean=0.000003500
[23:59:51] Layer block_5: mean=0.000003458
[23:59:59] Layer block_6: mean=0.000003425
[00:00:07] Layer block_7: mean=0.000003321
[00:00:16] Layer block_8: mean=0.000003189
[00:00:24] Layer block_9: mean=0.000003070
[00:00:32] Layer block_10: mean=0.000002998
[00:00:40] Layer block_11: mean=0.000002948
[00:00:48] Layer block_12: mean=0.000002857
[00:00:56] Layer block_13: mean=0.000002792
[00:01:03] Layer block_14: mean=0.000002675
[00:01:11] Layer block_15: mean=0.000002592
[00:01:18] Layer block_16: mean=0.000002521
[00:01:25] Layer block_17: mean=0.000002437
[00:01:33] Layer block_18: mean=0.000002366
[00:01:40] Layer block_19: mean=0.000002289
[00:01:47] Layer block_20: mean=0.000002180
[00:01:54] Layer block_21: mean=0.000002056
[00:02:00] Layer block_22: mean=0.000001956
[00:02:07] Layer block_23: mean=0.000001860
[00:02:14] Layer block_24: mean=0.000001813
[00:02:20] Layer block_25: mean=0.000001833
[00:02:27] Layer block_26: mean=0.000002029
[00:02:33] Layer block_27: mean=0.000002429
[00:02:39] Layer block_28: mean=0.000002818
[00:02:45] Layer block_29: mean=0.000003168
[00:02:51] Layer block_30: mean=0.000003440
[00:02:57] Layer block_31: mean=0.000003612
[00:03:03] Layer block_32: mean=0.000003667
[00:03:08] Layer block_33: mean=0.000003634
[00:03:14] Layer block_34: mean=0.000003479
[00:03:19] Layer block_35: mean=0.000003282
[00:03:25] Layer block_36: mean=0.000002983
[00:03:30] Layer block_37: mean=0.000002500
[00:03:35] Layer block_38: mean=0.000001825
[00:03:40] Layer block_39: mean=0.000000780
[00:03:45] Layer head: mean=0.000401572
[00:03:45] ✅ kitti updated (N=75).
[00:03:45] 
🔍 Processing task: mnist (delta=25)
[00:03:45] [MNIST] Loaded 25 samples, tensor torch.Size([25, 3, 224, 224])
[00:03:54] Layer block_0: mean=0.000001061
[00:04:03] Layer block_1: mean=0.000000821
[00:04:12] Layer block_2: mean=0.000000806
[00:04:21] Layer block_3: mean=0.000000813
[00:04:29] Layer block_4: mean=0.000000843
[00:04:38] Layer block_5: mean=0.000000894
[00:04:46] Layer block_6: mean=0.000000910
[00:04:55] Layer block_7: mean=0.000000896
[00:05:03] Layer block_8: mean=0.000000869
[00:05:11] Layer block_9: mean=0.000000843
[00:05:19] Layer block_10: mean=0.000000835
[00:05:27] Layer block_11: mean=0.000000830
[00:05:35] Layer block_12: mean=0.000000813
[00:05:43] Layer block_13: mean=0.000000796
[00:05:50] Layer block_14: mean=0.000000762
[00:05:58] Layer block_15: mean=0.000000746
[00:06:05] Layer block_16: mean=0.000000735
[00:06:13] Layer block_17: mean=0.000000722
[00:06:20] Layer block_18: mean=0.000000710
[00:06:27] Layer block_19: mean=0.000000698
[00:06:34] Layer block_20: mean=0.000000684
[00:06:41] Layer block_21: mean=0.000000669
[00:06:48] Layer block_22: mean=0.000000673
[00:06:54] Layer block_23: mean=0.000000679
[00:07:01] Layer block_24: mean=0.000000710
[00:07:07] Layer block_25: mean=0.000000772
[00:07:14] Layer block_26: mean=0.000000883
[00:07:20] Layer block_27: mean=0.000001087
[00:07:26] Layer block_28: mean=0.000001278
[00:07:32] Layer block_29: mean=0.000001435
[00:07:38] Layer block_30: mean=0.000001565
[00:07:44] Layer block_31: mean=0.000001673
[00:07:50] Layer block_32: mean=0.000001748
[00:07:56] Layer block_33: mean=0.000001774
[00:08:01] Layer block_34: mean=0.000001775
[00:08:07] Layer block_35: mean=0.000001750
[00:08:12] Layer block_36: mean=0.000001685
[00:08:17] Layer block_37: mean=0.000001525
[00:08:22] Layer block_38: mean=0.000001224
[00:08:27] Layer block_39: mean=0.000000752
[00:08:32] Layer head: mean=0.000362928
[00:08:32] ✅ mnist updated (N=75).
[00:08:32] 
🔍 Processing task: oxford_flowers (delta=25)
[00:08:32] [OxfordFlowers] Loaded 25 samples (skipped 0), tensor torch.Size([25, 3, 224, 224])
[00:08:42] Layer block_0: mean=0.000003619
[00:08:51] Layer block_1: mean=0.000002463
[00:08:59] Layer block_2: mean=0.000002415
[00:09:08] Layer block_3: mean=0.000002329
[00:09:17] Layer block_4: mean=0.000002286
[00:09:25] Layer block_5: mean=0.000002265
[00:09:34] Layer block_6: mean=0.000002249
[00:09:42] Layer block_7: mean=0.000002189
[00:09:50] Layer block_8: mean=0.000002110
[00:09:59] Layer block_9: mean=0.000002030
[00:10:07] Layer block_10: mean=0.000001991
[00:10:15] Layer block_11: mean=0.000001967
[00:10:22] Layer block_12: mean=0.000001907
[00:10:30] Layer block_13: mean=0.000001860
[00:10:38] Layer block_14: mean=0.000001790
[00:10:45] Layer block_15: mean=0.000001737
[00:10:53] Layer block_16: mean=0.000001703
[00:11:00] Layer block_17: mean=0.000001662
[00:11:07] Layer block_18: mean=0.000001620
[00:11:14] Layer block_19: mean=0.000001578
[00:11:21] Layer block_20: mean=0.000001528
[00:11:28] Layer block_21: mean=0.000001471
[00:11:35] Layer block_22: mean=0.000001432
[00:11:42] Layer block_23: mean=0.000001410
[00:11:48] Layer block_24: mean=0.000001447
[00:11:55] Layer block_25: mean=0.000001508
[00:12:01] Layer block_26: mean=0.000001724
[00:12:07] Layer block_27: mean=0.000002167
[00:12:14] Layer block_28: mean=0.000002589
[00:12:20] Layer block_29: mean=0.000002948
[00:12:26] Layer block_30: mean=0.000003256
[00:12:32] Layer block_31: mean=0.000003453
[00:12:37] Layer block_32: mean=0.000003559
[00:12:43] Layer block_33: mean=0.000003557
[00:12:49] Layer block_34: mean=0.000003495
[00:12:54] Layer block_35: mean=0.000003325
[00:12:59] Layer block_36: mean=0.000002995
[00:13:05] Layer block_37: mean=0.000002508
[00:13:10] Layer block_38: mean=0.000001779
[00:13:15] Layer block_39: mean=0.000000788
[00:13:20] Layer head: mean=0.000402639
[00:13:20] ✅ oxford_flowers updated (N=75).
[00:13:20] 
🔍 Processing task: oxford_pet (delta=25)
[00:13:20] [OxfordPet] Loaded 25 samples (skipped 0), tensor torch.Size([25, 3, 224, 224])
[00:13:29] Layer block_0: mean=0.000003195
[00:13:38] Layer block_1: mean=0.000002284
[00:13:47] Layer block_2: mean=0.000002218
[00:13:55] Layer block_3: mean=0.000002108
[00:14:04] Layer block_4: mean=0.000002078
[00:14:13] Layer block_5: mean=0.000002070
[00:14:21] Layer block_6: mean=0.000002053
[00:14:29] Layer block_7: mean=0.000002020
[00:14:38] Layer block_8: mean=0.000001954
[00:14:46] Layer block_9: mean=0.000001878
[00:14:54] Layer block_10: mean=0.000001844
[00:15:02] Layer block_11: mean=0.000001824
[00:15:10] Layer block_12: mean=0.000001778
[00:15:18] Layer block_13: mean=0.000001742
[00:15:25] Layer block_14: mean=0.000001686
[00:15:33] Layer block_15: mean=0.000001646
[00:15:40] Layer block_16: mean=0.000001624
[00:15:47] Layer block_17: mean=0.000001599
[00:15:55] Layer block_18: mean=0.000001570
[00:16:02] Layer block_19: mean=0.000001543
[00:16:09] Layer block_20: mean=0.000001496
[00:16:16] Layer block_21: mean=0.000001445
[00:16:23] Layer block_22: mean=0.000001407
[00:16:29] Layer block_23: mean=0.000001365
[00:16:36] Layer block_24: mean=0.000001382
[00:16:42] Layer block_25: mean=0.000001441
[00:16:49] Layer block_26: mean=0.000001631
[00:16:55] Layer block_27: mean=0.000002027
[00:17:01] Layer block_28: mean=0.000002408
[00:17:07] Layer block_29: mean=0.000002736
[00:17:13] Layer block_30: mean=0.000003021
[00:17:19] Layer block_31: mean=0.000003199
[00:17:25] Layer block_32: mean=0.000003285
[00:17:31] Layer block_33: mean=0.000003309
[00:17:36] Layer block_34: mean=0.000003231
[00:17:42] Layer block_35: mean=0.000003076
[00:17:47] Layer block_36: mean=0.000002819
[00:17:52] Layer block_37: mean=0.000002392
[00:17:57] Layer block_38: mean=0.000001751
[00:18:02] Layer block_39: mean=0.000000833
[00:18:07] Layer head: mean=0.000402541
[00:18:07] ✅ oxford_pet updated (N=75).
[00:18:07] 
🔍 Processing task: patch_camelyon (delta=25)
[00:18:07] [PatchCamelyon] Collected 32768 image paths from /root/autodl-tmp/modelselection/datasets/datasets/patch_camelyon/test.txt
[00:18:08] [PatchCamelyon] Loaded 25 samples (skipped 0), tensor torch.Size([25, 3, 224, 224])
[00:18:17] Layer block_0: mean=0.000005372
[00:18:26] Layer block_1: mean=0.000004361
[00:18:34] Layer block_2: mean=0.000004241
[00:18:43] Layer block_3: mean=0.000003944
[00:18:52] Layer block_4: mean=0.000003780
[00:19:00] Layer block_5: mean=0.000003698
[00:19:09] Layer block_6: mean=0.000003601
[00:19:17] Layer block_7: mean=0.000003454
[00:19:25] Layer block_8: mean=0.000003271
[00:19:33] Layer block_9: mean=0.000003097
[00:19:41] Layer block_10: mean=0.000002982
[00:19:49] Layer block_11: mean=0.000002899
[00:19:57] Layer block_12: mean=0.000002773
[00:20:05] Layer block_13: mean=0.000002670
[00:20:13] Layer block_14: mean=0.000002518
[00:20:20] Layer block_15: mean=0.000002373
[00:20:27] Layer block_16: mean=0.000002279
[00:20:35] Layer block_17: mean=0.000002163
[00:20:42] Layer block_18: mean=0.000002055
[00:20:49] Layer block_19: mean=0.000001933
[00:20:56] Layer block_20: mean=0.000001826
[00:21:03] Layer block_21: mean=0.000001712
[00:21:10] Layer block_22: mean=0.000001615
[00:21:16] Layer block_23: mean=0.000001557
[00:21:23] Layer block_24: mean=0.000001570
[00:21:29] Layer block_25: mean=0.000001596
[00:21:36] Layer block_26: mean=0.000001832
[00:21:42] Layer block_27: mean=0.000002353
[00:21:48] Layer block_28: mean=0.000002805
[00:21:54] Layer block_29: mean=0.000003182
[00:22:00] Layer block_30: mean=0.000003470
[00:22:06] Layer block_31: mean=0.000003679
[00:22:12] Layer block_32: mean=0.000003740
[00:22:18] Layer block_33: mean=0.000003745
[00:22:23] Layer block_34: mean=0.000003646
[00:22:29] Layer block_35: mean=0.000003476
[00:22:34] Layer block_36: mean=0.000003203
[00:22:39] Layer block_37: mean=0.000002741
[00:22:44] Layer block_38: mean=0.000001948
[00:22:49] Layer block_39: mean=0.000000783
[00:22:54] Layer head: mean=0.000411751
[00:22:54] ✅ patch_camelyon updated (N=75).
[00:22:54] 
🔍 Processing task: renderedsst2 (delta=25)
[00:22:54] [RenderedSST2] Loaded 25 samples (skipped 0), tensor torch.Size([25, 3, 224, 224])
[00:23:04] Layer block_0: mean=0.000005173
[00:23:13] Layer block_1: mean=0.000003406
[00:23:21] Layer block_2: mean=0.000003203
[00:23:30] Layer block_3: mean=0.000003057
[00:23:39] Layer block_4: mean=0.000002898
[00:23:47] Layer block_5: mean=0.000002735
[00:23:56] Layer block_6: mean=0.000002550
[00:24:04] Layer block_7: mean=0.000002389
[00:24:12] Layer block_8: mean=0.000002196
[00:24:20] Layer block_9: mean=0.000002063
[00:24:28] Layer block_10: mean=0.000001973
[00:24:36] Layer block_11: mean=0.000001926
[00:24:44] Layer block_12: mean=0.000001870
[00:24:52] Layer block_13: mean=0.000001809
[00:24:59] Layer block_14: mean=0.000001733
[00:25:07] Layer block_15: mean=0.000001697
[00:25:14] Layer block_16: mean=0.000001657
[00:25:22] Layer block_17: mean=0.000001586
[00:25:29] Layer block_18: mean=0.000001547
[00:25:36] Layer block_19: mean=0.000001507
[00:25:43] Layer block_20: mean=0.000001465
[00:25:50] Layer block_21: mean=0.000001440
[00:25:57] Layer block_22: mean=0.000001423
[00:26:03] Layer block_23: mean=0.000001410
[00:26:10] Layer block_24: mean=0.000001408
[00:26:17] Layer block_25: mean=0.000001442
[00:26:23] Layer block_26: mean=0.000001523
[00:26:29] Layer block_27: mean=0.000001720
[00:26:35] Layer block_28: mean=0.000001936
[00:26:41] Layer block_29: mean=0.000002176
[00:26:47] Layer block_30: mean=0.000002405
[00:26:53] Layer block_31: mean=0.000002605
[00:26:59] Layer block_32: mean=0.000002724
[00:27:05] Layer block_33: mean=0.000002763
[00:27:10] Layer block_34: mean=0.000002738
[00:27:16] Layer block_35: mean=0.000002615
[00:27:21] Layer block_36: mean=0.000002409
[00:27:26] Layer block_37: mean=0.000002053
[00:27:31] Layer block_38: mean=0.000001538
[00:27:36] Layer block_39: mean=0.000000793
[00:27:41] Layer head: mean=0.000383446
[00:27:41] ✅ renderedsst2 updated (N=75).
[00:27:41] 
🔍 Processing task: resisc45 (delta=25)
[00:27:41] [RESISC45] Collected 6300 images from /root/autodl-tmp/modelselection/datasets/datasets/resisc45/test.txt
[00:27:41] [RESISC45] Loaded 25 samples (skipped 0), tensor torch.Size([25, 3, 224, 224])
[00:27:51] Layer block_0: mean=0.000004077
[00:28:00] Layer block_1: mean=0.000003074
[00:28:08] Layer block_2: mean=0.000002957
[00:28:17] Layer block_3: mean=0.000002799
[00:28:26] Layer block_4: mean=0.000002716
[00:28:34] Layer block_5: mean=0.000002674
[00:28:43] Layer block_6: mean=0.000002626
[00:28:51] Layer block_7: mean=0.000002549
[00:28:59] Layer block_8: mean=0.000002432
[00:29:07] Layer block_9: mean=0.000002325
[00:29:15] Layer block_10: mean=0.000002266
[00:29:23] Layer block_11: mean=0.000002218
[00:29:31] Layer block_12: mean=0.000002145
[00:29:39] Layer block_13: mean=0.000002087
[00:29:47] Layer block_14: mean=0.000002002
[00:29:54] Layer block_15: mean=0.000001944
[00:30:01] Layer block_16: mean=0.000001901
[00:30:09] Layer block_17: mean=0.000001849
[00:30:16] Layer block_18: mean=0.000001798
[00:30:23] Layer block_19: mean=0.000001743
[00:30:30] Layer block_20: mean=0.000001688
[00:30:37] Layer block_21: mean=0.000001628
[00:30:44] Layer block_22: mean=0.000001607
[00:30:50] Layer block_23: mean=0.000001615
[00:30:57] Layer block_24: mean=0.000001690
[00:31:04] Layer block_25: mean=0.000001813
[00:31:10] Layer block_26: mean=0.000002090
[00:31:16] Layer block_27: mean=0.000002616
[00:31:22] Layer block_28: mean=0.000003097
[00:31:28] Layer block_29: mean=0.000003493
[00:31:34] Layer block_30: mean=0.000003808
[00:31:40] Layer block_31: mean=0.000004002
[00:31:46] Layer block_32: mean=0.000004064
[00:31:52] Layer block_33: mean=0.000004046
[00:31:57] Layer block_34: mean=0.000003897
[00:32:03] Layer block_35: mean=0.000003668
[00:32:08] Layer block_36: mean=0.000003328
[00:32:13] Layer block_37: mean=0.000002778
[00:32:18] Layer block_38: mean=0.000001998
[00:32:23] Layer block_39: mean=0.000000809
[00:32:28] Layer head: mean=0.000402695
[00:32:28] ✅ resisc45 updated (N=75).
[00:32:28] 
🔍 Processing task: stl10 (delta=25)
[00:32:28] [STL10] Loaded 25 samples, tensor torch.Size([25, 3, 224, 224])
[00:32:37] Layer block_0: mean=0.000004037
[00:32:46] Layer block_1: mean=0.000003134
[00:32:55] Layer block_2: mean=0.000003188
[00:33:04] Layer block_3: mean=0.000003101
[00:33:13] Layer block_4: mean=0.000003102
[00:33:21] Layer block_5: mean=0.000003117
[00:33:30] Layer block_6: mean=0.000003118
[00:33:38] Layer block_7: mean=0.000003074
[00:33:46] Layer block_8: mean=0.000003000
[00:33:54] Layer block_9: mean=0.000002904
[00:34:02] Layer block_10: mean=0.000002862
[00:34:10] Layer block_11: mean=0.000002838
[00:34:18] Layer block_12: mean=0.000002755
[00:34:26] Layer block_13: mean=0.000002703
[00:34:34] Layer block_14: mean=0.000002612
[00:34:41] Layer block_15: mean=0.000002545
[00:34:49] Layer block_16: mean=0.000002504
[00:34:56] Layer block_17: mean=0.000002436
[00:35:03] Layer block_18: mean=0.000002358
[00:35:10] Layer block_19: mean=0.000002292
[00:35:17] Layer block_20: mean=0.000002206
[00:35:24] Layer block_21: mean=0.000002129
[00:35:31] Layer block_22: mean=0.000002051
[00:35:38] Layer block_23: mean=0.000001986
[00:35:44] Layer block_24: mean=0.000001984
[00:35:51] Layer block_25: mean=0.000002028
[00:35:57] Layer block_26: mean=0.000002207
[00:36:03] Layer block_27: mean=0.000002590
[00:36:09] Layer block_28: mean=0.000002938
[00:36:16] Layer block_29: mean=0.000003222
[00:36:22] Layer block_30: mean=0.000003438
[00:36:27] Layer block_31: mean=0.000003577
[00:36:33] Layer block_32: mean=0.000003619
[00:36:39] Layer block_33: mean=0.000003586
[00:36:44] Layer block_34: mean=0.000003463
[00:36:50] Layer block_35: mean=0.000003271
[00:36:55] Layer block_36: mean=0.000002972
[00:37:00] Layer block_37: mean=0.000002502
[00:37:06] Layer block_38: mean=0.000001810
[00:37:11] Layer block_39: mean=0.000000792
[00:37:16] Layer head: mean=0.000393047
[00:37:16] ✅ stl10 updated (N=75).
[00:37:16] 
🔍 Processing task: sun397 (delta=25)
[00:37:16] [SUN397] Loaded 25 samples (skipped 0), tensor torch.Size([25, 3, 224, 224])
[00:37:25] Layer block_0: mean=0.000005259
[00:37:34] Layer block_1: mean=0.000003709
[00:37:43] Layer block_2: mean=0.000003544
[00:37:52] Layer block_3: mean=0.000003338
[00:38:00] Layer block_4: mean=0.000003269
[00:38:09] Layer block_5: mean=0.000003248
[00:38:17] Layer block_6: mean=0.000003194
[00:38:26] Layer block_7: mean=0.000003106
[00:38:34] Layer block_8: mean=0.000002987
[00:38:42] Layer block_9: mean=0.000002886
[00:38:50] Layer block_10: mean=0.000002832
[00:38:58] Layer block_11: mean=0.000002796
[00:39:06] Layer block_12: mean=0.000002711
[00:39:14] Layer block_13: mean=0.000002645
[00:39:21] Layer block_14: mean=0.000002542
[00:39:29] Layer block_15: mean=0.000002460
[00:39:36] Layer block_16: mean=0.000002401
[00:39:43] Layer block_17: mean=0.000002339
[00:39:51] Layer block_18: mean=0.000002274
[00:39:58] Layer block_19: mean=0.000002209
[00:40:05] Layer block_20: mean=0.000002123
[00:40:12] Layer block_21: mean=0.000002023
[00:40:18] Layer block_22: mean=0.000001949
[00:40:25] Layer block_23: mean=0.000001878
[00:40:32] Layer block_24: mean=0.000001877
[00:40:38] Layer block_25: mean=0.000001927
[00:40:45] Layer block_26: mean=0.000002148
[00:40:51] Layer block_27: mean=0.000002637
[00:40:57] Layer block_28: mean=0.000003092
[00:41:03] Layer block_29: mean=0.000003477
[00:41:09] Layer block_30: mean=0.000003803
[00:41:15] Layer block_31: mean=0.000003985
[00:41:21] Layer block_32: mean=0.000004045
[00:41:26] Layer block_33: mean=0.000004002
[00:41:32] Layer block_34: mean=0.000003855
[00:41:38] Layer block_35: mean=0.000003639
[00:41:43] Layer block_36: mean=0.000003308
[00:41:48] Layer block_37: mean=0.000002768
[00:41:53] Layer block_38: mean=0.000001989
[00:41:58] Layer block_39: mean=0.000000803
[00:42:03] Layer head: mean=0.000406572
[00:42:03] ✅ sun397 updated (N=75).
[00:42:03] 
🔍 Processing task: svhn (delta=25)
[00:42:03] [SVHN] Loaded 25 samples (skipped 0), tensor torch.Size([25, 3, 224, 224])
[00:42:12] Layer block_0: mean=0.000001027
[00:42:21] Layer block_1: mean=0.000000815
[00:42:30] Layer block_2: mean=0.000000796
[00:42:39] Layer block_3: mean=0.000000825
[00:42:48] Layer block_4: mean=0.000000888
[00:42:56] Layer block_5: mean=0.000000949
[00:43:05] Layer block_6: mean=0.000000973
[00:43:13] Layer block_7: mean=0.000000980
[00:43:21] Layer block_8: mean=0.000000960
[00:43:29] Layer block_9: mean=0.000000938
[00:43:37] Layer block_10: mean=0.000000930
[00:43:45] Layer block_11: mean=0.000000945
[00:43:53] Layer block_12: mean=0.000000930
[00:44:01] Layer block_13: mean=0.000000916
[00:44:09] Layer block_14: mean=0.000000884
[00:44:16] Layer block_15: mean=0.000000873
[00:44:24] Layer block_16: mean=0.000000865
[00:44:31] Layer block_17: mean=0.000000851
[00:44:38] Layer block_18: mean=0.000000833
[00:44:45] Layer block_19: mean=0.000000819
[00:44:52] Layer block_20: mean=0.000000803
[00:44:59] Layer block_21: mean=0.000000781
[00:45:06] Layer block_22: mean=0.000000776
[00:45:13] Layer block_23: mean=0.000000783
[00:45:19] Layer block_24: mean=0.000000827
[00:45:26] Layer block_25: mean=0.000000878
[00:45:32] Layer block_26: mean=0.000001028
[00:45:38] Layer block_27: mean=0.000001395
[00:45:45] Layer block_28: mean=0.000001709
[00:45:51] Layer block_29: mean=0.000001940
[00:45:57] Layer block_30: mean=0.000002131
[00:46:02] Layer block_31: mean=0.000002263
[00:46:08] Layer block_32: mean=0.000002365
[00:46:14] Layer block_33: mean=0.000002422
[00:46:20] Layer block_34: mean=0.000002424
[00:46:25] Layer block_35: mean=0.000002389
[00:46:30] Layer block_36: mean=0.000002255
[00:46:36] Layer block_37: mean=0.000001981
[00:46:41] Layer block_38: mean=0.000001524
[00:46:46] Layer block_39: mean=0.000000755
[00:46:51] Layer head: mean=0.000343721
[00:46:51] ✅ svhn updated (N=75).
[00:46:51] 
🔍 Processing task: voc_pose (delta=25)
[00:46:51] [VOC] Loaded 25 samples (skipped 0), tensor torch.Size([25, 3, 224, 224])
[00:47:00] Layer block_0: mean=0.000004751
[00:47:09] Layer block_1: mean=0.000003380
[00:47:18] Layer block_2: mean=0.000003229
[00:47:26] Layer block_3: mean=0.000003064
[00:47:35] Layer block_4: mean=0.000003004
[00:47:44] Layer block_5: mean=0.000002971
[00:47:52] Layer block_6: mean=0.000002926
[00:48:01] Layer block_7: mean=0.000002855
[00:48:09] Layer block_8: mean=0.000002760
[00:48:17] Layer block_9: mean=0.000002669
[00:48:25] Layer block_10: mean=0.000002627
[00:48:33] Layer block_11: mean=0.000002604
[00:48:41] Layer block_12: mean=0.000002541
[00:48:49] Layer block_13: mean=0.000002491
[00:48:56] Layer block_14: mean=0.000002404
[00:49:04] Layer block_15: mean=0.000002346
[00:49:11] Layer block_16: mean=0.000002303
[00:49:19] Layer block_17: mean=0.000002248
[00:49:26] Layer block_18: mean=0.000002191
[00:49:33] Layer block_19: mean=0.000002129
[00:49:40] Layer block_20: mean=0.000002053
[00:49:47] Layer block_21: mean=0.000001960
[00:49:54] Layer block_22: mean=0.000001887
[00:50:00] Layer block_23: mean=0.000001821
[00:50:07] Layer block_24: mean=0.000001827
[00:50:13] Layer block_25: mean=0.000001880
[00:50:20] Layer block_26: mean=0.000002106
[00:50:26] Layer block_27: mean=0.000002565
[00:50:32] Layer block_28: mean=0.000003002
[00:50:38] Layer block_29: mean=0.000003379
[00:50:44] Layer block_30: mean=0.000003687
[00:50:50] Layer block_31: mean=0.000003877
[00:50:56] Layer block_32: mean=0.000003950
[00:51:02] Layer block_33: mean=0.000003922
[00:51:07] Layer block_34: mean=0.000003798
[00:51:13] Layer block_35: mean=0.000003592
[00:51:18] Layer block_36: mean=0.000003271
[00:51:23] Layer block_37: mean=0.000002733
[00:51:28] Layer block_38: mean=0.000001961
[00:51:33] Layer block_39: mean=0.000000821
[00:51:38] Layer head: mean=0.000397002
[00:51:38] ✅ voc_pose updated (N=75).
[00:51:38] ✅ Results saved for milestone 75.
[00:51:38] === Reaching milestone N=100 ===
[00:51:38] 
🔍 Processing task: car (delta=25)
[00:51:39] [Cars] Loaded 25 samples, tensor torch.Size([25, 3, 224, 224])
[00:51:48] Layer block_0: mean=0.000004873
[00:51:57] Layer block_1: mean=0.000003464
[00:52:06] Layer block_2: mean=0.000003348
[00:52:15] Layer block_3: mean=0.000003182
[00:52:24] Layer block_4: mean=0.000003130
[00:52:32] Layer block_5: mean=0.000003130
[00:52:41] Layer block_6: mean=0.000003100
[00:52:49] Layer block_7: mean=0.000003036
[00:52:57] Layer block_8: mean=0.000002939
[00:53:05] Layer block_9: mean=0.000002851
[00:53:13] Layer block_10: mean=0.000002813
[00:53:21] Layer block_11: mean=0.000002803
[00:53:29] Layer block_12: mean=0.000002737
[00:53:37] Layer block_13: mean=0.000002680
[00:53:45] Layer block_14: mean=0.000002587
[00:53:52] Layer block_15: mean=0.000002503
[00:54:00] Layer block_16: mean=0.000002432
[00:54:07] Layer block_17: mean=0.000002352
[00:54:14] Layer block_18: mean=0.000002275
[00:54:21] Layer block_19: mean=0.000002195
[00:54:28] Layer block_20: mean=0.000002096
[00:54:35] Layer block_21: mean=0.000001992
[00:54:42] Layer block_22: mean=0.000001901
[00:54:49] Layer block_23: mean=0.000001818
[00:54:55] Layer block_24: mean=0.000001815
[00:55:02] Layer block_25: mean=0.000001863
[00:55:08] Layer block_26: mean=0.000002068
[00:55:15] Layer block_27: mean=0.000002488
[00:55:21] Layer block_28: mean=0.000002891
[00:55:27] Layer block_29: mean=0.000003251
[00:55:33] Layer block_30: mean=0.000003555
[00:55:39] Layer block_31: mean=0.000003771
[00:55:45] Layer block_32: mean=0.000003851
[00:55:50] Layer block_33: mean=0.000003839
[00:55:56] Layer block_34: mean=0.000003721
[00:56:01] Layer block_35: mean=0.000003550
[00:56:07] Layer block_36: mean=0.000003245
[00:56:12] Layer block_37: mean=0.000002733
[00:56:17] Layer block_38: mean=0.000002018
[00:56:22] Layer block_39: mean=0.000000883
[00:56:27] Layer head: mean=0.000441608
[00:56:27] ✅ car updated (N=100).
[00:56:27] 
🔍 Processing task: cifar (delta=25)
[00:56:27] [CIFAR] Loaded 25 samples, tensor torch.Size([25, 3, 224, 224])
[00:56:36] Layer block_0: mean=0.000002212
[00:56:45] Layer block_1: mean=0.000001788
[00:56:54] Layer block_2: mean=0.000001794
[00:57:03] Layer block_3: mean=0.000001860
[00:57:11] Layer block_4: mean=0.000001948
[00:57:20] Layer block_5: mean=0.000001997
[00:57:28] Layer block_6: mean=0.000001997
[00:57:37] Layer block_7: mean=0.000001977
[00:57:45] Layer block_8: mean=0.000001917
[00:57:53] Layer block_9: mean=0.000001859
[00:58:01] Layer block_10: mean=0.000001835
[00:58:09] Layer block_11: mean=0.000001848
[00:58:17] Layer block_12: mean=0.000001805
[00:58:25] Layer block_13: mean=0.000001778
[00:58:32] Layer block_14: mean=0.000001720
[00:58:40] Layer block_15: mean=0.000001687
[00:58:47] Layer block_16: mean=0.000001669
[00:58:55] Layer block_17: mean=0.000001635
[00:59:02] Layer block_18: mean=0.000001597
[00:59:09] Layer block_19: mean=0.000001569
[00:59:16] Layer block_20: mean=0.000001526
[00:59:23] Layer block_21: mean=0.000001471
[00:59:30] Layer block_22: mean=0.000001425
[00:59:36] Layer block_23: mean=0.000001386
[00:59:43] Layer block_24: mean=0.000001391
[00:59:49] Layer block_25: mean=0.000001413
[00:59:56] Layer block_26: mean=0.000001572
[01:00:02] Layer block_27: mean=0.000001944
[01:00:08] Layer block_28: mean=0.000002274
[01:00:14] Layer block_29: mean=0.000002528
[01:00:20] Layer block_30: mean=0.000002735
[01:00:26] Layer block_31: mean=0.000002876
[01:00:32] Layer block_32: mean=0.000002950
[01:00:38] Layer block_33: mean=0.000002962
[01:00:43] Layer block_34: mean=0.000002906
[01:00:48] Layer block_35: mean=0.000002795
[01:00:54] Layer block_36: mean=0.000002560
[01:00:59] Layer block_37: mean=0.000002198
[01:01:04] Layer block_38: mean=0.000001641
[01:01:09] Layer block_39: mean=0.000000756
[01:01:14] Layer head: mean=0.000367991
[01:01:14] ✅ cifar updated (N=100).
[01:01:14] 
🔍 Processing task: clevr (delta=25)
[01:01:14] [CLEVR] 15000 samples from /root/autodl-tmp/modelselection/datasets/datasets/clevr_count/test
[01:01:14] [CLEVR] Loaded 25 samples, tensor torch.Size([25, 3, 224, 224])
[01:01:23] Layer block_0: mean=0.000001598
[01:01:32] Layer block_1: mean=0.000001035
[01:01:41] Layer block_2: mean=0.000001058
[01:01:50] Layer block_3: mean=0.000001090
[01:01:59] Layer block_4: mean=0.000001106
[01:02:07] Layer block_5: mean=0.000001129
[01:02:16] Layer block_6: mean=0.000001141
[01:02:24] Layer block_7: mean=0.000001142
[01:02:32] Layer block_8: mean=0.000001119
[01:02:40] Layer block_9: mean=0.000001089
[01:02:48] Layer block_10: mean=0.000001082
[01:02:56] Layer block_11: mean=0.000001094
[01:03:04] Layer block_12: mean=0.000001090
[01:03:12] Layer block_13: mean=0.000001082
[01:03:19] Layer block_14: mean=0.000001066
[01:03:27] Layer block_15: mean=0.000001063
[01:03:34] Layer block_16: mean=0.000001062
[01:03:42] Layer block_17: mean=0.000001057
[01:03:49] Layer block_18: mean=0.000001053
[01:03:56] Layer block_19: mean=0.000001047
[01:04:03] Layer block_20: mean=0.000001033
[01:04:10] Layer block_21: mean=0.000001023
[01:04:17] Layer block_22: mean=0.000001019
[01:04:24] Layer block_23: mean=0.000001018
[01:04:31] Layer block_24: mean=0.000001052
[01:04:39] Layer block_25: mean=0.000001101
[01:04:46] Layer block_26: mean=0.000001216
[01:04:53] Layer block_27: mean=0.000001454
[01:05:01] Layer block_28: mean=0.000001680
[01:05:07] Layer block_29: mean=0.000001862
[01:05:14] Layer block_30: mean=0.000002033
[01:05:22] Layer block_31: mean=0.000002164
[01:05:29] Layer block_32: mean=0.000002225
[01:05:34] Layer block_33: mean=0.000002252
[01:05:40] Layer block_34: mean=0.000002229
[01:05:46] Layer block_35: mean=0.000002177
[01:05:51] Layer block_36: mean=0.000002075
[01:05:56] Layer block_37: mean=0.000001859
[01:06:02] Layer block_38: mean=0.000001483
[01:06:07] Layer block_39: mean=0.000000843
[01:06:12] Layer head: mean=0.000379904
[01:06:12] ✅ clevr updated (N=100).
[01:06:12] 
🔍 Processing task: country (delta=25)
[01:06:12] [Country211] Loaded 25 samples, tensor torch.Size([25, 3, 224, 224])
[01:06:21] Layer block_0: mean=0.000005006
[01:06:30] Layer block_1: mean=0.000003632
[01:06:39] Layer block_2: mean=0.000003499
[01:06:48] Layer block_3: mean=0.000003319
[01:06:56] Layer block_4: mean=0.000003278
[01:07:05] Layer block_5: mean=0.000003239
[01:07:13] Layer block_6: mean=0.000003204
[01:07:22] Layer block_7: mean=0.000003127
[01:07:30] Layer block_8: mean=0.000003017
[01:07:39] Layer block_9: mean=0.000002918
[01:07:47] Layer block_10: mean=0.000002874
[01:07:55] Layer block_11: mean=0.000002836
[01:08:03] Layer block_12: mean=0.000002759
[01:08:11] Layer block_13: mean=0.000002693
[01:08:18] Layer block_14: mean=0.000002589
[01:08:26] Layer block_15: mean=0.000002509
[01:08:33] Layer block_16: mean=0.000002441
[01:08:41] Layer block_17: mean=0.000002370
[01:08:48] Layer block_18: mean=0.000002283
[01:08:55] Layer block_19: mean=0.000002195
[01:09:02] Layer block_20: mean=0.000002102
[01:09:09] Layer block_21: mean=0.000001997
[01:09:16] Layer block_22: mean=0.000001911
[01:09:23] Layer block_23: mean=0.000001830
[01:09:29] Layer block_24: mean=0.000001824
[01:09:36] Layer block_25: mean=0.000001851
[01:09:43] Layer block_26: mean=0.000002037
[01:09:49] Layer block_27: mean=0.000002447
[01:09:55] Layer block_28: mean=0.000002840
[01:10:01] Layer block_29: mean=0.000003182
[01:10:07] Layer block_30: mean=0.000003467
[01:10:13] Layer block_31: mean=0.000003633
[01:10:19] Layer block_32: mean=0.000003695
[01:10:25] Layer block_33: mean=0.000003665
[01:10:31] Layer block_34: mean=0.000003538
[01:10:36] Layer block_35: mean=0.000003357
[01:10:42] Layer block_36: mean=0.000003044
[01:10:47] Layer block_37: mean=0.000002556
[01:10:52] Layer block_38: mean=0.000001858
[01:10:57] Layer block_39: mean=0.000000807
[01:11:02] Layer head: mean=0.000393618
[01:11:02] ✅ country updated (N=100).
[01:11:02] 
🔍 Processing task: dmlab (delta=25)
[01:11:02] [DMLab] Loaded 25 samples (skipped 0), tensor torch.Size([25, 3, 224, 224])
[01:11:11] Layer block_0: mean=0.000003890
[01:11:20] Layer block_1: mean=0.000002467
[01:11:29] Layer block_2: mean=0.000002282
[01:11:38] Layer block_3: mean=0.000002169
[01:11:47] Layer block_4: mean=0.000002169
[01:11:55] Layer block_5: mean=0.000002179
[01:12:04] Layer block_6: mean=0.000002165
[01:12:12] Layer block_7: mean=0.000002138
[01:12:21] Layer block_8: mean=0.000002059
[01:12:29] Layer block_9: mean=0.000001992
[01:12:37] Layer block_10: mean=0.000001961
[01:12:45] Layer block_11: mean=0.000001941
[01:12:53] Layer block_12: mean=0.000001901
[01:13:01] Layer block_13: mean=0.000001861
[01:13:09] Layer block_14: mean=0.000001801
[01:13:17] Layer block_15: mean=0.000001760
[01:13:24] Layer block_16: mean=0.000001726
[01:13:32] Layer block_17: mean=0.000001682
[01:13:39] Layer block_18: mean=0.000001640
[01:13:46] Layer block_19: mean=0.000001599
[01:13:53] Layer block_20: mean=0.000001548
[01:14:00] Layer block_21: mean=0.000001494
[01:14:07] Layer block_22: mean=0.000001467
[01:14:14] Layer block_23: mean=0.000001442
[01:14:21] Layer block_24: mean=0.000001474
[01:14:28] Layer block_25: mean=0.000001543
[01:14:34] Layer block_26: mean=0.000001719
[01:14:40] Layer block_27: mean=0.000002050
[01:14:47] Layer block_28: mean=0.000002354
[01:14:53] Layer block_29: mean=0.000002576
[01:14:59] Layer block_30: mean=0.000002760
[01:15:05] Layer block_31: mean=0.000002885
[01:15:11] Layer block_32: mean=0.000002942
[01:15:16] Layer block_33: mean=0.000002945
[01:15:22] Layer block_34: mean=0.000002892
[01:15:27] Layer block_35: mean=0.000002782
[01:15:33] Layer block_36: mean=0.000002587
[01:15:39] Layer block_37: mean=0.000002228
[01:15:44] Layer block_38: mean=0.000001678
[01:15:49] Layer block_39: mean=0.000000784
[01:15:55] Layer head: mean=0.000386224
[01:15:55] ✅ dmlab updated (N=100).
[01:15:55] 
🔍 Processing task: dr (delta=25)
[01:15:55] [DR] Loaded 42670 paths from /root/autodl-tmp/modelselection/datasets/datasets/diabetic_retinopathy/test.txt
[01:15:55] [DR] Loaded 25 samples (skipped 0), tensor torch.Size([25, 3, 224, 224])
[01:16:04] Layer block_0: mean=0.000002699
[01:16:13] Layer block_1: mean=0.000002040
[01:16:22] Layer block_2: mean=0.000002108
[01:16:31] Layer block_3: mean=0.000002093
[01:16:40] Layer block_4: mean=0.000002130
[01:16:49] Layer block_5: mean=0.000002194
[01:16:57] Layer block_6: mean=0.000002170
[01:17:06] Layer block_7: mean=0.000002129
[01:17:14] Layer block_8: mean=0.000002052
[01:17:23] Layer block_9: mean=0.000001968
[01:17:31] Layer block_10: mean=0.000001933
[01:17:39] Layer block_11: mean=0.000001909
[01:17:46] Layer block_12: mean=0.000001854
[01:17:54] Layer block_13: mean=0.000001810
[01:18:02] Layer block_14: mean=0.000001728
[01:18:09] Layer block_15: mean=0.000001651
[01:18:17] Layer block_16: mean=0.000001605
[01:18:24] Layer block_17: mean=0.000001540
[01:18:31] Layer block_18: mean=0.000001484
[01:18:39] Layer block_19: mean=0.000001423
[01:18:46] Layer block_20: mean=0.000001367
[01:18:52] Layer block_21: mean=0.000001293
[01:18:59] Layer block_22: mean=0.000001220
[01:19:06] Layer block_23: mean=0.000001163
[01:19:13] Layer block_24: mean=0.000001170
[01:19:19] Layer block_25: mean=0.000001209
[01:19:26] Layer block_26: mean=0.000001354
[01:19:32] Layer block_27: mean=0.000001642
[01:19:38] Layer block_28: mean=0.000001925
[01:19:44] Layer block_29: mean=0.000002174
[01:19:50] Layer block_30: mean=0.000002381
[01:19:56] Layer block_31: mean=0.000002520
[01:20:02] Layer block_32: mean=0.000002592
[01:20:07] Layer block_33: mean=0.000002608
[01:20:13] Layer block_34: mean=0.000002577
[01:20:18] Layer block_35: mean=0.000002523
[01:20:24] Layer block_36: mean=0.000002399
[01:20:29] Layer block_37: mean=0.000002136
[01:20:34] Layer block_38: mean=0.000001595
[01:20:39] Layer block_39: mean=0.000000815
[01:20:44] Layer head: mean=0.000391437
[01:20:44] ✅ dr updated (N=100).
[01:20:44] 
🔍 Processing task: dtd (delta=25)
[01:20:44] [DTD] Collected 5640 image paths from /root/autodl-tmp/modelselection/datasets/datasets/dtd/labels
[01:20:44] [DTD] Loaded 25 samples (skipped 0), tensor torch.Size([25, 3, 224, 224])
[01:20:54] Layer block_0: mean=0.000004061
[01:21:03] Layer block_1: mean=0.000002921
[01:21:12] Layer block_2: mean=0.000002738
[01:21:20] Layer block_3: mean=0.000002574
[01:21:29] Layer block_4: mean=0.000002493
[01:21:38] Layer block_5: mean=0.000002439
[01:21:47] Layer block_6: mean=0.000002380
[01:21:56] Layer block_7: mean=0.000002302
[01:22:05] Layer block_8: mean=0.000002179
[01:22:15] Layer block_9: mean=0.000002078
[01:22:23] Layer block_10: mean=0.000002015
[01:22:31] Layer block_11: mean=0.000001972
[01:22:39] Layer block_12: mean=0.000001901
[01:22:47] Layer block_13: mean=0.000001853
[01:22:54] Layer block_14: mean=0.000001771
[01:23:02] Layer block_15: mean=0.000001713
[01:23:09] Layer block_16: mean=0.000001670
[01:23:17] Layer block_17: mean=0.000001618
[01:23:25] Layer block_18: mean=0.000001568
[01:23:32] Layer block_19: mean=0.000001519
[01:23:39] Layer block_20: mean=0.000001470
[01:23:46] Layer block_21: mean=0.000001419
[01:23:53] Layer block_22: mean=0.000001394
[01:24:01] Layer block_23: mean=0.000001392
[01:24:07] Layer block_24: mean=0.000001451
[01:24:14] Layer block_25: mean=0.000001546
[01:24:20] Layer block_26: mean=0.000001803
[01:24:27] Layer block_27: mean=0.000002336
[01:24:34] Layer block_28: mean=0.000002787
[01:24:40] Layer block_29: mean=0.000003138
[01:24:46] Layer block_30: mean=0.000003431
[01:24:52] Layer block_31: mean=0.000003588
[01:24:58] Layer block_32: mean=0.000003649
[01:25:04] Layer block_33: mean=0.000003636
[01:25:09] Layer block_34: mean=0.000003536
[01:25:15] Layer block_35: mean=0.000003366
[01:25:20] Layer block_36: mean=0.000003073
[01:25:25] Layer block_37: mean=0.000002619
[01:25:31] Layer block_38: mean=0.000001866
[01:25:36] Layer block_39: mean=0.000000765
[01:25:41] Layer head: mean=0.000385446
[01:25:41] ✅ dtd updated (N=100).
[01:25:41] 
🔍 Processing task: eurosat (delta=25)
[01:25:41] [EuroSAT] Collected 27000 images from 10 classes under /root/autodl-tmp/modelselection/datasets/datasets/eurosat/2750
[01:25:41] [EuroSAT] Loaded 25 samples (skipped 0), tensor torch.Size([25, 3, 224, 224])
[01:25:50] Layer block_0: mean=0.000001864
[01:25:59] Layer block_1: mean=0.000001563
[01:26:09] Layer block_2: mean=0.000001618
[01:26:18] Layer block_3: mean=0.000001624
[01:26:26] Layer block_4: mean=0.000001651
[01:26:35] Layer block_5: mean=0.000001658
[01:26:44] Layer block_6: mean=0.000001657
[01:26:52] Layer block_7: mean=0.000001639
[01:27:00] Layer block_8: mean=0.000001580
[01:27:08] Layer block_9: mean=0.000001522
[01:27:16] Layer block_10: mean=0.000001490
[01:27:24] Layer block_11: mean=0.000001471
[01:27:32] Layer block_12: mean=0.000001428
[01:27:40] Layer block_13: mean=0.000001395
[01:27:48] Layer block_14: mean=0.000001344
[01:27:55] Layer block_15: mean=0.000001307
[01:28:03] Layer block_16: mean=0.000001282
[01:28:10] Layer block_17: mean=0.000001244
[01:28:18] Layer block_18: mean=0.000001197
[01:28:25] Layer block_19: mean=0.000001153
[01:28:32] Layer block_20: mean=0.000001108
[01:28:39] Layer block_21: mean=0.000001057
[01:28:46] Layer block_22: mean=0.000001023
[01:28:53] Layer block_23: mean=0.000001007
[01:28:59] Layer block_24: mean=0.000001051
[01:29:06] Layer block_25: mean=0.000001113
[01:29:12] Layer block_26: mean=0.000001302
[01:29:19] Layer block_27: mean=0.000001722
[01:29:25] Layer block_28: mean=0.000002104
[01:29:31] Layer block_29: mean=0.000002407
[01:29:37] Layer block_30: mean=0.000002644
[01:29:43] Layer block_31: mean=0.000002802
[01:29:49] Layer block_32: mean=0.000002884
[01:29:54] Layer block_33: mean=0.000002912
[01:30:00] Layer block_34: mean=0.000002867
[01:30:06] Layer block_35: mean=0.000002771
[01:30:11] Layer block_36: mean=0.000002573
[01:30:16] Layer block_37: mean=0.000002220
[01:30:21] Layer block_38: mean=0.000001647
[01:30:26] Layer block_39: mean=0.000000751
[01:30:31] Layer head: mean=0.000356551
[01:30:31] ✅ eurosat updated (N=100).
[01:30:31] 
🔍 Processing task: fer2013 (delta=25)
[01:30:31] [FER2013] Loaded 25 samples (skipped 0), tensor torch.Size([25, 3, 224, 224])
[01:30:41] Layer block_0: mean=0.000001966
[01:30:50] Layer block_1: mean=0.000001722
[01:30:59] Layer block_2: mean=0.000001795
[01:31:07] Layer block_3: mean=0.000001836
[01:31:16] Layer block_4: mean=0.000001876
[01:31:25] Layer block_5: mean=0.000001892
[01:31:33] Layer block_6: mean=0.000001886
[01:31:42] Layer block_7: mean=0.000001868
[01:31:50] Layer block_8: mean=0.000001819
[01:31:58] Layer block_9: mean=0.000001768
[01:32:06] Layer block_10: mean=0.000001753
[01:32:14] Layer block_11: mean=0.000001770
[01:32:22] Layer block_12: mean=0.000001744
[01:32:30] Layer block_13: mean=0.000001724
[01:32:38] Layer block_14: mean=0.000001680
[01:32:45] Layer block_15: mean=0.000001653
[01:32:53] Layer block_16: mean=0.000001646
[01:33:00] Layer block_17: mean=0.000001630
[01:33:07] Layer block_18: mean=0.000001608
[01:33:14] Layer block_19: mean=0.000001591
[01:33:21] Layer block_20: mean=0.000001549
[01:33:28] Layer block_21: mean=0.000001494
[01:33:35] Layer block_22: mean=0.000001451
[01:33:42] Layer block_23: mean=0.000001411
[01:33:48] Layer block_24: mean=0.000001410
[01:33:55] Layer block_25: mean=0.000001454
[01:34:01] Layer block_26: mean=0.000001651
[01:34:07] Layer block_27: mean=0.000002030
[01:34:14] Layer block_28: mean=0.000002406
[01:34:20] Layer block_29: mean=0.000002678
[01:34:26] Layer block_30: mean=0.000002925
[01:34:32] Layer block_31: mean=0.000003077
[01:34:37] Layer block_32: mean=0.000003162
[01:34:43] Layer block_33: mean=0.000003149
[01:34:49] Layer block_34: mean=0.000003088
[01:34:54] Layer block_35: mean=0.000002965
[01:34:59] Layer block_36: mean=0.000002715
[01:35:05] Layer block_37: mean=0.000002329
[01:35:10] Layer block_38: mean=0.000001751
[01:35:15] Layer block_39: mean=0.000000820
[01:35:20] Layer head: mean=0.000390103
[01:35:20] ✅ fer2013 updated (N=100).
[01:35:20] 
🔍 Processing task: gtsrb (delta=25)
[01:35:20] [GTSRB] Collected 12630 test images.
[01:35:20] [GTSRB] Loaded 25 samples (skipped 0), tensor torch.Size([25, 3, 224, 224])
[01:35:29] Layer block_0: mean=0.000002196
[01:35:38] Layer block_1: mean=0.000001734
[01:35:47] Layer block_2: mean=0.000001745
[01:35:56] Layer block_3: mean=0.000001780
[01:36:04] Layer block_4: mean=0.000001831
[01:36:13] Layer block_5: mean=0.000001857
[01:36:21] Layer block_6: mean=0.000001854
[01:36:30] Layer block_7: mean=0.000001839
[01:36:38] Layer block_8: mean=0.000001786
[01:36:46] Layer block_9: mean=0.000001737
[01:36:54] Layer block_10: mean=0.000001710
[01:37:02] Layer block_11: mean=0.000001701
[01:37:10] Layer block_12: mean=0.000001659
[01:37:18] Layer block_13: mean=0.000001628
[01:37:25] Layer block_14: mean=0.000001568
[01:37:33] Layer block_15: mean=0.000001535
[01:37:40] Layer block_16: mean=0.000001514
[01:37:47] Layer block_17: mean=0.000001475
[01:37:55] Layer block_18: mean=0.000001434
[01:38:02] Layer block_19: mean=0.000001396
[01:38:09] Layer block_20: mean=0.000001354
[01:38:16] Layer block_21: mean=0.000001314
[01:38:23] Layer block_22: mean=0.000001293
[01:38:29] Layer block_23: mean=0.000001279
[01:38:36] Layer block_24: mean=0.000001309
[01:38:42] Layer block_25: mean=0.000001371
[01:38:49] Layer block_26: mean=0.000001555
[01:38:55] Layer block_27: mean=0.000001947
[01:39:01] Layer block_28: mean=0.000002295
[01:39:07] Layer block_29: mean=0.000002570
[01:39:13] Layer block_30: mean=0.000002789
[01:39:19] Layer block_31: mean=0.000002935
[01:39:25] Layer block_32: mean=0.000002996
[01:39:31] Layer block_33: mean=0.000002989
[01:39:36] Layer block_34: mean=0.000002916
[01:39:42] Layer block_35: mean=0.000002803
[01:39:47] Layer block_36: mean=0.000002578
[01:39:52] Layer block_37: mean=0.000002208
[01:39:57] Layer block_38: mean=0.000001662
[01:40:02] Layer block_39: mean=0.000000790
[01:40:07] Layer head: mean=0.000373739
[01:40:07] ✅ gtsrb updated (N=100).
[01:40:07] 
🔍 Processing task: kitti (delta=25)
[01:40:07] [KITTI] Collected 711 images from /root/autodl-tmp/modelselection/datasets/datasets/kitti/test.txt
[01:40:08] [KITTI] Loaded 25 samples (skipped 0), tensor torch.Size([25, 3, 224, 224])
[01:40:17] Layer block_0: mean=0.000003650
[01:40:26] Layer block_1: mean=0.000002549
[01:40:34] Layer block_2: mean=0.000002435
[01:40:43] Layer block_3: mean=0.000002303
[01:40:52] Layer block_4: mean=0.000002264
[01:41:00] Layer block_5: mean=0.000002252
[01:41:09] Layer block_6: mean=0.000002230
[01:41:17] Layer block_7: mean=0.000002182
[01:41:25] Layer block_8: mean=0.000002104
[01:41:34] Layer block_9: mean=0.000002035
[01:41:42] Layer block_10: mean=0.000001998
[01:41:50] Layer block_11: mean=0.000001974
[01:41:57] Layer block_12: mean=0.000001931
[01:42:05] Layer block_13: mean=0.000001889
[01:42:13] Layer block_14: mean=0.000001833
[01:42:20] Layer block_15: mean=0.000001799
[01:42:28] Layer block_16: mean=0.000001769
[01:42:35] Layer block_17: mean=0.000001735
[01:42:42] Layer block_18: mean=0.000001702
[01:42:49] Layer block_19: mean=0.000001668
[01:42:56] Layer block_20: mean=0.000001618
[01:43:03] Layer block_21: mean=0.000001582
[01:43:10] Layer block_22: mean=0.000001558
[01:43:17] Layer block_23: mean=0.000001545
[01:43:23] Layer block_24: mean=0.000001582
[01:43:30] Layer block_25: mean=0.000001665
[01:43:36] Layer block_26: mean=0.000001867
[01:43:43] Layer block_27: mean=0.000002245
[01:43:49] Layer block_28: mean=0.000002621
[01:43:55] Layer block_29: mean=0.000002955
[01:44:01] Layer block_30: mean=0.000003227
[01:44:07] Layer block_31: mean=0.000003397
[01:44:12] Layer block_32: mean=0.000003460
[01:44:18] Layer block_33: mean=0.000003449
[01:44:24] Layer block_34: mean=0.000003322
[01:44:29] Layer block_35: mean=0.000003155
[01:44:34] Layer block_36: mean=0.000002877
[01:44:40] Layer block_37: mean=0.000002417
[01:44:45] Layer block_38: mean=0.000001777
[01:44:50] Layer block_39: mean=0.000000779
[01:44:55] Layer head: mean=0.000398213
[01:44:55] ✅ kitti updated (N=100).
[01:44:55] 
🔍 Processing task: mnist (delta=25)
[01:44:55] [MNIST] Loaded 25 samples, tensor torch.Size([25, 3, 224, 224])
[01:45:04] Layer block_0: mean=0.000000990
[01:45:13] Layer block_1: mean=0.000000755
[01:45:22] Layer block_2: mean=0.000000736
[01:45:31] Layer block_3: mean=0.000000735
[01:45:39] Layer block_4: mean=0.000000764
[01:45:48] Layer block_5: mean=0.000000813
[01:45:56] Layer block_6: mean=0.000000833
[01:46:05] Layer block_7: mean=0.000000820
[01:46:13] Layer block_8: mean=0.000000794
[01:46:21] Layer block_9: mean=0.000000769
[01:46:29] Layer block_10: mean=0.000000758
[01:46:37] Layer block_11: mean=0.000000753
[01:46:45] Layer block_12: mean=0.000000740
[01:46:53] Layer block_13: mean=0.000000723
[01:47:00] Layer block_14: mean=0.000000693
[01:47:08] Layer block_15: mean=0.000000681
[01:47:15] Layer block_16: mean=0.000000673
[01:47:23] Layer block_17: mean=0.000000664
[01:47:30] Layer block_18: mean=0.000000654
[01:47:37] Layer block_19: mean=0.000000645
[01:47:44] Layer block_20: mean=0.000000633
[01:47:51] Layer block_21: mean=0.000000620
[01:47:58] Layer block_22: mean=0.000000627
[01:48:04] Layer block_23: mean=0.000000636
[01:48:11] Layer block_24: mean=0.000000671
[01:48:17] Layer block_25: mean=0.000000738
[01:48:24] Layer block_26: mean=0.000000851
[01:48:30] Layer block_27: mean=0.000001056
[01:48:36] Layer block_28: mean=0.000001250
[01:48:42] Layer block_29: mean=0.000001410
[01:48:48] Layer block_30: mean=0.000001542
[01:48:54] Layer block_31: mean=0.000001653
[01:49:00] Layer block_32: mean=0.000001729
[01:49:06] Layer block_33: mean=0.000001760
[01:49:11] Layer block_34: mean=0.000001768
[01:49:17] Layer block_35: mean=0.000001747
[01:49:22] Layer block_36: mean=0.000001683
[01:49:28] Layer block_37: mean=0.000001522
[01:49:33] Layer block_38: mean=0.000001220
[01:49:38] Layer block_39: mean=0.000000752
[01:49:43] Layer head: mean=0.000358866
[01:49:43] ✅ mnist updated (N=100).
[01:49:43] 
🔍 Processing task: oxford_flowers (delta=25)
[01:49:43] [OxfordFlowers] Loaded 25 samples (skipped 0), tensor torch.Size([25, 3, 224, 224])
[01:49:52] Layer block_0: mean=0.000003452
[01:50:01] Layer block_1: mean=0.000002399
[01:50:10] Layer block_2: mean=0.000002399
[01:50:18] Layer block_3: mean=0.000002365
[01:50:27] Layer block_4: mean=0.000002336
[01:50:36] Layer block_5: mean=0.000002313
[01:50:44] Layer block_6: mean=0.000002290
[01:50:53] Layer block_7: mean=0.000002233
[01:51:01] Layer block_8: mean=0.000002147
[01:51:09] Layer block_9: mean=0.000002068
[01:51:17] Layer block_10: mean=0.000002029
[01:51:25] Layer block_11: mean=0.000002003
[01:51:33] Layer block_12: mean=0.000001938
[01:51:41] Layer block_13: mean=0.000001891
[01:51:48] Layer block_14: mean=0.000001817
[01:51:56] Layer block_15: mean=0.000001755
[01:52:03] Layer block_16: mean=0.000001723
[01:52:11] Layer block_17: mean=0.000001682
[01:52:18] Layer block_18: mean=0.000001640
[01:52:25] Layer block_19: mean=0.000001594
[01:52:32] Layer block_20: mean=0.000001541
[01:52:39] Layer block_21: mean=0.000001468
[01:52:46] Layer block_22: mean=0.000001421
[01:52:52] Layer block_23: mean=0.000001393
[01:52:59] Layer block_24: mean=0.000001429
[01:53:06] Layer block_25: mean=0.000001497
[01:53:12] Layer block_26: mean=0.000001705
[01:53:18] Layer block_27: mean=0.000002115
[01:53:25] Layer block_28: mean=0.000002521
[01:53:31] Layer block_29: mean=0.000002875
[01:53:37] Layer block_30: mean=0.000003170
[01:53:42] Layer block_31: mean=0.000003362
[01:53:48] Layer block_32: mean=0.000003459
[01:53:54] Layer block_33: mean=0.000003454
[01:54:00] Layer block_34: mean=0.000003388
[01:54:05] Layer block_35: mean=0.000003219
[01:54:10] Layer block_36: mean=0.000002908
[01:54:16] Layer block_37: mean=0.000002440
[01:54:21] Layer block_38: mean=0.000001729
[01:54:26] Layer block_39: mean=0.000000778
[01:54:31] Layer head: mean=0.000396540
[01:54:31] ✅ oxford_flowers updated (N=100).
[01:54:31] 
🔍 Processing task: oxford_pet (delta=25)
[01:54:31] [OxfordPet] Loaded 25 samples (skipped 0), tensor torch.Size([25, 3, 224, 224])
[01:54:40] Layer block_0: mean=0.000003723
[01:54:49] Layer block_1: mean=0.000002792
[01:54:58] Layer block_2: mean=0.000002758
[01:55:07] Layer block_3: mean=0.000002670
[01:55:15] Layer block_4: mean=0.000002648
[01:55:24] Layer block_5: mean=0.000002632
[01:55:32] Layer block_6: mean=0.000002630
[01:55:41] Layer block_7: mean=0.000002586
[01:55:49] Layer block_8: mean=0.000002522
[01:55:57] Layer block_9: mean=0.000002441
[01:56:05] Layer block_10: mean=0.000002407
[01:56:13] Layer block_11: mean=0.000002377
[01:56:21] Layer block_12: mean=0.000002296
[01:56:29] Layer block_13: mean=0.000002228
[01:56:36] Layer block_14: mean=0.000002125
[01:56:44] Layer block_15: mean=0.000002040
[01:56:51] Layer block_16: mean=0.000001974
[01:56:59] Layer block_17: mean=0.000001907
[01:57:06] Layer block_18: mean=0.000001816
[01:57:13] Layer block_19: mean=0.000001742
[01:57:20] Layer block_20: mean=0.000001659
[01:57:27] Layer block_21: mean=0.000001563
[01:57:34] Layer block_22: mean=0.000001496
[01:57:40] Layer block_23: mean=0.000001439
[01:57:47] Layer block_24: mean=0.000001436
[01:57:53] Layer block_25: mean=0.000001486
[01:58:00] Layer block_26: mean=0.000001694
[01:58:06] Layer block_27: mean=0.000002098
[01:58:12] Layer block_28: mean=0.000002495
[01:58:18] Layer block_29: mean=0.000002847
[01:58:24] Layer block_30: mean=0.000003155
[01:58:30] Layer block_31: mean=0.000003349
[01:58:36] Layer block_32: mean=0.000003456
[01:58:42] Layer block_33: mean=0.000003483
[01:58:47] Layer block_34: mean=0.000003405
[01:58:53] Layer block_35: mean=0.000003248
[01:58:58] Layer block_36: mean=0.000002975
[01:59:03] Layer block_37: mean=0.000002511
[01:59:08] Layer block_38: mean=0.000001813
[01:59:13] Layer block_39: mean=0.000000833
[01:59:19] Layer head: mean=0.000398443
[01:59:19] ✅ oxford_pet updated (N=100).
[01:59:19] 
🔍 Processing task: patch_camelyon (delta=25)
[01:59:19] [PatchCamelyon] Collected 32768 image paths from /root/autodl-tmp/modelselection/datasets/datasets/patch_camelyon/test.txt
[01:59:19] [PatchCamelyon] Loaded 25 samples (skipped 0), tensor torch.Size([25, 3, 224, 224])
[01:59:28] Layer block_0: mean=0.000003882
[01:59:37] Layer block_1: mean=0.000003021
[01:59:46] Layer block_2: mean=0.000002793
[01:59:54] Layer block_3: mean=0.000002580
[02:00:03] Layer block_4: mean=0.000002498
[02:00:12] Layer block_5: mean=0.000002434
[02:00:20] Layer block_6: mean=0.000002370
[02:00:28] Layer block_7: mean=0.000002282
[02:00:37] Layer block_8: mean=0.000002157
[02:00:45] Layer block_9: mean=0.000002041
[02:00:53] Layer block_10: mean=0.000001963
[02:01:01] Layer block_11: mean=0.000001909
[02:01:09] Layer block_12: mean=0.000001843
[02:01:16] Layer block_13: mean=0.000001792
[02:01:24] Layer block_14: mean=0.000001718
[02:01:31] Layer block_15: mean=0.000001646
[02:01:39] Layer block_16: mean=0.000001595
[02:01:46] Layer block_17: mean=0.000001527
[02:01:53] Layer block_18: mean=0.000001467
[02:02:01] Layer block_19: mean=0.000001398
[02:02:08] Layer block_20: mean=0.000001348
[02:02:14] Layer block_21: mean=0.000001304
[02:02:21] Layer block_22: mean=0.000001291
[02:02:28] Layer block_23: mean=0.000001298
[02:02:35] Layer block_24: mean=0.000001371
[02:02:41] Layer block_25: mean=0.000001467
[02:02:47] Layer block_26: mean=0.000001712
[02:02:54] Layer block_27: mean=0.000002190
[02:03:00] Layer block_28: mean=0.000002595
[02:03:06] Layer block_29: mean=0.000002940
[02:03:12] Layer block_30: mean=0.000003208
[02:03:18] Layer block_31: mean=0.000003399
[02:03:24] Layer block_32: mean=0.000003445
[02:03:29] Layer block_33: mean=0.000003449
[02:03:35] Layer block_34: mean=0.000003368
[02:03:40] Layer block_35: mean=0.000003220
[02:03:46] Layer block_36: mean=0.000002971
[02:03:51] Layer block_37: mean=0.000002554
[02:03:56] Layer block_38: mean=0.000001831
[02:04:01] Layer block_39: mean=0.000000762
[02:04:06] Layer head: mean=0.000406697
[02:04:06] ✅ patch_camelyon updated (N=100).
[02:04:06] 
🔍 Processing task: renderedsst2 (delta=25)
[02:04:06] [RenderedSST2] Loaded 25 samples (skipped 0), tensor torch.Size([25, 3, 224, 224])
[02:04:15] Layer block_0: mean=0.000004938
[02:04:24] Layer block_1: mean=0.000003236
[02:04:33] Layer block_2: mean=0.000003029
[02:04:42] Layer block_3: mean=0.000002866
[02:04:51] Layer block_4: mean=0.000002750
[02:04:59] Layer block_5: mean=0.000002605
[02:05:08] Layer block_6: mean=0.000002449
[02:05:16] Layer block_7: mean=0.000002308
[02:05:24] Layer block_8: mean=0.000002130
[02:05:33] Layer block_9: mean=0.000002001
[02:05:41] Layer block_10: mean=0.000001914
[02:05:48] Layer block_11: mean=0.000001868
[02:05:56] Layer block_12: mean=0.000001814
[02:06:04] Layer block_13: mean=0.000001755
[02:06:12] Layer block_14: mean=0.000001680
[02:06:19] Layer block_15: mean=0.000001644
[02:06:27] Layer block_16: mean=0.000001605
[02:06:34] Layer block_17: mean=0.000001535
[02:06:41] Layer block_18: mean=0.000001498
[02:06:48] Layer block_19: mean=0.000001460
[02:06:55] Layer block_20: mean=0.000001417
[02:07:02] Layer block_21: mean=0.000001389
[02:07:09] Layer block_22: mean=0.000001367
[02:07:16] Layer block_23: mean=0.000001355
[02:07:22] Layer block_24: mean=0.000001352
[02:07:29] Layer block_25: mean=0.000001389
[02:07:35] Layer block_26: mean=0.000001471
[02:07:41] Layer block_27: mean=0.000001659
[02:07:48] Layer block_28: mean=0.000001867
[02:07:54] Layer block_29: mean=0.000002095
[02:08:00] Layer block_30: mean=0.000002318
[02:08:06] Layer block_31: mean=0.000002516
[02:08:11] Layer block_32: mean=0.000002639
[02:08:17] Layer block_33: mean=0.000002683
[02:08:23] Layer block_34: mean=0.000002666
[02:08:28] Layer block_35: mean=0.000002542
[02:08:33] Layer block_36: mean=0.000002345
[02:08:39] Layer block_37: mean=0.000002004
[02:08:44] Layer block_38: mean=0.000001502
[02:08:49] Layer block_39: mean=0.000000785
[02:08:54] Layer head: mean=0.000387133
[02:08:54] ✅ renderedsst2 updated (N=100).
[02:08:54] 
🔍 Processing task: resisc45 (delta=25)
[02:08:54] [RESISC45] Collected 6300 images from /root/autodl-tmp/modelselection/datasets/datasets/resisc45/test.txt
[02:08:54] [RESISC45] Loaded 25 samples (skipped 0), tensor torch.Size([25, 3, 224, 224])
[02:09:03] Layer block_0: mean=0.000004496
[02:09:12] Layer block_1: mean=0.000003408
[02:09:21] Layer block_2: mean=0.000003314
[02:09:29] Layer block_3: mean=0.000003119
[02:09:38] Layer block_4: mean=0.000003027
[02:09:46] Layer block_5: mean=0.000002983
[02:09:55] Layer block_6: mean=0.000002936
[02:10:03] Layer block_7: mean=0.000002846
[02:10:12] Layer block_8: mean=0.000002722
[02:10:20] Layer block_9: mean=0.000002611
[02:10:28] Layer block_10: mean=0.000002544
[02:10:36] Layer block_11: mean=0.000002494
[02:10:44] Layer block_12: mean=0.000002411
[02:10:51] Layer block_13: mean=0.000002346
[02:10:59] Layer block_14: mean=0.000002247
[02:11:06] Layer block_15: mean=0.000002174
[02:11:14] Layer block_16: mean=0.000002120
[02:11:21] Layer block_17: mean=0.000002061
[02:11:28] Layer block_18: mean=0.000002001
[02:11:35] Layer block_19: mean=0.000001932
[02:11:43] Layer block_20: mean=0.000001857
[02:11:49] Layer block_21: mean=0.000001773
[02:11:56] Layer block_22: mean=0.000001713
[02:12:03] Layer block_23: mean=0.000001685
[02:12:09] Layer block_24: mean=0.000001731
[02:12:16] Layer block_25: mean=0.000001829
[02:12:22] Layer block_26: mean=0.000002100
[02:12:29] Layer block_27: mean=0.000002638
[02:12:35] Layer block_28: mean=0.000003124
[02:12:41] Layer block_29: mean=0.000003510
[02:12:47] Layer block_30: mean=0.000003838
[02:12:53] Layer block_31: mean=0.000004029
[02:12:59] Layer block_32: mean=0.000004092
[02:13:04] Layer block_33: mean=0.000004061
[02:13:10] Layer block_34: mean=0.000003920
[02:13:15] Layer block_35: mean=0.000003700
[02:13:21] Layer block_36: mean=0.000003376
[02:13:26] Layer block_37: mean=0.000002820
[02:13:31] Layer block_38: mean=0.000002020
[02:13:36] Layer block_39: mean=0.000000809
[02:13:41] Layer head: mean=0.000401796
[02:13:41] ✅ resisc45 updated (N=100).
[02:13:41] 
🔍 Processing task: stl10 (delta=25)
[02:13:41] [STL10] Loaded 25 samples, tensor torch.Size([25, 3, 224, 224])
[02:13:50] Layer block_0: mean=0.000004353
[02:13:59] Layer block_1: mean=0.000003653
[02:14:08] Layer block_2: mean=0.000003757
[02:14:17] Layer block_3: mean=0.000003541
[02:14:25] Layer block_4: mean=0.000003491
[02:14:34] Layer block_5: mean=0.000003480
[02:14:42] Layer block_6: mean=0.000003478
[02:14:51] Layer block_7: mean=0.000003421
[02:14:59] Layer block_8: mean=0.000003335
[02:15:07] Layer block_9: mean=0.000003239
[02:15:15] Layer block_10: mean=0.000003195
[02:15:23] Layer block_11: mean=0.000003158
[02:15:31] Layer block_12: mean=0.000003066
[02:15:39] Layer block_13: mean=0.000003000
[02:15:46] Layer block_14: mean=0.000002894
[02:15:54] Layer block_15: mean=0.000002828
[02:16:01] Layer block_16: mean=0.000002783
[02:16:09] Layer block_17: mean=0.000002712
[02:16:16] Layer block_18: mean=0.000002642
[02:16:23] Layer block_19: mean=0.000002557
[02:16:30] Layer block_20: mean=0.000002469
[02:16:37] Layer block_21: mean=0.000002346
[02:16:44] Layer block_22: mean=0.000002213
[02:16:50] Layer block_23: mean=0.000002104
[02:16:57] Layer block_24: mean=0.000002051
[02:17:04] Layer block_25: mean=0.000002013
[02:17:10] Layer block_26: mean=0.000002187
[02:17:16] Layer block_27: mean=0.000002606
[02:17:22] Layer block_28: mean=0.000002985
[02:17:29] Layer block_29: mean=0.000003284
[02:17:34] Layer block_30: mean=0.000003530
[02:17:40] Layer block_31: mean=0.000003683
[02:17:46] Layer block_32: mean=0.000003739
[02:17:52] Layer block_33: mean=0.000003714
[02:17:57] Layer block_34: mean=0.000003592
[02:18:03] Layer block_35: mean=0.000003410
[02:18:08] Layer block_36: mean=0.000003097
[02:18:13] Layer block_37: mean=0.000002620
[02:18:19] Layer block_38: mean=0.000001887
[02:18:24] Layer block_39: mean=0.000000793
[02:18:29] Layer head: mean=0.000389078
[02:18:29] ✅ stl10 updated (N=100).
[02:18:29] 
🔍 Processing task: sun397 (delta=25)
[02:18:29] [SUN397] Loaded 25 samples (skipped 0), tensor torch.Size([25, 3, 224, 224])
[02:18:38] Layer block_0: mean=0.000005650
[02:18:47] Layer block_1: mean=0.000003978
[02:18:56] Layer block_2: mean=0.000003819
[02:19:05] Layer block_3: mean=0.000003605
[02:19:13] Layer block_4: mean=0.000003523
[02:19:22] Layer block_5: mean=0.000003476
[02:19:30] Layer block_6: mean=0.000003421
[02:19:39] Layer block_7: mean=0.000003319
[02:19:47] Layer block_8: mean=0.000003179
[02:19:55] Layer block_9: mean=0.000003052
[02:20:03] Layer block_10: mean=0.000002985
[02:20:11] Layer block_11: mean=0.000002931
[02:20:19] Layer block_12: mean=0.000002838
[02:20:27] Layer block_13: mean=0.000002763
[02:20:34] Layer block_14: mean=0.000002653
[02:20:42] Layer block_15: mean=0.000002572
[02:20:49] Layer block_16: mean=0.000002498
[02:20:56] Layer block_17: mean=0.000002424
[02:21:04] Layer block_18: mean=0.000002350
[02:21:11] Layer block_19: mean=0.000002274
[02:21:18] Layer block_20: mean=0.000002185
[02:21:25] Layer block_21: mean=0.000002091
[02:21:32] Layer block_22: mean=0.000002018
[02:21:38] Layer block_23: mean=0.000001958
[02:21:45] Layer block_24: mean=0.000001971
[02:21:51] Layer block_25: mean=0.000002039
[02:21:58] Layer block_26: mean=0.000002282
[02:22:04] Layer block_27: mean=0.000002794
[02:22:10] Layer block_28: mean=0.000003282
[02:22:16] Layer block_29: mean=0.000003695
[02:22:22] Layer block_30: mean=0.000004030
[02:22:28] Layer block_31: mean=0.000004227
[02:22:34] Layer block_32: mean=0.000004282
[02:22:40] Layer block_33: mean=0.000004233
[02:22:45] Layer block_34: mean=0.000004073
[02:22:51] Layer block_35: mean=0.000003847
[02:22:56] Layer block_36: mean=0.000003490
[02:23:01] Layer block_37: mean=0.000002904
[02:23:06] Layer block_38: mean=0.000002046
[02:23:11] Layer block_39: mean=0.000000782
[02:23:16] Layer head: mean=0.000401955
[02:23:16] ✅ sun397 updated (N=100).
[02:23:16] 
🔍 Processing task: svhn (delta=25)
[02:23:16] [SVHN] Loaded 25 samples (skipped 0), tensor torch.Size([25, 3, 224, 224])
[02:23:26] Layer block_0: mean=0.000001157
[02:23:35] Layer block_1: mean=0.000000928
[02:23:43] Layer block_2: mean=0.000000926
[02:23:52] Layer block_3: mean=0.000000971
[02:24:01] Layer block_4: mean=0.000001042
[02:24:09] Layer block_5: mean=0.000001115
[02:24:18] Layer block_6: mean=0.000001132
[02:24:26] Layer block_7: mean=0.000001126
[02:24:34] Layer block_8: mean=0.000001098
[02:24:43] Layer block_9: mean=0.000001063
[02:24:51] Layer block_10: mean=0.000001046
[02:24:58] Layer block_11: mean=0.000001057
[02:25:06] Layer block_12: mean=0.000001030
[02:25:14] Layer block_13: mean=0.000001011
[02:25:22] Layer block_14: mean=0.000000973
[02:25:29] Layer block_15: mean=0.000000952
[02:25:36] Layer block_16: mean=0.000000941
[02:25:44] Layer block_17: mean=0.000000921
[02:25:51] Layer block_18: mean=0.000000898
[02:25:58] Layer block_19: mean=0.000000882
[02:26:05] Layer block_20: mean=0.000000863
[02:26:12] Layer block_21: mean=0.000000839
[02:26:19] Layer block_22: mean=0.000000831
[02:26:26] Layer block_23: mean=0.000000835
[02:26:32] Layer block_24: mean=0.000000868
[02:26:39] Layer block_25: mean=0.000000907
[02:26:45] Layer block_26: mean=0.000001054
[02:26:51] Layer block_27: mean=0.000001393
[02:26:57] Layer block_28: mean=0.000001685
[02:27:04] Layer block_29: mean=0.000001907
[02:27:09] Layer block_30: mean=0.000002083
[02:27:15] Layer block_31: mean=0.000002206
[02:27:21] Layer block_32: mean=0.000002296
[02:27:27] Layer block_33: mean=0.000002348
[02:27:32] Layer block_34: mean=0.000002344
[02:27:38] Layer block_35: mean=0.000002305
[02:27:43] Layer block_36: mean=0.000002178
[02:27:48] Layer block_37: mean=0.000001914
[02:27:54] Layer block_38: mean=0.000001477
[02:27:59] Layer block_39: mean=0.000000748
[02:28:04] Layer head: mean=0.000340318
[02:28:04] ✅ svhn updated (N=100).
[02:28:04] 
🔍 Processing task: voc_pose (delta=25)
[02:28:04] [VOC] Loaded 25 samples (skipped 0), tensor torch.Size([25, 3, 224, 224])
[02:28:13] Layer block_0: mean=0.000005040
[02:28:22] Layer block_1: mean=0.000003582
[02:28:31] Layer block_2: mean=0.000003484
[02:28:39] Layer block_3: mean=0.000003332
[02:28:48] Layer block_4: mean=0.000003272
[02:28:57] Layer block_5: mean=0.000003243
[02:29:05] Layer block_6: mean=0.000003221
[02:29:13] Layer block_7: mean=0.000003144
[02:29:22] Layer block_8: mean=0.000003034
[02:29:30] Layer block_9: mean=0.000002932
[02:29:38] Layer block_10: mean=0.000002890
[02:29:46] Layer block_11: mean=0.000002864
[02:29:54] Layer block_12: mean=0.000002799
[02:30:02] Layer block_13: mean=0.000002745
[02:30:09] Layer block_14: mean=0.000002654
[02:30:17] Layer block_15: mean=0.000002586
[02:30:24] Layer block_16: mean=0.000002522
[02:30:31] Layer block_17: mean=0.000002459
[02:30:39] Layer block_18: mean=0.000002389
[02:30:46] Layer block_19: mean=0.000002320
[02:30:53] Layer block_20: mean=0.000002240
[02:31:00] Layer block_21: mean=0.000002152
[02:31:07] Layer block_22: mean=0.000002075
[02:31:13] Layer block_23: mean=0.000002003
[02:31:20] Layer block_24: mean=0.000001995
[02:31:26] Layer block_25: mean=0.000002028
[02:31:33] Layer block_26: mean=0.000002224
[02:31:39] Layer block_27: mean=0.000002651
[02:31:45] Layer block_28: mean=0.000003061
[02:31:51] Layer block_29: mean=0.000003389
[02:31:57] Layer block_30: mean=0.000003675
[02:32:03] Layer block_31: mean=0.000003827
[02:32:09] Layer block_32: mean=0.000003870
[02:32:15] Layer block_33: mean=0.000003827
[02:32:20] Layer block_34: mean=0.000003695
[02:32:26] Layer block_35: mean=0.000003492
[02:32:31] Layer block_36: mean=0.000003179
[02:32:36] Layer block_37: mean=0.000002666
[02:32:41] Layer block_38: mean=0.000001926
[02:32:46] Layer block_39: mean=0.000000820
[02:32:51] Layer head: mean=0.000394909
[02:32:51] ✅ voc_pose updated (N=100).
[02:32:51] ✅ Results saved for milestone 100.
[02:32:51] === Reaching milestone N=125 ===
[02:32:51] 
🔍 Processing task: car (delta=25)
[02:32:52] [Cars] Loaded 25 samples, tensor torch.Size([25, 3, 224, 224])
[02:33:01] Layer block_0: mean=0.000006531
[02:33:10] Layer block_1: mean=0.000004620
[02:33:19] Layer block_2: mean=0.000004479
[02:33:28] Layer block_3: mean=0.000004049
[02:33:36] Layer block_4: mean=0.000003827
[02:33:45] Layer block_5: mean=0.000003731
[02:33:53] Layer block_6: mean=0.000003615
[02:34:02] Layer block_7: mean=0.000003485
[02:34:10] Layer block_8: mean=0.000003323
[02:34:18] Layer block_9: mean=0.000003186
[02:34:26] Layer block_10: mean=0.000003123
[02:34:34] Layer block_11: mean=0.000003081
[02:34:42] Layer block_12: mean=0.000002974
[02:34:50] Layer block_13: mean=0.000002902
[02:34:57] Layer block_14: mean=0.000002785
[02:35:05] Layer block_15: mean=0.000002684
[02:35:12] Layer block_16: mean=0.000002612
[02:35:20] Layer block_17: mean=0.000002519
[02:35:27] Layer block_18: mean=0.000002437
[02:35:34] Layer block_19: mean=0.000002337
[02:35:41] Layer block_20: mean=0.000002221
[02:35:48] Layer block_21: mean=0.000002106
[02:35:55] Layer block_22: mean=0.000001989
[02:36:01] Layer block_23: mean=0.000001866
[02:36:08] Layer block_24: mean=0.000001832
[02:36:15] Layer block_25: mean=0.000001844
[02:36:21] Layer block_26: mean=0.000002037
[02:36:27] Layer block_27: mean=0.000002478
[02:36:33] Layer block_28: mean=0.000002898
[02:36:40] Layer block_29: mean=0.000003263
[02:36:46] Layer block_30: mean=0.000003573
[02:36:51] Layer block_31: mean=0.000003785
[02:36:57] Layer block_32: mean=0.000003864
[02:37:03] Layer block_33: mean=0.000003843
[02:37:08] Layer block_34: mean=0.000003722
[02:37:14] Layer block_35: mean=0.000003544
[02:37:19] Layer block_36: mean=0.000003228
[02:37:25] Layer block_37: mean=0.000002713
[02:37:30] Layer block_38: mean=0.000002004
[02:37:35] Layer block_39: mean=0.000000866
[02:37:40] Layer head: mean=0.000432234
[02:37:40] ✅ car updated (N=125).
[02:37:40] 
🔍 Processing task: cifar (delta=25)
[02:37:40] [CIFAR] Loaded 25 samples, tensor torch.Size([25, 3, 224, 224])
[02:37:49] Layer block_0: mean=0.000002058
[02:37:58] Layer block_1: mean=0.000001658
[02:38:07] Layer block_2: mean=0.000001683
[02:38:15] Layer block_3: mean=0.000001755
[02:38:24] Layer block_4: mean=0.000001839
[02:38:33] Layer block_5: mean=0.000001887
[02:38:41] Layer block_6: mean=0.000001876
[02:38:50] Layer block_7: mean=0.000001847
[02:38:58] Layer block_8: mean=0.000001790
[02:39:06] Layer block_9: mean=0.000001738
[02:39:14] Layer block_10: mean=0.000001719
[02:39:22] Layer block_11: mean=0.000001734
[02:39:30] Layer block_12: mean=0.000001689
[02:39:38] Layer block_13: mean=0.000001655
[02:39:45] Layer block_14: mean=0.000001590
[02:39:53] Layer block_15: mean=0.000001555
[02:40:00] Layer block_16: mean=0.000001539
[02:40:08] Layer block_17: mean=0.000001510
[02:40:15] Layer block_18: mean=0.000001480
[02:40:22] Layer block_19: mean=0.000001456
[02:40:29] Layer block_20: mean=0.000001421
[02:40:36] Layer block_21: mean=0.000001365
[02:40:43] Layer block_22: mean=0.000001316
[02:40:49] Layer block_23: mean=0.000001275
[02:40:56] Layer block_24: mean=0.000001273
[02:41:02] Layer block_25: mean=0.000001300
[02:41:09] Layer block_26: mean=0.000001471
[02:41:15] Layer block_27: mean=0.000001866
[02:41:21] Layer block_28: mean=0.000002216
[02:41:28] Layer block_29: mean=0.000002478
[02:41:34] Layer block_30: mean=0.000002692
[02:41:39] Layer block_31: mean=0.000002841
[02:41:45] Layer block_32: mean=0.000002921
[02:41:51] Layer block_33: mean=0.000002942
[02:41:56] Layer block_34: mean=0.000002896
[02:42:02] Layer block_35: mean=0.000002798
[02:42:07] Layer block_36: mean=0.000002571
[02:42:13] Layer block_37: mean=0.000002217
[02:42:18] Layer block_38: mean=0.000001655
[02:42:23] Layer block_39: mean=0.000000765
[02:42:28] Layer head: mean=0.000372534
[02:42:28] ✅ cifar updated (N=125).
[02:42:28] 
🔍 Processing task: clevr (delta=25)
[02:42:28] [CLEVR] 15000 samples from /root/autodl-tmp/modelselection/datasets/datasets/clevr_count/test
[02:42:28] [CLEVR] Loaded 25 samples, tensor torch.Size([25, 3, 224, 224])
[02:42:37] Layer block_0: mean=0.000001624
[02:42:46] Layer block_1: mean=0.000001058
[02:42:55] Layer block_2: mean=0.000001064
[02:43:04] Layer block_3: mean=0.000001086
[02:43:12] Layer block_4: mean=0.000001099
[02:43:21] Layer block_5: mean=0.000001116
[02:43:29] Layer block_6: mean=0.000001133
[02:43:38] Layer block_7: mean=0.000001136
[02:43:46] Layer block_8: mean=0.000001108
[02:43:54] Layer block_9: mean=0.000001074
[02:44:02] Layer block_10: mean=0.000001067
[02:44:10] Layer block_11: mean=0.000001076
[02:44:18] Layer block_12: mean=0.000001071
[02:44:26] Layer block_13: mean=0.000001063
[02:44:33] Layer block_14: mean=0.000001044
[02:44:41] Layer block_15: mean=0.000001035
[02:44:48] Layer block_16: mean=0.000001032
[02:44:56] Layer block_17: mean=0.000001025
[02:45:03] Layer block_18: mean=0.000001018
[02:45:10] Layer block_19: mean=0.000001008
[02:45:17] Layer block_20: mean=0.000000993
[02:45:24] Layer block_21: mean=0.000000980
[02:45:31] Layer block_22: mean=0.000000978
[02:45:38] Layer block_23: mean=0.000000981
[02:45:44] Layer block_24: mean=0.000001018
[02:45:51] Layer block_25: mean=0.000001069
[02:45:57] Layer block_26: mean=0.000001181
[02:46:03] Layer block_27: mean=0.000001436
[02:46:09] Layer block_28: mean=0.000001677
[02:46:16] Layer block_29: mean=0.000001869
[02:46:22] Layer block_30: mean=0.000002042
[02:46:27] Layer block_31: mean=0.000002175
[02:46:33] Layer block_32: mean=0.000002238
[02:46:39] Layer block_33: mean=0.000002269
[02:46:44] Layer block_34: mean=0.000002243
[02:46:50] Layer block_35: mean=0.000002194
[02:46:55] Layer block_36: mean=0.000002085
[02:47:00] Layer block_37: mean=0.000001863
[02:47:06] Layer block_38: mean=0.000001484
[02:47:11] Layer block_39: mean=0.000000841
[02:47:16] Layer head: mean=0.000378501
[02:47:16] ✅ clevr updated (N=125).
[02:47:16] 
🔍 Processing task: country (delta=25)
[02:47:16] [Country211] Loaded 25 samples, tensor torch.Size([25, 3, 224, 224])
[02:47:25] Layer block_0: mean=0.000004369
[02:47:34] Layer block_1: mean=0.000003116
[02:47:43] Layer block_2: mean=0.000003037
[02:47:52] Layer block_3: mean=0.000002895
[02:48:00] Layer block_4: mean=0.000002868
[02:48:09] Layer block_5: mean=0.000002839
[02:48:17] Layer block_6: mean=0.000002806
[02:48:26] Layer block_7: mean=0.000002741
[02:48:34] Layer block_8: mean=0.000002654
[02:48:42] Layer block_9: mean=0.000002571
[02:48:50] Layer block_10: mean=0.000002535
[02:48:58] Layer block_11: mean=0.000002505
[02:49:06] Layer block_12: mean=0.000002442
[02:49:14] Layer block_13: mean=0.000002391
[02:49:21] Layer block_14: mean=0.000002310
[02:49:29] Layer block_15: mean=0.000002249
[02:49:36] Layer block_16: mean=0.000002203
[02:49:44] Layer block_17: mean=0.000002142
[02:49:51] Layer block_18: mean=0.000002080
[02:49:58] Layer block_19: mean=0.000002008
[02:50:05] Layer block_20: mean=0.000001924
[02:50:12] Layer block_21: mean=0.000001834
[02:50:19] Layer block_22: mean=0.000001764
[02:50:26] Layer block_23: mean=0.000001703
[02:50:32] Layer block_24: mean=0.000001703
[02:50:39] Layer block_25: mean=0.000001748
[02:50:45] Layer block_26: mean=0.000001937
[02:50:51] Layer block_27: mean=0.000002328
[02:50:57] Layer block_28: mean=0.000002715
[02:51:04] Layer block_29: mean=0.000003051
[02:51:10] Layer block_30: mean=0.000003335
[02:51:15] Layer block_31: mean=0.000003518
[02:51:21] Layer block_32: mean=0.000003588
[02:51:27] Layer block_33: mean=0.000003573
[02:51:33] Layer block_34: mean=0.000003463
[02:51:38] Layer block_35: mean=0.000003304
[02:51:43] Layer block_36: mean=0.000003016
[02:51:49] Layer block_37: mean=0.000002540
[02:51:54] Layer block_38: mean=0.000001835
[02:51:59] Layer block_39: mean=0.000000789
[02:52:04] Layer head: mean=0.000394525
[02:52:04] ✅ country updated (N=125).
[02:52:04] 
🔍 Processing task: dmlab (delta=25)
[02:52:04] [DMLab] Loaded 25 samples (skipped 0), tensor torch.Size([25, 3, 224, 224])
[02:52:13] Layer block_0: mean=0.000003707
[02:52:22] Layer block_1: mean=0.000002360
[02:52:31] Layer block_2: mean=0.000002213
[02:52:40] Layer block_3: mean=0.000002112
[02:52:48] Layer block_4: mean=0.000002114
[02:52:57] Layer block_5: mean=0.000002123
[02:53:05] Layer block_6: mean=0.000002111
[02:53:14] Layer block_7: mean=0.000002086
[02:53:22] Layer block_8: mean=0.000002011
[02:53:30] Layer block_9: mean=0.000001951
[02:53:38] Layer block_10: mean=0.000001923
[02:53:46] Layer block_11: mean=0.000001906
[02:53:54] Layer block_12: mean=0.000001867
[02:54:02] Layer block_13: mean=0.000001829
[02:54:09] Layer block_14: mean=0.000001767
[02:54:17] Layer block_15: mean=0.000001735
[02:54:24] Layer block_16: mean=0.000001703
[02:54:31] Layer block_17: mean=0.000001660
[02:54:39] Layer block_18: mean=0.000001617
[02:54:46] Layer block_19: mean=0.000001578
[02:54:53] Layer block_20: mean=0.000001529
[02:55:00] Layer block_21: mean=0.000001480
[02:55:07] Layer block_22: mean=0.000001459
[02:55:13] Layer block_23: mean=0.000001439
[02:55:20] Layer block_24: mean=0.000001474
[02:55:26] Layer block_25: mean=0.000001540
[02:55:33] Layer block_26: mean=0.000001730
[02:55:39] Layer block_27: mean=0.000002086
[02:55:45] Layer block_28: mean=0.000002411
[02:55:51] Layer block_29: mean=0.000002649
[02:55:57] Layer block_30: mean=0.000002844
[02:56:03] Layer block_31: mean=0.000002974
[02:56:09] Layer block_32: mean=0.000003029
[02:56:15] Layer block_33: mean=0.000003032
[02:56:20] Layer block_34: mean=0.000002977
[02:56:26] Layer block_35: mean=0.000002861
[02:56:31] Layer block_36: mean=0.000002659
[02:56:36] Layer block_37: mean=0.000002284
[02:56:41] Layer block_38: mean=0.000001718
[02:56:46] Layer block_39: mean=0.000000788
[02:56:51] Layer head: mean=0.000388364
[02:56:51] ✅ dmlab updated (N=125).
[02:56:51] 
🔍 Processing task: dr (delta=25)
[02:56:52] [DR] Loaded 42670 paths from /root/autodl-tmp/modelselection/datasets/datasets/diabetic_retinopathy/test.txt
[02:56:52] [DR] Loaded 25 samples (skipped 0), tensor torch.Size([25, 3, 224, 224])
[02:57:01] Layer block_0: mean=0.000002044
[02:57:10] Layer block_1: mean=0.000001523
[02:57:19] Layer block_2: mean=0.000001553
[02:57:27] Layer block_3: mean=0.000001530
[02:57:36] Layer block_4: mean=0.000001527
[02:57:45] Layer block_5: mean=0.000001550
[02:57:53] Layer block_6: mean=0.000001539
[02:58:02] Layer block_7: mean=0.000001509
[02:58:10] Layer block_8: mean=0.000001462
[02:58:18] Layer block_9: mean=0.000001408
[02:58:26] Layer block_10: mean=0.000001386
[02:58:34] Layer block_11: mean=0.000001373
[02:58:42] Layer block_12: mean=0.000001347
[02:58:50] Layer block_13: mean=0.000001326
[02:58:57] Layer block_14: mean=0.000001285
[02:59:05] Layer block_15: mean=0.000001252
[02:59:12] Layer block_16: mean=0.000001236
[02:59:19] Layer block_17: mean=0.000001205
[02:59:27] Layer block_18: mean=0.000001179
[02:59:34] Layer block_19: mean=0.000001149
[02:59:41] Layer block_20: mean=0.000001122
[02:59:48] Layer block_21: mean=0.000001095
[02:59:55] Layer block_22: mean=0.000001078
[03:00:01] Layer block_23: mean=0.000001063
[03:00:08] Layer block_24: mean=0.000001096
[03:00:14] Layer block_25: mean=0.000001156
[03:00:21] Layer block_26: mean=0.000001310
[03:00:27] Layer block_27: mean=0.000001594
[03:00:33] Layer block_28: mean=0.000001873
[03:00:39] Layer block_29: mean=0.000002117
[03:00:45] Layer block_30: mean=0.000002321
[03:00:51] Layer block_31: mean=0.000002462
[03:00:57] Layer block_32: mean=0.000002537
[03:01:02] Layer block_33: mean=0.000002559
[03:01:08] Layer block_34: mean=0.000002536
[03:01:13] Layer block_35: mean=0.000002488
[03:01:19] Layer block_36: mean=0.000002360
[03:01:24] Layer block_37: mean=0.000002102
[03:01:29] Layer block_38: mean=0.000001569
[03:01:34] Layer block_39: mean=0.000000806
[03:01:39] Layer head: mean=0.000390675
[03:01:39] ✅ dr updated (N=125).
[03:01:39] 
🔍 Processing task: dtd (delta=25)
[03:01:39] [DTD] Collected 5640 image paths from /root/autodl-tmp/modelselection/datasets/datasets/dtd/labels
[03:01:39] [DTD] Loaded 25 samples (skipped 0), tensor torch.Size([25, 3, 224, 224])
[03:01:48] Layer block_0: mean=0.000005788
[03:01:57] Layer block_1: mean=0.000003952
[03:02:06] Layer block_2: mean=0.000003646
[03:02:15] Layer block_3: mean=0.000003387
[03:02:24] Layer block_4: mean=0.000003257
[03:02:32] Layer block_5: mean=0.000003165
[03:02:41] Layer block_6: mean=0.000003070
[03:02:49] Layer block_7: mean=0.000002947
[03:02:57] Layer block_8: mean=0.000002781
[03:03:05] Layer block_9: mean=0.000002643
[03:03:13] Layer block_10: mean=0.000002550
[03:03:21] Layer block_11: mean=0.000002476
[03:03:29] Layer block_12: mean=0.000002369
[03:03:37] Layer block_13: mean=0.000002289
[03:03:44] Layer block_14: mean=0.000002171
[03:03:52] Layer block_15: mean=0.000002080
[03:03:59] Layer block_16: mean=0.000002012
[03:04:07] Layer block_17: mean=0.000001938
[03:04:14] Layer block_18: mean=0.000001861
[03:04:21] Layer block_19: mean=0.000001778
[03:04:28] Layer block_20: mean=0.000001707
[03:04:35] Layer block_21: mean=0.000001636
[03:04:42] Layer block_22: mean=0.000001592
[03:04:48] Layer block_23: mean=0.000001576
[03:04:55] Layer block_24: mean=0.000001629
[03:05:02] Layer block_25: mean=0.000001706
[03:05:08] Layer block_26: mean=0.000001954
[03:05:14] Layer block_27: mean=0.000002477
[03:05:20] Layer block_28: mean=0.000002929
[03:05:26] Layer block_29: mean=0.000003285
[03:05:32] Layer block_30: mean=0.000003561
[03:05:38] Layer block_31: mean=0.000003699
[03:05:44] Layer block_32: mean=0.000003738
[03:05:50] Layer block_33: mean=0.000003706
[03:05:55] Layer block_34: mean=0.000003587
[03:06:01] Layer block_35: mean=0.000003403
[03:06:06] Layer block_36: mean=0.000003116
[03:06:11] Layer block_37: mean=0.000002654
[03:06:16] Layer block_38: mean=0.000001887
[03:06:21] Layer block_39: mean=0.000000753
[03:06:26] Layer head: mean=0.000387732
[03:06:26] ✅ dtd updated (N=125).
[03:06:26] 
🔍 Processing task: eurosat (delta=25)
[03:06:26] [EuroSAT] Collected 27000 images from 10 classes under /root/autodl-tmp/modelselection/datasets/datasets/eurosat/2750
[03:06:26] [EuroSAT] Loaded 25 samples (skipped 0), tensor torch.Size([25, 3, 224, 224])
[03:06:36] Layer block_0: mean=0.000001793
[03:06:45] Layer block_1: mean=0.000001479
[03:06:53] Layer block_2: mean=0.000001562
[03:07:02] Layer block_3: mean=0.000001621
[03:07:11] Layer block_4: mean=0.000001689
[03:07:19] Layer block_5: mean=0.000001725
[03:07:28] Layer block_6: mean=0.000001746
[03:07:36] Layer block_7: mean=0.000001747
[03:07:44] Layer block_8: mean=0.000001692
[03:07:53] Layer block_9: mean=0.000001637
[03:08:01] Layer block_10: mean=0.000001607
[03:08:08] Layer block_11: mean=0.000001594
[03:08:16] Layer block_12: mean=0.000001550
[03:08:24] Layer block_13: mean=0.000001515
[03:08:32] Layer block_14: mean=0.000001457
[03:08:39] Layer block_15: mean=0.000001402
[03:08:47] Layer block_16: mean=0.000001370
[03:08:54] Layer block_17: mean=0.000001323
[03:09:01] Layer block_18: mean=0.000001278
[03:09:08] Layer block_19: mean=0.000001230
[03:09:15] Layer block_20: mean=0.000001168
[03:09:22] Layer block_21: mean=0.000001109
[03:09:29] Layer block_22: mean=0.000001067
[03:09:36] Layer block_23: mean=0.000001046
[03:09:42] Layer block_24: mean=0.000001083
[03:09:49] Layer block_25: mean=0.000001156
[03:09:55] Layer block_26: mean=0.000001347
[03:10:01] Layer block_27: mean=0.000001767
[03:10:07] Layer block_28: mean=0.000002146
[03:10:13] Layer block_29: mean=0.000002442
[03:10:19] Layer block_30: mean=0.000002676
[03:10:25] Layer block_31: mean=0.000002830
[03:10:31] Layer block_32: mean=0.000002916
[03:10:37] Layer block_33: mean=0.000002935
[03:10:42] Layer block_34: mean=0.000002890
[03:10:48] Layer block_35: mean=0.000002791
[03:10:53] Layer block_36: mean=0.000002588
[03:10:58] Layer block_37: mean=0.000002240
[03:11:03] Layer block_38: mean=0.000001666
[03:11:09] Layer block_39: mean=0.000000763
[03:11:14] Layer head: mean=0.000357989
[03:11:14] ✅ eurosat updated (N=125).
[03:11:14] 
🔍 Processing task: fer2013 (delta=25)
[03:11:14] [FER2013] Loaded 25 samples (skipped 0), tensor torch.Size([25, 3, 224, 224])
[03:11:23] Layer block_0: mean=0.000001956
[03:11:32] Layer block_1: mean=0.000001759
[03:11:40] Layer block_2: mean=0.000001895
[03:11:49] Layer block_3: mean=0.000002024
[03:11:58] Layer block_4: mean=0.000002074
[03:12:06] Layer block_5: mean=0.000002120
[03:12:15] Layer block_6: mean=0.000002120
[03:12:23] Layer block_7: mean=0.000002115
[03:12:32] Layer block_8: mean=0.000002077
[03:12:40] Layer block_9: mean=0.000002029
[03:12:48] Layer block_10: mean=0.000002018
[03:12:56] Layer block_11: mean=0.000002045
[03:13:04] Layer block_12: mean=0.000002018
[03:13:11] Layer block_13: mean=0.000002000
[03:13:19] Layer block_14: mean=0.000001949
[03:13:26] Layer block_15: mean=0.000001917
[03:13:34] Layer block_16: mean=0.000001899
[03:13:41] Layer block_17: mean=0.000001862
[03:13:48] Layer block_18: mean=0.000001823
[03:13:55] Layer block_19: mean=0.000001791
[03:14:03] Layer block_20: mean=0.000001736
[03:14:09] Layer block_21: mean=0.000001668
[03:14:16] Layer block_22: mean=0.000001607
[03:14:23] Layer block_23: mean=0.000001545
[03:14:29] Layer block_24: mean=0.000001537
[03:14:36] Layer block_25: mean=0.000001569
[03:14:42] Layer block_26: mean=0.000001746
[03:14:49] Layer block_27: mean=0.000002099
[03:14:55] Layer block_28: mean=0.000002439
[03:15:01] Layer block_29: mean=0.000002692
[03:15:07] Layer block_30: mean=0.000002922
[03:15:13] Layer block_31: mean=0.000003063
[03:15:19] Layer block_32: mean=0.000003140
[03:15:24] Layer block_33: mean=0.000003135
[03:15:30] Layer block_34: mean=0.000003078
[03:15:35] Layer block_35: mean=0.000002971
[03:15:41] Layer block_36: mean=0.000002730
[03:15:46] Layer block_37: mean=0.000002344
[03:15:51] Layer block_38: mean=0.000001753
[03:15:56] Layer block_39: mean=0.000000820
[03:16:01] Layer head: mean=0.000388134
[03:16:01] ✅ fer2013 updated (N=125).
[03:16:01] 
🔍 Processing task: gtsrb (delta=25)
[03:16:01] [GTSRB] Collected 12630 test images.
[03:16:01] [GTSRB] Loaded 25 samples (skipped 0), tensor torch.Size([25, 3, 224, 224])
[03:16:10] Layer block_0: mean=0.000002540
[03:16:19] Layer block_1: mean=0.000001993
[03:16:28] Layer block_2: mean=0.000001987
[03:16:37] Layer block_3: mean=0.000002005
[03:16:45] Layer block_4: mean=0.000002052
[03:16:54] Layer block_5: mean=0.000002063
[03:17:02] Layer block_6: mean=0.000002055
[03:17:11] Layer block_7: mean=0.000002023
[03:17:19] Layer block_8: mean=0.000001951
[03:17:27] Layer block_9: mean=0.000001885
[03:17:35] Layer block_10: mean=0.000001847
[03:17:43] Layer block_11: mean=0.000001825
[03:17:51] Layer block_12: mean=0.000001766
[03:17:59] Layer block_13: mean=0.000001726
[03:18:06] Layer block_14: mean=0.000001654
[03:18:14] Layer block_15: mean=0.000001608
[03:18:21] Layer block_16: mean=0.000001577
[03:18:29] Layer block_17: mean=0.000001534
[03:18:36] Layer block_18: mean=0.000001490
[03:18:43] Layer block_19: mean=0.000001455
[03:18:50] Layer block_20: mean=0.000001416
[03:18:57] Layer block_21: mean=0.000001375
[03:19:04] Layer block_22: mean=0.000001345
[03:19:10] Layer block_23: mean=0.000001329
[03:19:17] Layer block_24: mean=0.000001357
[03:19:23] Layer block_25: mean=0.000001411
[03:19:30] Layer block_26: mean=0.000001601
[03:19:36] Layer block_27: mean=0.000002010
[03:19:42] Layer block_28: mean=0.000002375
[03:19:48] Layer block_29: mean=0.000002654
[03:19:54] Layer block_30: mean=0.000002876
[03:20:00] Layer block_31: mean=0.000003017
[03:20:06] Layer block_32: mean=0.000003075
[03:20:12] Layer block_33: mean=0.000003069
[03:20:17] Layer block_34: mean=0.000002993
[03:20:23] Layer block_35: mean=0.000002885
[03:20:28] Layer block_36: mean=0.000002644
[03:20:33] Layer block_37: mean=0.000002259
[03:20:38] Layer block_38: mean=0.000001694
[03:20:43] Layer block_39: mean=0.000000789
[03:20:48] Layer head: mean=0.000373329
[03:20:48] ✅ gtsrb updated (N=125).
[03:20:48] 
🔍 Processing task: kitti (delta=25)
[03:20:48] [KITTI] Collected 711 images from /root/autodl-tmp/modelselection/datasets/datasets/kitti/test.txt
[03:20:49] [KITTI] Loaded 25 samples (skipped 0), tensor torch.Size([25, 3, 224, 224])
[03:20:58] Layer block_0: mean=0.000003722
[03:21:07] Layer block_1: mean=0.000002653
[03:21:15] Layer block_2: mean=0.000002560
[03:21:24] Layer block_3: mean=0.000002456
[03:21:33] Layer block_4: mean=0.000002447
[03:21:41] Layer block_5: mean=0.000002473
[03:21:50] Layer block_6: mean=0.000002471
[03:21:58] Layer block_7: mean=0.000002433
[03:22:06] Layer block_8: mean=0.000002368
[03:22:15] Layer block_9: mean=0.000002302
[03:22:23] Layer block_10: mean=0.000002272
[03:22:31] Layer block_11: mean=0.000002252
[03:22:38] Layer block_12: mean=0.000002201
[03:22:46] Layer block_13: mean=0.000002150
[03:22:54] Layer block_14: mean=0.000002083
[03:23:01] Layer block_15: mean=0.000002027
[03:23:09] Layer block_16: mean=0.000001981
[03:23:16] Layer block_17: mean=0.000001932
[03:23:23] Layer block_18: mean=0.000001882
[03:23:31] Layer block_19: mean=0.000001836
[03:23:38] Layer block_20: mean=0.000001772
[03:23:44] Layer block_21: mean=0.000001711
[03:23:51] Layer block_22: mean=0.000001668
[03:23:58] Layer block_23: mean=0.000001627
[03:24:04] Layer block_24: mean=0.000001631
[03:24:11] Layer block_25: mean=0.000001674
[03:24:17] Layer block_26: mean=0.000001862
[03:24:24] Layer block_27: mean=0.000002251
[03:24:30] Layer block_28: mean=0.000002632
[03:24:36] Layer block_29: mean=0.000002973
[03:24:42] Layer block_30: mean=0.000003247
[03:24:48] Layer block_31: mean=0.000003418
[03:24:54] Layer block_32: mean=0.000003485
[03:24:59] Layer block_33: mean=0.000003468
[03:25:05] Layer block_34: mean=0.000003338
[03:25:10] Layer block_35: mean=0.000003164
[03:25:16] Layer block_36: mean=0.000002886
[03:25:21] Layer block_37: mean=0.000002421
[03:25:26] Layer block_38: mean=0.000001783
[03:25:31] Layer block_39: mean=0.000000784
[03:25:36] Layer head: mean=0.000399745
[03:25:36] ✅ kitti updated (N=125).
[03:25:36] 
🔍 Processing task: mnist (delta=25)
[03:25:36] [MNIST] Loaded 25 samples, tensor torch.Size([25, 3, 224, 224])
[03:25:45] Layer block_0: mean=0.000000962
[03:25:54] Layer block_1: mean=0.000000740
[03:26:03] Layer block_2: mean=0.000000734
[03:26:11] Layer block_3: mean=0.000000745
[03:26:20] Layer block_4: mean=0.000000775
[03:26:29] Layer block_5: mean=0.000000820
[03:26:37] Layer block_6: mean=0.000000835
[03:26:46] Layer block_7: mean=0.000000826
[03:26:54] Layer block_8: mean=0.000000800
[03:27:02] Layer block_9: mean=0.000000776
[03:27:10] Layer block_10: mean=0.000000766
[03:27:18] Layer block_11: mean=0.000000763
[03:27:26] Layer block_12: mean=0.000000749
[03:27:33] Layer block_13: mean=0.000000733
[03:27:41] Layer block_14: mean=0.000000701
[03:27:49] Layer block_15: mean=0.000000684
[03:27:56] Layer block_16: mean=0.000000676
[03:28:03] Layer block_17: mean=0.000000666
[03:28:10] Layer block_18: mean=0.000000656
[03:28:18] Layer block_19: mean=0.000000646
[03:28:25] Layer block_20: mean=0.000000634
[03:28:32] Layer block_21: mean=0.000000620
[03:28:38] Layer block_22: mean=0.000000624
[03:28:45] Layer block_23: mean=0.000000632
[03:28:52] Layer block_24: mean=0.000000661
[03:28:58] Layer block_25: mean=0.000000722
[03:29:05] Layer block_26: mean=0.000000830
[03:29:11] Layer block_27: mean=0.000001028
[03:29:17] Layer block_28: mean=0.000001218
[03:29:23] Layer block_29: mean=0.000001376
[03:29:29] Layer block_30: mean=0.000001511
[03:29:35] Layer block_31: mean=0.000001622
[03:29:41] Layer block_32: mean=0.000001699
[03:29:46] Layer block_33: mean=0.000001733
[03:29:52] Layer block_34: mean=0.000001740
[03:29:58] Layer block_35: mean=0.000001719
[03:30:03] Layer block_36: mean=0.000001662
[03:30:08] Layer block_37: mean=0.000001503
[03:30:13] Layer block_38: mean=0.000001214
[03:30:18] Layer block_39: mean=0.000000753
[03:30:23] Layer head: mean=0.000364956
[03:30:23] ✅ mnist updated (N=125).
[03:30:23] 
🔍 Processing task: oxford_flowers (delta=25)
[03:30:23] [OxfordFlowers] Loaded 25 samples (skipped 0), tensor torch.Size([25, 3, 224, 224])
[03:30:33] Layer block_0: mean=0.000004404
[03:30:42] Layer block_1: mean=0.000003238
[03:30:50] Layer block_2: mean=0.000003372
[03:30:59] Layer block_3: mean=0.000003358
[03:31:08] Layer block_4: mean=0.000003349
[03:31:16] Layer block_5: mean=0.000003314
[03:31:25] Layer block_6: mean=0.000003299
[03:31:33] Layer block_7: mean=0.000003227
[03:31:41] Layer block_8: mean=0.000003117
[03:31:49] Layer block_9: mean=0.000003005
[03:31:58] Layer block_10: mean=0.000002942
[03:32:05] Layer block_11: mean=0.000002879
[03:32:13] Layer block_12: mean=0.000002755
[03:32:21] Layer block_13: mean=0.000002658
[03:32:29] Layer block_14: mean=0.000002525
[03:32:36] Layer block_15: mean=0.000002389
[03:32:44] Layer block_16: mean=0.000002296
[03:32:51] Layer block_17: mean=0.000002184
[03:32:58] Layer block_18: mean=0.000002075
[03:33:05] Layer block_19: mean=0.000001957
[03:33:12] Layer block_20: mean=0.000001845
[03:33:19] Layer block_21: mean=0.000001708
[03:33:26] Layer block_22: mean=0.000001596
[03:33:33] Layer block_23: mean=0.000001514
[03:33:39] Layer block_24: mean=0.000001497
[03:33:46] Layer block_25: mean=0.000001521
[03:33:52] Layer block_26: mean=0.000001742
[03:33:58] Layer block_27: mean=0.000002207
[03:34:05] Layer block_28: mean=0.000002652
[03:34:11] Layer block_29: mean=0.000003041
[03:34:17] Layer block_30: mean=0.000003362
[03:34:22] Layer block_31: mean=0.000003572
[03:34:28] Layer block_32: mean=0.000003676
[03:34:34] Layer block_33: mean=0.000003693
[03:34:39] Layer block_34: mean=0.000003628
[03:34:45] Layer block_35: mean=0.000003456
[03:34:50] Layer block_36: mean=0.000003131
[03:34:56] Layer block_37: mean=0.000002616
[03:35:01] Layer block_38: mean=0.000001841
[03:35:06] Layer block_39: mean=0.000000792
[03:35:11] Layer head: mean=0.000402599
[03:35:11] ✅ oxford_flowers updated (N=125).
[03:35:11] 
🔍 Processing task: oxford_pet (delta=25)
[03:35:11] [OxfordPet] Loaded 25 samples (skipped 0), tensor torch.Size([25, 3, 224, 224])
[03:35:20] Layer block_0: mean=0.000003991
[03:35:29] Layer block_1: mean=0.000002885
[03:35:38] Layer block_2: mean=0.000002849
[03:35:47] Layer block_3: mean=0.000002776
[03:35:55] Layer block_4: mean=0.000002771
[03:36:04] Layer block_5: mean=0.000002792
[03:36:12] Layer block_6: mean=0.000002804
[03:36:21] Layer block_7: mean=0.000002767
[03:36:29] Layer block_8: mean=0.000002693
[03:36:37] Layer block_9: mean=0.000002610
[03:36:45] Layer block_10: mean=0.000002587
[03:36:53] Layer block_11: mean=0.000002575
[03:37:01] Layer block_12: mean=0.000002497
[03:37:09] Layer block_13: mean=0.000002453
[03:37:16] Layer block_14: mean=0.000002346
[03:37:24] Layer block_15: mean=0.000002267
[03:37:31] Layer block_16: mean=0.000002194
[03:37:38] Layer block_17: mean=0.000002119
[03:37:46] Layer block_18: mean=0.000002029
[03:37:53] Layer block_19: mean=0.000001958
[03:38:00] Layer block_20: mean=0.000001871
[03:38:07] Layer block_21: mean=0.000001764
[03:38:14] Layer block_22: mean=0.000001664
[03:38:20] Layer block_23: mean=0.000001576
[03:38:27] Layer block_24: mean=0.000001533
[03:38:33] Layer block_25: mean=0.000001532
[03:38:40] Layer block_26: mean=0.000001732
[03:38:46] Layer block_27: mean=0.000002174
[03:38:52] Layer block_28: mean=0.000002593
[03:38:58] Layer block_29: mean=0.000002952
[03:39:04] Layer block_30: mean=0.000003263
[03:39:10] Layer block_31: mean=0.000003446
[03:39:16] Layer block_32: mean=0.000003538
[03:39:21] Layer block_33: mean=0.000003559
[03:39:27] Layer block_34: mean=0.000003467
[03:39:33] Layer block_35: mean=0.000003297
[03:39:38] Layer block_36: mean=0.000003007
[03:39:43] Layer block_37: mean=0.000002532
[03:39:48] Layer block_38: mean=0.000001831
[03:39:53] Layer block_39: mean=0.000000839
[03:39:58] Layer head: mean=0.000401338
[03:39:58] ✅ oxford_pet updated (N=125).
[03:39:58] 
🔍 Processing task: patch_camelyon (delta=25)
[03:39:58] [PatchCamelyon] Collected 32768 image paths from /root/autodl-tmp/modelselection/datasets/datasets/patch_camelyon/test.txt
[03:39:58] [PatchCamelyon] Loaded 25 samples (skipped 0), tensor torch.Size([25, 3, 224, 224])
[03:40:08] Layer block_0: mean=0.000004253
[03:40:16] Layer block_1: mean=0.000003305
[03:40:25] Layer block_2: mean=0.000003064
[03:40:34] Layer block_3: mean=0.000002843
[03:40:43] Layer block_4: mean=0.000002764
[03:40:51] Layer block_5: mean=0.000002718
[03:41:00] Layer block_6: mean=0.000002658
[03:41:08] Layer block_7: mean=0.000002562
[03:41:16] Layer block_8: mean=0.000002433
[03:41:24] Layer block_9: mean=0.000002313
[03:41:33] Layer block_10: mean=0.000002231
[03:41:40] Layer block_11: mean=0.000002175
[03:41:48] Layer block_12: mean=0.000002092
[03:41:56] Layer block_13: mean=0.000002029
[03:42:04] Layer block_14: mean=0.000001945
[03:42:11] Layer block_15: mean=0.000001865
[03:42:19] Layer block_16: mean=0.000001813
[03:42:26] Layer block_17: mean=0.000001738
[03:42:33] Layer block_18: mean=0.000001669
[03:42:40] Layer block_19: mean=0.000001590
[03:42:47] Layer block_20: mean=0.000001526
[03:42:54] Layer block_21: mean=0.000001452
[03:43:01] Layer block_22: mean=0.000001411
[03:43:08] Layer block_23: mean=0.000001392
[03:43:14] Layer block_24: mean=0.000001441
[03:43:21] Layer block_25: mean=0.000001498
[03:43:27] Layer block_26: mean=0.000001733
[03:43:33] Layer block_27: mean=0.000002236
[03:43:40] Layer block_28: mean=0.000002658
[03:43:46] Layer block_29: mean=0.000003013
[03:43:52] Layer block_30: mean=0.000003290
[03:43:57] Layer block_31: mean=0.000003484
[03:44:03] Layer block_32: mean=0.000003540
[03:44:09] Layer block_33: mean=0.000003554
[03:44:14] Layer block_34: mean=0.000003480
[03:44:20] Layer block_35: mean=0.000003330
[03:44:25] Layer block_36: mean=0.000003073
[03:44:30] Layer block_37: mean=0.000002636
[03:44:36] Layer block_38: mean=0.000001885
[03:44:41] Layer block_39: mean=0.000000771
[03:44:46] Layer head: mean=0.000408915
[03:44:46] ✅ patch_camelyon updated (N=125).
[03:44:46] 
🔍 Processing task: renderedsst2 (delta=25)
[03:44:46] [RenderedSST2] Loaded 25 samples (skipped 0), tensor torch.Size([25, 3, 224, 224])
[03:44:55] Layer block_0: mean=0.000005259
[03:45:04] Layer block_1: mean=0.000003500
[03:45:13] Layer block_2: mean=0.000003303
[03:45:21] Layer block_3: mean=0.000003162
[03:45:30] Layer block_4: mean=0.000003032
[03:45:39] Layer block_5: mean=0.000002864
[03:45:47] Layer block_6: mean=0.000002679
[03:45:56] Layer block_7: mean=0.000002517
[03:46:04] Layer block_8: mean=0.000002322
[03:46:12] Layer block_9: mean=0.000002185
[03:46:20] Layer block_10: mean=0.000002092
[03:46:28] Layer block_11: mean=0.000002043
[03:46:36] Layer block_12: mean=0.000001985
[03:46:44] Layer block_13: mean=0.000001918
[03:46:51] Layer block_14: mean=0.000001833
[03:46:59] Layer block_15: mean=0.000001788
[03:47:06] Layer block_16: mean=0.000001742
[03:47:14] Layer block_17: mean=0.000001665
[03:47:21] Layer block_18: mean=0.000001621
[03:47:28] Layer block_19: mean=0.000001574
[03:47:35] Layer block_20: mean=0.000001529
[03:47:42] Layer block_21: mean=0.000001494
[03:47:49] Layer block_22: mean=0.000001468
[03:47:55] Layer block_23: mean=0.000001451
[03:48:02] Layer block_24: mean=0.000001439
[03:48:08] Layer block_25: mean=0.000001466
[03:48:15] Layer block_26: mean=0.000001540
[03:48:21] Layer block_27: mean=0.000001725
[03:48:27] Layer block_28: mean=0.000001932
[03:48:33] Layer block_29: mean=0.000002163
[03:48:39] Layer block_30: mean=0.000002388
[03:48:45] Layer block_31: mean=0.000002588
[03:48:51] Layer block_32: mean=0.000002707
[03:48:57] Layer block_33: mean=0.000002750
[03:49:02] Layer block_34: mean=0.000002728
[03:49:08] Layer block_35: mean=0.000002612
[03:49:13] Layer block_36: mean=0.000002413
[03:49:18] Layer block_37: mean=0.000002059
[03:49:23] Layer block_38: mean=0.000001535
[03:49:28] Layer block_39: mean=0.000000780
[03:49:33] Layer head: mean=0.000379222
[03:49:33] ✅ renderedsst2 updated (N=125).
[03:49:33] 
🔍 Processing task: resisc45 (delta=25)
[03:49:33] [RESISC45] Collected 6300 images from /root/autodl-tmp/modelselection/datasets/datasets/resisc45/test.txt
[03:49:33] [RESISC45] Loaded 25 samples (skipped 0), tensor torch.Size([25, 3, 224, 224])
[03:49:43] Layer block_0: mean=0.000004466
[03:49:52] Layer block_1: mean=0.000003402
[03:50:00] Layer block_2: mean=0.000003331
[03:50:09] Layer block_3: mean=0.000003154
[03:50:18] Layer block_4: mean=0.000003056
[03:50:26] Layer block_5: mean=0.000002991
[03:50:35] Layer block_6: mean=0.000002935
[03:50:43] Layer block_7: mean=0.000002842
[03:50:52] Layer block_8: mean=0.000002726
[03:51:00] Layer block_9: mean=0.000002615
[03:51:08] Layer block_10: mean=0.000002551
[03:51:16] Layer block_11: mean=0.000002495
[03:51:23] Layer block_12: mean=0.000002405
[03:51:31] Layer block_13: mean=0.000002337
[03:51:39] Layer block_14: mean=0.000002235
[03:51:46] Layer block_15: mean=0.000002159
[03:51:54] Layer block_16: mean=0.000002108
[03:52:01] Layer block_17: mean=0.000002045
[03:52:08] Layer block_18: mean=0.000001987
[03:52:15] Layer block_19: mean=0.000001914
[03:52:22] Layer block_20: mean=0.000001839
[03:52:29] Layer block_21: mean=0.000001755
[03:52:36] Layer block_22: mean=0.000001711
[03:52:43] Layer block_23: mean=0.000001691
[03:52:49] Layer block_24: mean=0.000001739
[03:52:56] Layer block_25: mean=0.000001837
[03:53:02] Layer block_26: mean=0.000002112
[03:53:09] Layer block_27: mean=0.000002653
[03:53:15] Layer block_28: mean=0.000003149
[03:53:21] Layer block_29: mean=0.000003557
[03:53:27] Layer block_30: mean=0.000003882
[03:53:33] Layer block_31: mean=0.000004081
[03:53:39] Layer block_32: mean=0.000004139
[03:53:44] Layer block_33: mean=0.000004114
[03:53:50] Layer block_34: mean=0.000003951
[03:53:55] Layer block_35: mean=0.000003724
[03:54:01] Layer block_36: mean=0.000003389
[03:54:06] Layer block_37: mean=0.000002829
[03:54:11] Layer block_38: mean=0.000002023
[03:54:16] Layer block_39: mean=0.000000797
[03:54:21] Layer head: mean=0.000399105
[03:54:21] ✅ resisc45 updated (N=125).
[03:54:21] 
🔍 Processing task: stl10 (delta=25)
[03:54:21] [STL10] Loaded 25 samples, tensor torch.Size([25, 3, 224, 224])
[03:54:30] Layer block_0: mean=0.000004498
[03:54:39] Layer block_1: mean=0.000003535
[03:54:48] Layer block_2: mean=0.000003442
[03:54:57] Layer block_3: mean=0.000003256
[03:55:05] Layer block_4: mean=0.000003184
[03:55:14] Layer block_5: mean=0.000003151
[03:55:22] Layer block_6: mean=0.000003124
[03:55:31] Layer block_7: mean=0.000003053
[03:55:39] Layer block_8: mean=0.000002949
[03:55:47] Layer block_9: mean=0.000002837
[03:55:55] Layer block_10: mean=0.000002779
[03:56:03] Layer block_11: mean=0.000002732
[03:56:11] Layer block_12: mean=0.000002648
[03:56:19] Layer block_13: mean=0.000002591
[03:56:26] Layer block_14: mean=0.000002503
[03:56:34] Layer block_15: mean=0.000002444
[03:56:41] Layer block_16: mean=0.000002406
[03:56:49] Layer block_17: mean=0.000002355
[03:56:56] Layer block_18: mean=0.000002290
[03:57:03] Layer block_19: mean=0.000002230
[03:57:10] Layer block_20: mean=0.000002169
[03:57:17] Layer block_21: mean=0.000002105
[03:57:24] Layer block_22: mean=0.000002060
[03:57:30] Layer block_23: mean=0.000002018
[03:57:37] Layer block_24: mean=0.000002031
[03:57:43] Layer block_25: mean=0.000002082
[03:57:50] Layer block_26: mean=0.000002281
[03:57:56] Layer block_27: mean=0.000002701
[03:58:02] Layer block_28: mean=0.000003074
[03:58:08] Layer block_29: mean=0.000003370
[03:58:14] Layer block_30: mean=0.000003604
[03:58:20] Layer block_31: mean=0.000003737
[03:58:26] Layer block_32: mean=0.000003776
[03:58:32] Layer block_33: mean=0.000003742
[03:58:37] Layer block_34: mean=0.000003617
[03:58:43] Layer block_35: mean=0.000003426
[03:58:48] Layer block_36: mean=0.000003107
[03:58:53] Layer block_37: mean=0.000002620
[03:58:58] Layer block_38: mean=0.000001894
[03:59:03] Layer block_39: mean=0.000000794
[03:59:09] Layer head: mean=0.000392666
[03:59:09] ✅ stl10 updated (N=125).
[03:59:09] 
🔍 Processing task: sun397 (delta=25)
[03:59:09] [SUN397] Loaded 25 samples (skipped 0), tensor torch.Size([25, 3, 224, 224])
[03:59:18] Layer block_0: mean=0.000005631
[03:59:27] Layer block_1: mean=0.000003985
[03:59:36] Layer block_2: mean=0.000003774
[03:59:45] Layer block_3: mean=0.000003518
[03:59:53] Layer block_4: mean=0.000003438
[04:00:02] Layer block_5: mean=0.000003406
[04:00:10] Layer block_6: mean=0.000003347
[04:00:19] Layer block_7: mean=0.000003249
[04:00:27] Layer block_8: mean=0.000003115
[04:00:35] Layer block_9: mean=0.000003002
[04:00:43] Layer block_10: mean=0.000002947
[04:00:51] Layer block_11: mean=0.000002904
[04:00:59] Layer block_12: mean=0.000002801
[04:01:07] Layer block_13: mean=0.000002730
[04:01:14] Layer block_14: mean=0.000002619
[04:01:22] Layer block_15: mean=0.000002520
[04:01:29] Layer block_16: mean=0.000002453
[04:01:36] Layer block_17: mean=0.000002371
[04:01:44] Layer block_18: mean=0.000002287
[04:01:51] Layer block_19: mean=0.000002202
[04:01:58] Layer block_20: mean=0.000002102
[04:02:05] Layer block_21: mean=0.000002003
[04:02:12] Layer block_22: mean=0.000001930
[04:02:18] Layer block_23: mean=0.000001860
[04:02:25] Layer block_24: mean=0.000001852
[04:02:31] Layer block_25: mean=0.000001896
[04:02:38] Layer block_26: mean=0.000002107
[04:02:44] Layer block_27: mean=0.000002556
[04:02:50] Layer block_28: mean=0.000002996
[04:02:56] Layer block_29: mean=0.000003370
[04:03:02] Layer block_30: mean=0.000003692
[04:03:08] Layer block_31: mean=0.000003864
[04:03:14] Layer block_32: mean=0.000003928
[04:03:20] Layer block_33: mean=0.000003902
[04:03:25] Layer block_34: mean=0.000003788
[04:03:31] Layer block_35: mean=0.000003601
[04:03:36] Layer block_36: mean=0.000003297
[04:03:41] Layer block_37: mean=0.000002767
[04:03:46] Layer block_38: mean=0.000001983
[04:03:51] Layer block_39: mean=0.000000797
[04:03:56] Layer head: mean=0.000402772
[04:03:56] ✅ sun397 updated (N=125).
[04:03:56] 
🔍 Processing task: svhn (delta=25)
[04:03:56] [SVHN] Loaded 25 samples (skipped 0), tensor torch.Size([25, 3, 224, 224])
[04:04:05] Layer block_0: mean=0.000000980
[04:04:14] Layer block_1: mean=0.000000784
[04:04:23] Layer block_2: mean=0.000000768
[04:04:32] Layer block_3: mean=0.000000795
[04:04:41] Layer block_4: mean=0.000000849
[04:04:49] Layer block_5: mean=0.000000909
[04:04:58] Layer block_6: mean=0.000000929
[04:05:06] Layer block_7: mean=0.000000931
[04:05:14] Layer block_8: mean=0.000000916
[04:05:22] Layer block_9: mean=0.000000897
[04:05:30] Layer block_10: mean=0.000000887
[04:05:38] Layer block_11: mean=0.000000900
[04:05:46] Layer block_12: mean=0.000000884
[04:05:54] Layer block_13: mean=0.000000872
[04:06:01] Layer block_14: mean=0.000000844
[04:06:09] Layer block_15: mean=0.000000834
[04:06:16] Layer block_16: mean=0.000000829
[04:06:24] Layer block_17: mean=0.000000818
[04:06:31] Layer block_18: mean=0.000000803
[04:06:38] Layer block_19: mean=0.000000789
[04:06:45] Layer block_20: mean=0.000000776
[04:06:52] Layer block_21: mean=0.000000759
[04:06:59] Layer block_22: mean=0.000000758
[04:07:06] Layer block_23: mean=0.000000763
[04:07:12] Layer block_24: mean=0.000000798
[04:07:19] Layer block_25: mean=0.000000841
[04:07:25] Layer block_26: mean=0.000000983
[04:07:31] Layer block_27: mean=0.000001327
[04:07:37] Layer block_28: mean=0.000001621
[04:07:43] Layer block_29: mean=0.000001837
[04:07:49] Layer block_30: mean=0.000002011
[04:07:55] Layer block_31: mean=0.000002140
[04:08:01] Layer block_32: mean=0.000002242
[04:08:07] Layer block_33: mean=0.000002303
[04:08:12] Layer block_34: mean=0.000002309
[04:08:18] Layer block_35: mean=0.000002283
[04:08:23] Layer block_36: mean=0.000002157
[04:08:28] Layer block_37: mean=0.000001899
[04:08:33] Layer block_38: mean=0.000001473
[04:08:38] Layer block_39: mean=0.000000745
[04:08:43] Layer head: mean=0.000332655
[04:08:43] ✅ svhn updated (N=125).
[04:08:43] 
🔍 Processing task: voc_pose (delta=25)
[04:08:43] [VOC] Loaded 25 samples (skipped 0), tensor torch.Size([25, 3, 224, 224])
[04:08:52] Layer block_0: mean=0.000006110
[04:09:01] Layer block_1: mean=0.000004652
[04:09:10] Layer block_2: mean=0.000004549
[04:09:19] Layer block_3: mean=0.000004266
[04:09:28] Layer block_4: mean=0.000004135
[04:09:36] Layer block_5: mean=0.000004023
[04:09:45] Layer block_6: mean=0.000003923
[04:09:53] Layer block_7: mean=0.000003751
[04:10:01] Layer block_8: mean=0.000003537
[04:10:09] Layer block_9: mean=0.000003367
[04:10:17] Layer block_10: mean=0.000003274
[04:10:25] Layer block_11: mean=0.000003184
[04:10:33] Layer block_12: mean=0.000003046
[04:10:41] Layer block_13: mean=0.000002939
[04:10:48] Layer block_14: mean=0.000002791
[04:10:56] Layer block_15: mean=0.000002689
[04:11:03] Layer block_16: mean=0.000002617
[04:11:11] Layer block_17: mean=0.000002560
[04:11:18] Layer block_18: mean=0.000002485
[04:11:25] Layer block_19: mean=0.000002419
[04:11:32] Layer block_20: mean=0.000002314
[04:11:39] Layer block_21: mean=0.000002186
[04:11:46] Layer block_22: mean=0.000002091
[04:11:53] Layer block_23: mean=0.000002006
[04:11:59] Layer block_24: mean=0.000001970
[04:12:06] Layer block_25: mean=0.000001988
[04:12:12] Layer block_26: mean=0.000002191
[04:12:18] Layer block_27: mean=0.000002651
[04:12:24] Layer block_28: mean=0.000003094
[04:12:31] Layer block_29: mean=0.000003477
[04:12:37] Layer block_30: mean=0.000003786
[04:12:42] Layer block_31: mean=0.000003959
[04:12:48] Layer block_32: mean=0.000004002
[04:12:54] Layer block_33: mean=0.000003966
[04:12:59] Layer block_34: mean=0.000003824
[04:13:05] Layer block_35: mean=0.000003603
[04:13:10] Layer block_36: mean=0.000003294
[04:13:15] Layer block_37: mean=0.000002756
[04:13:20] Layer block_38: mean=0.000001982
[04:13:25] Layer block_39: mean=0.000000822
[04:13:31] Layer head: mean=0.000396382
[04:13:31] ✅ voc_pose updated (N=125).
[04:13:31] ✅ Results saved for milestone 125.
[04:13:31] === Reaching milestone N=150 ===
[04:13:31] 
🔍 Processing task: car (delta=25)
[04:13:31] [Cars] Loaded 25 samples, tensor torch.Size([25, 3, 224, 224])
[04:13:40] Layer block_0: mean=0.000004984
[04:13:49] Layer block_1: mean=0.000003594
[04:13:58] Layer block_2: mean=0.000003575
[04:14:07] Layer block_3: mean=0.000003464
[04:14:15] Layer block_4: mean=0.000003506
[04:14:24] Layer block_5: mean=0.000003586
[04:14:32] Layer block_6: mean=0.000003591
[04:14:41] Layer block_7: mean=0.000003533
[04:14:49] Layer block_8: mean=0.000003400
[04:14:57] Layer block_9: mean=0.000003288
[04:15:05] Layer block_10: mean=0.000003247
[04:15:13] Layer block_11: mean=0.000003223
[04:15:21] Layer block_12: mean=0.000003148
[04:15:29] Layer block_13: mean=0.000003074
[04:15:36] Layer block_14: mean=0.000002955
[04:15:44] Layer block_15: mean=0.000002856
[04:15:51] Layer block_16: mean=0.000002790
[04:15:59] Layer block_17: mean=0.000002697
[04:16:06] Layer block_18: mean=0.000002617
[04:16:13] Layer block_19: mean=0.000002506
[04:16:20] Layer block_20: mean=0.000002385
[04:16:27] Layer block_21: mean=0.000002250
[04:16:34] Layer block_22: mean=0.000002138
[04:16:40] Layer block_23: mean=0.000002026
[04:16:47] Layer block_24: mean=0.000001983
[04:16:53] Layer block_25: mean=0.000001974
[04:17:00] Layer block_26: mean=0.000002153
[04:17:06] Layer block_27: mean=0.000002573
[04:17:12] Layer block_28: mean=0.000002976
[04:17:18] Layer block_29: mean=0.000003335
[04:17:24] Layer block_30: mean=0.000003644
[04:17:30] Layer block_31: mean=0.000003861
[04:17:36] Layer block_32: mean=0.000003944
[04:17:41] Layer block_33: mean=0.000003937
[04:17:47] Layer block_34: mean=0.000003818
[04:17:53] Layer block_35: mean=0.000003636
[04:17:58] Layer block_36: mean=0.000003295
[04:18:03] Layer block_37: mean=0.000002763
[04:18:08] Layer block_38: mean=0.000002033
[04:18:13] Layer block_39: mean=0.000000852
[04:18:18] Layer head: mean=0.000433378
[04:18:18] ✅ car updated (N=150).
[04:18:18] 
🔍 Processing task: cifar (delta=25)
[04:18:18] [CIFAR] Loaded 25 samples, tensor torch.Size([25, 3, 224, 224])
[04:18:27] Layer block_0: mean=0.000001957
[04:18:36] Layer block_1: mean=0.000001567
[04:18:45] Layer block_2: mean=0.000001568
[04:18:54] Layer block_3: mean=0.000001607
[04:19:03] Layer block_4: mean=0.000001657
[04:19:11] Layer block_5: mean=0.000001688
[04:19:20] Layer block_6: mean=0.000001681
[04:19:28] Layer block_7: mean=0.000001666
[04:19:36] Layer block_8: mean=0.000001612
[04:19:44] Layer block_9: mean=0.000001566
[04:19:52] Layer block_10: mean=0.000001542
[04:20:00] Layer block_11: mean=0.000001549
[04:20:08] Layer block_12: mean=0.000001520
[04:20:16] Layer block_13: mean=0.000001499
[04:20:23] Layer block_14: mean=0.000001459
[04:20:31] Layer block_15: mean=0.000001438
[04:20:38] Layer block_16: mean=0.000001425
[04:20:46] Layer block_17: mean=0.000001402
[04:20:53] Layer block_18: mean=0.000001375
[04:21:00] Layer block_19: mean=0.000001354
[04:21:07] Layer block_20: mean=0.000001326
[04:21:14] Layer block_21: mean=0.000001285
[04:21:21] Layer block_22: mean=0.000001264
[04:21:27] Layer block_23: mean=0.000001246
[04:21:34] Layer block_24: mean=0.000001274
[04:21:41] Layer block_25: mean=0.000001325
[04:21:47] Layer block_26: mean=0.000001498
[04:21:53] Layer block_27: mean=0.000001852
[04:21:59] Layer block_28: mean=0.000002173
[04:22:05] Layer block_29: mean=0.000002426
[04:22:11] Layer block_30: mean=0.000002627
[04:22:17] Layer block_31: mean=0.000002768
[04:22:23] Layer block_32: mean=0.000002840
[04:22:29] Layer block_33: mean=0.000002850
[04:22:34] Layer block_34: mean=0.000002797
[04:22:40] Layer block_35: mean=0.000002696
[04:22:45] Layer block_36: mean=0.000002475
[04:22:50] Layer block_37: mean=0.000002135
[04:22:55] Layer block_38: mean=0.000001598
[04:23:01] Layer block_39: mean=0.000000754
[04:23:06] Layer head: mean=0.000365113
[04:23:06] ✅ cifar updated (N=150).
[04:23:06] 
🔍 Processing task: clevr (delta=25)
[04:23:06] [CLEVR] 15000 samples from /root/autodl-tmp/modelselection/datasets/datasets/clevr_count/test
[04:23:06] [CLEVR] Loaded 25 samples, tensor torch.Size([25, 3, 224, 224])
[04:23:15] Layer block_0: mean=0.000001659
[04:23:24] Layer block_1: mean=0.000001093
[04:23:33] Layer block_2: mean=0.000001104
[04:23:41] Layer block_3: mean=0.000001121
[04:23:50] Layer block_4: mean=0.000001129
[04:23:59] Layer block_5: mean=0.000001139
[04:24:07] Layer block_6: mean=0.000001149
[04:24:15] Layer block_7: mean=0.000001149
[04:24:24] Layer block_8: mean=0.000001123
[04:24:32] Layer block_9: mean=0.000001091
[04:24:40] Layer block_10: mean=0.000001084
[04:24:48] Layer block_11: mean=0.000001094
[04:24:56] Layer block_12: mean=0.000001090
[04:25:04] Layer block_13: mean=0.000001084
[04:25:11] Layer block_14: mean=0.000001066
[04:25:19] Layer block_15: mean=0.000001062
[04:25:26] Layer block_16: mean=0.000001061
[04:25:33] Layer block_17: mean=0.000001054
[04:25:41] Layer block_18: mean=0.000001048
[04:25:48] Layer block_19: mean=0.000001039
[04:25:55] Layer block_20: mean=0.000001025
[04:26:02] Layer block_21: mean=0.000001012
[04:26:09] Layer block_22: mean=0.000001009
[04:26:15] Layer block_23: mean=0.000001010
[04:26:22] Layer block_24: mean=0.000001042
[04:26:28] Layer block_25: mean=0.000001093
[04:26:35] Layer block_26: mean=0.000001211
[04:26:41] Layer block_27: mean=0.000001465
[04:26:47] Layer block_28: mean=0.000001705
[04:26:53] Layer block_29: mean=0.000001898
[04:26:59] Layer block_30: mean=0.000002072
[04:27:05] Layer block_31: mean=0.000002206
[04:27:11] Layer block_32: mean=0.000002268
[04:27:17] Layer block_33: mean=0.000002296
[04:27:22] Layer block_34: mean=0.000002267
[04:27:28] Layer block_35: mean=0.000002213
[04:27:33] Layer block_36: mean=0.000002100
[04:27:38] Layer block_37: mean=0.000001872
[04:27:43] Layer block_38: mean=0.000001489
[04:27:48] Layer block_39: mean=0.000000840
[04:27:53] Layer head: mean=0.000380680
[04:27:53] ✅ clevr updated (N=150).
[04:27:53] 
🔍 Processing task: country (delta=25)
[04:27:53] [Country211] Loaded 25 samples, tensor torch.Size([25, 3, 224, 224])
[04:28:02] Layer block_0: mean=0.000006512
[04:28:11] Layer block_1: mean=0.000004732
[04:28:20] Layer block_2: mean=0.000004558
[04:28:29] Layer block_3: mean=0.000004314
[04:28:38] Layer block_4: mean=0.000004241
[04:28:46] Layer block_5: mean=0.000004217
[04:28:55] Layer block_6: mean=0.000004150
[04:29:03] Layer block_7: mean=0.000004020
[04:29:11] Layer block_8: mean=0.000003842
[04:29:19] Layer block_9: mean=0.000003691
[04:29:27] Layer block_10: mean=0.000003603
[04:29:35] Layer block_11: mean=0.000003541
[04:29:43] Layer block_12: mean=0.000003415
[04:29:51] Layer block_13: mean=0.000003316
[04:29:59] Layer block_14: mean=0.000003161
[04:30:06] Layer block_15: mean=0.000003032
[04:30:14] Layer block_16: mean=0.000002931
[04:30:21] Layer block_17: mean=0.000002827
[04:30:28] Layer block_18: mean=0.000002711
[04:30:35] Layer block_19: mean=0.000002602
[04:30:42] Layer block_20: mean=0.000002470
[04:30:49] Layer block_21: mean=0.000002330
[04:30:56] Layer block_22: mean=0.000002215
[04:31:03] Layer block_23: mean=0.000002108
[04:31:09] Layer block_24: mean=0.000002071
[04:31:16] Layer block_25: mean=0.000002077
[04:31:22] Layer block_26: mean=0.000002258
[04:31:28] Layer block_27: mean=0.000002686
[04:31:35] Layer block_28: mean=0.000003091
[04:31:41] Layer block_29: mean=0.000003422
[04:31:47] Layer block_30: mean=0.000003705
[04:31:53] Layer block_31: mean=0.000003867
[04:31:58] Layer block_32: mean=0.000003915
[04:32:04] Layer block_33: mean=0.000003870
[04:32:10] Layer block_34: mean=0.000003736
[04:32:15] Layer block_35: mean=0.000003531
[04:32:21] Layer block_36: mean=0.000003203
[04:32:26] Layer block_37: mean=0.000002678
[04:32:31] Layer block_38: mean=0.000001918
[04:32:36] Layer block_39: mean=0.000000797
[04:32:41] Layer head: mean=0.000394450
[04:32:41] ✅ country updated (N=150).
[04:32:41] 
🔍 Processing task: dmlab (delta=25)
[04:32:41] [DMLab] Loaded 25 samples (skipped 0), tensor torch.Size([25, 3, 224, 224])
[04:32:50] Layer block_0: mean=0.000003252
[04:32:59] Layer block_1: mean=0.000002113
[04:33:08] Layer block_2: mean=0.000002004
[04:33:17] Layer block_3: mean=0.000001947
[04:33:25] Layer block_4: mean=0.000001970
[04:33:34] Layer block_5: mean=0.000001993
[04:33:42] Layer block_6: mean=0.000001995
[04:33:51] Layer block_7: mean=0.000001979
[04:33:59] Layer block_8: mean=0.000001913
[04:34:07] Layer block_9: mean=0.000001859
[04:34:15] Layer block_10: mean=0.000001835
[04:34:23] Layer block_11: mean=0.000001823
[04:34:31] Layer block_12: mean=0.000001786
[04:34:39] Layer block_13: mean=0.000001751
[04:34:46] Layer block_14: mean=0.000001697
[04:34:54] Layer block_15: mean=0.000001664
[04:35:01] Layer block_16: mean=0.000001631
[04:35:09] Layer block_17: mean=0.000001590
[04:35:16] Layer block_18: mean=0.000001551
[04:35:23] Layer block_19: mean=0.000001513
[04:35:30] Layer block_20: mean=0.000001466
[04:35:37] Layer block_21: mean=0.000001419
[04:35:44] Layer block_22: mean=0.000001400
[04:35:50] Layer block_23: mean=0.000001383
[04:35:57] Layer block_24: mean=0.000001419
[04:36:04] Layer block_25: mean=0.000001494
[04:36:10] Layer block_26: mean=0.000001672
[04:36:16] Layer block_27: mean=0.000002001
[04:36:22] Layer block_28: mean=0.000002302
[04:36:29] Layer block_29: mean=0.000002524
[04:36:34] Layer block_30: mean=0.000002712
[04:36:40] Layer block_31: mean=0.000002844
[04:36:46] Layer block_32: mean=0.000002900
[04:36:52] Layer block_33: mean=0.000002912
[04:36:57] Layer block_34: mean=0.000002864
[04:37:03] Layer block_35: mean=0.000002761
[04:37:08] Layer block_36: mean=0.000002567
[04:37:13] Layer block_37: mean=0.000002205
[04:37:19] Layer block_38: mean=0.000001669
[04:37:24] Layer block_39: mean=0.000000794
[04:37:29] Layer head: mean=0.000388471
[04:37:29] ✅ dmlab updated (N=150).
[04:37:29] 
🔍 Processing task: dr (delta=25)
[04:37:29] [DR] Loaded 42670 paths from /root/autodl-tmp/modelselection/datasets/datasets/diabetic_retinopathy/test.txt
[04:37:29] [DR] Loaded 25 samples (skipped 0), tensor torch.Size([25, 3, 224, 224])
[04:37:38] Layer block_0: mean=0.000002086
[04:37:47] Layer block_1: mean=0.000001563
[04:37:56] Layer block_2: mean=0.000001596
[04:38:05] Layer block_3: mean=0.000001585
[04:38:13] Layer block_4: mean=0.000001598
[04:38:22] Layer block_5: mean=0.000001641
[04:38:30] Layer block_6: mean=0.000001646
[04:38:39] Layer block_7: mean=0.000001627
[04:38:47] Layer block_8: mean=0.000001587
[04:38:55] Layer block_9: mean=0.000001538
[04:39:03] Layer block_10: mean=0.000001522
[04:39:11] Layer block_11: mean=0.000001514
[04:39:19] Layer block_12: mean=0.000001486
[04:39:27] Layer block_13: mean=0.000001466
[04:39:34] Layer block_14: mean=0.000001419
[04:39:42] Layer block_15: mean=0.000001380
[04:39:49] Layer block_16: mean=0.000001360
[04:39:56] Layer block_17: mean=0.000001321
[04:40:04] Layer block_18: mean=0.000001291
[04:40:11] Layer block_19: mean=0.000001255
[04:40:18] Layer block_20: mean=0.000001221
[04:40:25] Layer block_21: mean=0.000001185
[04:40:32] Layer block_22: mean=0.000001158
[04:40:38] Layer block_23: mean=0.000001133
[04:40:45] Layer block_24: mean=0.000001152
[04:40:51] Layer block_25: mean=0.000001197
[04:40:58] Layer block_26: mean=0.000001339
[04:41:04] Layer block_27: mean=0.000001625
[04:41:10] Layer block_28: mean=0.000001905
[04:41:16] Layer block_29: mean=0.000002149
[04:41:22] Layer block_30: mean=0.000002356
[04:41:28] Layer block_31: mean=0.000002493
[04:41:34] Layer block_32: mean=0.000002561
[04:41:40] Layer block_33: mean=0.000002578
[04:41:45] Layer block_34: mean=0.000002549
[04:41:51] Layer block_35: mean=0.000002496
[04:41:56] Layer block_36: mean=0.000002371
[04:42:01] Layer block_37: mean=0.000002114
[04:42:06] Layer block_38: mean=0.000001580
[04:42:11] Layer block_39: mean=0.000000808
[04:42:16] Layer head: mean=0.000390073
[04:42:16] ✅ dr updated (N=150).
[04:42:16] 
🔍 Processing task: dtd (delta=25)
[04:42:16] [DTD] Collected 5640 image paths from /root/autodl-tmp/modelselection/datasets/datasets/dtd/labels
[04:42:17] [DTD] Loaded 25 samples (skipped 0), tensor torch.Size([25, 3, 224, 224])
[04:42:26] Layer block_0: mean=0.000005218
[04:42:35] Layer block_1: mean=0.000003683
[04:42:43] Layer block_2: mean=0.000003330
[04:42:52] Layer block_3: mean=0.000003089
[04:43:01] Layer block_4: mean=0.000002985
[04:43:09] Layer block_5: mean=0.000002895
[04:43:18] Layer block_6: mean=0.000002798
[04:43:26] Layer block_7: mean=0.000002678
[04:43:34] Layer block_8: mean=0.000002516
[04:43:43] Layer block_9: mean=0.000002377
[04:43:51] Layer block_10: mean=0.000002284
[04:43:58] Layer block_11: mean=0.000002216
[04:44:06] Layer block_12: mean=0.000002116
[04:44:14] Layer block_13: mean=0.000002043
[04:44:22] Layer block_14: mean=0.000001938
[04:44:29] Layer block_15: mean=0.000001854
[04:44:37] Layer block_16: mean=0.000001793
[04:44:44] Layer block_17: mean=0.000001719
[04:44:51] Layer block_18: mean=0.000001653
[04:44:58] Layer block_19: mean=0.000001587
[04:45:05] Layer block_20: mean=0.000001521
[04:45:12] Layer block_21: mean=0.000001452
[04:45:19] Layer block_22: mean=0.000001419
[04:45:26] Layer block_23: mean=0.000001403
[04:45:32] Layer block_24: mean=0.000001451
[04:45:39] Layer block_25: mean=0.000001537
[04:45:45] Layer block_26: mean=0.000001774
[04:45:52] Layer block_27: mean=0.000002298
[04:45:58] Layer block_28: mean=0.000002736
[04:46:04] Layer block_29: mean=0.000003083
[04:46:10] Layer block_30: mean=0.000003355
[04:46:16] Layer block_31: mean=0.000003514
[04:46:22] Layer block_32: mean=0.000003569
[04:46:27] Layer block_33: mean=0.000003558
[04:46:33] Layer block_34: mean=0.000003466
[04:46:38] Layer block_35: mean=0.000003310
[04:46:44] Layer block_36: mean=0.000003051
[04:46:49] Layer block_37: mean=0.000002613
[04:46:54] Layer block_38: mean=0.000001862
[04:46:59] Layer block_39: mean=0.000000747
[04:47:04] Layer head: mean=0.000383299
[04:47:04] ✅ dtd updated (N=150).
[04:47:04] 
🔍 Processing task: eurosat (delta=25)
[04:47:04] [EuroSAT] Collected 27000 images from 10 classes under /root/autodl-tmp/modelselection/datasets/datasets/eurosat/2750
[04:47:04] [EuroSAT] Loaded 25 samples (skipped 0), tensor torch.Size([25, 3, 224, 224])
[04:47:13] Layer block_0: mean=0.000001773
[04:47:22] Layer block_1: mean=0.000001480
[04:47:31] Layer block_2: mean=0.000001601
[04:47:40] Layer block_3: mean=0.000001640
[04:47:49] Layer block_4: mean=0.000001689
[04:47:57] Layer block_5: mean=0.000001697
[04:48:06] Layer block_6: mean=0.000001698
[04:48:14] Layer block_7: mean=0.000001676
[04:48:22] Layer block_8: mean=0.000001621
[04:48:30] Layer block_9: mean=0.000001566
[04:48:38] Layer block_10: mean=0.000001541
[04:48:46] Layer block_11: mean=0.000001531
[04:48:54] Layer block_12: mean=0.000001483
[04:49:02] Layer block_13: mean=0.000001450
[04:49:10] Layer block_14: mean=0.000001394
[04:49:17] Layer block_15: mean=0.000001353
[04:49:25] Layer block_16: mean=0.000001330
[04:49:32] Layer block_17: mean=0.000001297
[04:49:39] Layer block_18: mean=0.000001259
[04:49:46] Layer block_19: mean=0.000001219
[04:49:53] Layer block_20: mean=0.000001169
[04:50:00] Layer block_21: mean=0.000001111
[04:50:07] Layer block_22: mean=0.000001073
[04:50:14] Layer block_23: mean=0.000001057
[04:50:20] Layer block_24: mean=0.000001100
[04:50:27] Layer block_25: mean=0.000001173
[04:50:33] Layer block_26: mean=0.000001378
[04:50:39] Layer block_27: mean=0.000001829
[04:50:46] Layer block_28: mean=0.000002229
[04:50:52] Layer block_29: mean=0.000002543
[04:50:58] Layer block_30: mean=0.000002786
[04:51:03] Layer block_31: mean=0.000002948
[04:51:09] Layer block_32: mean=0.000003028
[04:51:15] Layer block_33: mean=0.000003039
[04:51:20] Layer block_34: mean=0.000002979
[04:51:26] Layer block_35: mean=0.000002869
[04:51:31] Layer block_36: mean=0.000002642
[04:51:36] Layer block_37: mean=0.000002286
[04:51:42] Layer block_38: mean=0.000001690
[04:51:47] Layer block_39: mean=0.000000748
[04:51:52] Layer head: mean=0.000355075
[04:51:52] ✅ eurosat updated (N=150).
[04:51:52] 
🔍 Processing task: fer2013 (delta=25)
[04:51:52] [FER2013] Loaded 25 samples (skipped 0), tensor torch.Size([25, 3, 224, 224])
[04:52:01] Layer block_0: mean=0.000001968
[04:52:10] Layer block_1: mean=0.000001775
[04:52:19] Layer block_2: mean=0.000001887
[04:52:27] Layer block_3: mean=0.000001944
[04:52:36] Layer block_4: mean=0.000001981
[04:52:45] Layer block_5: mean=0.000002001
[04:52:53] Layer block_6: mean=0.000001996
[04:53:01] Layer block_7: mean=0.000001982
[04:53:10] Layer block_8: mean=0.000001938
[04:53:18] Layer block_9: mean=0.000001887
[04:53:26] Layer block_10: mean=0.000001877
[04:53:34] Layer block_11: mean=0.000001902
[04:53:42] Layer block_12: mean=0.000001874
[04:53:49] Layer block_13: mean=0.000001854
[04:53:57] Layer block_14: mean=0.000001810
[04:54:05] Layer block_15: mean=0.000001786
[04:54:12] Layer block_16: mean=0.000001779
[04:54:19] Layer block_17: mean=0.000001763
[04:54:27] Layer block_18: mean=0.000001741
[04:54:34] Layer block_19: mean=0.000001721
[04:54:41] Layer block_20: mean=0.000001673
[04:54:48] Layer block_21: mean=0.000001611
[04:54:55] Layer block_22: mean=0.000001558
[04:55:01] Layer block_23: mean=0.000001515
[04:55:08] Layer block_24: mean=0.000001513
[04:55:14] Layer block_25: mean=0.000001555
[04:55:21] Layer block_26: mean=0.000001758
[04:55:27] Layer block_27: mean=0.000002132
[04:55:33] Layer block_28: mean=0.000002503
[04:55:39] Layer block_29: mean=0.000002775
[04:55:45] Layer block_30: mean=0.000003014
[04:55:51] Layer block_31: mean=0.000003146
[04:55:57] Layer block_32: mean=0.000003219
[04:56:03] Layer block_33: mean=0.000003207
[04:56:08] Layer block_34: mean=0.000003141
[04:56:14] Layer block_35: mean=0.000003016
[04:56:19] Layer block_36: mean=0.000002751
[04:56:24] Layer block_37: mean=0.000002352
[04:56:30] Layer block_38: mean=0.000001756
[04:56:35] Layer block_39: mean=0.000000823
[04:56:40] Layer head: mean=0.000390238
[04:56:40] ✅ fer2013 updated (N=150).
[04:56:40] 
🔍 Processing task: gtsrb (delta=25)
[04:56:40] [GTSRB] Collected 12630 test images.
[04:56:40] [GTSRB] Loaded 25 samples (skipped 0), tensor torch.Size([25, 3, 224, 224])
[04:56:49] Layer block_0: mean=0.000002440
[04:56:58] Layer block_1: mean=0.000001873
[04:57:07] Layer block_2: mean=0.000001883
[04:57:15] Layer block_3: mean=0.000001906
[04:57:24] Layer block_4: mean=0.000001952
[04:57:33] Layer block_5: mean=0.000001981
[04:57:41] Layer block_6: mean=0.000001981
[04:57:50] Layer block_7: mean=0.000001970
[04:57:58] Layer block_8: mean=0.000001914
[04:58:06] Layer block_9: mean=0.000001860
[04:58:14] Layer block_10: mean=0.000001834
[04:58:22] Layer block_11: mean=0.000001827
[04:58:30] Layer block_12: mean=0.000001777
[04:58:38] Layer block_13: mean=0.000001742
[04:58:45] Layer block_14: mean=0.000001675
[04:58:53] Layer block_15: mean=0.000001633
[04:59:00] Layer block_16: mean=0.000001604
[04:59:08] Layer block_17: mean=0.000001563
[04:59:15] Layer block_18: mean=0.000001518
[04:59:22] Layer block_19: mean=0.000001481
[04:59:29] Layer block_20: mean=0.000001432
[04:59:36] Layer block_21: mean=0.000001374
[04:59:43] Layer block_22: mean=0.000001339
[04:59:49] Layer block_23: mean=0.000001312
[04:59:56] Layer block_24: mean=0.000001326
[05:00:02] Layer block_25: mean=0.000001377
[05:00:09] Layer block_26: mean=0.000001560
[05:00:15] Layer block_27: mean=0.000001942
[05:00:21] Layer block_28: mean=0.000002287
[05:00:27] Layer block_29: mean=0.000002567
[05:00:33] Layer block_30: mean=0.000002796
[05:00:39] Layer block_31: mean=0.000002951
[05:00:45] Layer block_32: mean=0.000003009
[05:00:51] Layer block_33: mean=0.000002996
[05:00:56] Layer block_34: mean=0.000002914
[05:01:01] Layer block_35: mean=0.000002805
[05:01:07] Layer block_36: mean=0.000002579
[05:01:12] Layer block_37: mean=0.000002208
[05:01:17] Layer block_38: mean=0.000001671
[05:01:22] Layer block_39: mean=0.000000801
[05:01:27] Layer head: mean=0.000377852
[05:01:27] ✅ gtsrb updated (N=150).
[05:01:27] 
🔍 Processing task: kitti (delta=25)
[05:01:27] [KITTI] Collected 711 images from /root/autodl-tmp/modelselection/datasets/datasets/kitti/test.txt
[05:01:27] [KITTI] Loaded 25 samples (skipped 0), tensor torch.Size([25, 3, 224, 224])
[05:01:36] Layer block_0: mean=0.000003941
[05:01:45] Layer block_1: mean=0.000002687
[05:01:54] Layer block_2: mean=0.000002529
[05:02:03] Layer block_3: mean=0.000002378
[05:02:12] Layer block_4: mean=0.000002332
[05:02:20] Layer block_5: mean=0.000002314
[05:02:29] Layer block_6: mean=0.000002290
[05:02:37] Layer block_7: mean=0.000002240
[05:02:45] Layer block_8: mean=0.000002168
[05:02:53] Layer block_9: mean=0.000002102
[05:03:01] Layer block_10: mean=0.000002066
[05:03:09] Layer block_11: mean=0.000002040
[05:03:17] Layer block_12: mean=0.000001994
[05:03:25] Layer block_13: mean=0.000001951
[05:03:32] Layer block_14: mean=0.000001895
[05:03:40] Layer block_15: mean=0.000001858
[05:03:47] Layer block_16: mean=0.000001825
[05:03:54] Layer block_17: mean=0.000001789
[05:04:02] Layer block_18: mean=0.000001761
[05:04:09] Layer block_19: mean=0.000001729
[05:04:16] Layer block_20: mean=0.000001684
[05:04:23] Layer block_21: mean=0.000001650
[05:04:29] Layer block_22: mean=0.000001627
[05:04:36] Layer block_23: mean=0.000001612
[05:04:43] Layer block_24: mean=0.000001647
[05:04:49] Layer block_25: mean=0.000001725
[05:04:55] Layer block_26: mean=0.000001929
[05:05:02] Layer block_27: mean=0.000002319
[05:05:08] Layer block_28: mean=0.000002707
[05:05:14] Layer block_29: mean=0.000003056
[05:05:20] Layer block_30: mean=0.000003338
[05:05:26] Layer block_31: mean=0.000003518
[05:05:32] Layer block_32: mean=0.000003574
[05:05:37] Layer block_33: mean=0.000003546
[05:05:43] Layer block_34: mean=0.000003403
[05:05:48] Layer block_35: mean=0.000003214
[05:05:53] Layer block_36: mean=0.000002925
[05:05:59] Layer block_37: mean=0.000002458
[05:06:04] Layer block_38: mean=0.000001798
[05:06:09] Layer block_39: mean=0.000000782
[05:06:14] Layer head: mean=0.000398338
[05:06:14] ✅ kitti updated (N=150).
[05:06:14] 
🔍 Processing task: mnist (delta=25)
[05:06:14] [MNIST] Loaded 25 samples, tensor torch.Size([25, 3, 224, 224])
[05:06:23] Layer block_0: mean=0.000001046
[05:06:32] Layer block_1: mean=0.000000803
[05:06:41] Layer block_2: mean=0.000000777
[05:06:49] Layer block_3: mean=0.000000774
[05:06:58] Layer block_4: mean=0.000000797
[05:07:07] Layer block_5: mean=0.000000838
[05:07:15] Layer block_6: mean=0.000000860
[05:07:23] Layer block_7: mean=0.000000845
[05:07:32] Layer block_8: mean=0.000000816
[05:07:40] Layer block_9: mean=0.000000789
[05:07:48] Layer block_10: mean=0.000000777
[05:07:56] Layer block_11: mean=0.000000773
[05:08:03] Layer block_12: mean=0.000000759
[05:08:11] Layer block_13: mean=0.000000741
[05:08:19] Layer block_14: mean=0.000000709
[05:08:26] Layer block_15: mean=0.000000694
[05:08:34] Layer block_16: mean=0.000000686
[05:08:41] Layer block_17: mean=0.000000678
[05:08:48] Layer block_18: mean=0.000000669
[05:08:55] Layer block_19: mean=0.000000660
[05:09:02] Layer block_20: mean=0.000000648
[05:09:09] Layer block_21: mean=0.000000637
[05:09:16] Layer block_22: mean=0.000000642
[05:09:23] Layer block_23: mean=0.000000654
[05:09:29] Layer block_24: mean=0.000000687
[05:09:36] Layer block_25: mean=0.000000754
[05:09:42] Layer block_26: mean=0.000000867
[05:09:48] Layer block_27: mean=0.000001078
[05:09:54] Layer block_28: mean=0.000001278
[05:10:00] Layer block_29: mean=0.000001440
[05:10:06] Layer block_30: mean=0.000001574
[05:10:12] Layer block_31: mean=0.000001686
[05:10:18] Layer block_32: mean=0.000001763
[05:10:24] Layer block_33: mean=0.000001792
[05:10:29] Layer block_34: mean=0.000001797
[05:10:35] Layer block_35: mean=0.000001770
[05:10:40] Layer block_36: mean=0.000001700
[05:10:45] Layer block_37: mean=0.000001537
[05:10:50] Layer block_38: mean=0.000001231
[05:10:55] Layer block_39: mean=0.000000753
[05:11:00] Layer head: mean=0.000360946
[05:11:00] ✅ mnist updated (N=150).
[05:11:00] 
🔍 Processing task: oxford_flowers (delta=25)
[05:11:01] [OxfordFlowers] Loaded 25 samples (skipped 0), tensor torch.Size([25, 3, 224, 224])
[05:11:10] Layer block_0: mean=0.000003777
[05:11:19] Layer block_1: mean=0.000002527
[05:11:27] Layer block_2: mean=0.000002495
[05:11:36] Layer block_3: mean=0.000002418
[05:11:45] Layer block_4: mean=0.000002397
[05:11:53] Layer block_5: mean=0.000002398
[05:12:02] Layer block_6: mean=0.000002380
[05:12:10] Layer block_7: mean=0.000002310
[05:12:18] Layer block_8: mean=0.000002229
[05:12:26] Layer block_9: mean=0.000002145
[05:12:34] Layer block_10: mean=0.000002107
[05:12:42] Layer block_11: mean=0.000002082
[05:12:50] Layer block_12: mean=0.000002021
[05:12:58] Layer block_13: mean=0.000001971
[05:13:06] Layer block_14: mean=0.000001896
[05:13:13] Layer block_15: mean=0.000001836
[05:13:20] Layer block_16: mean=0.000001817
[05:13:28] Layer block_17: mean=0.000001780
[05:13:35] Layer block_18: mean=0.000001745
[05:13:42] Layer block_19: mean=0.000001708
[05:13:49] Layer block_20: mean=0.000001655
[05:13:56] Layer block_21: mean=0.000001578
[05:14:03] Layer block_22: mean=0.000001513
[05:14:09] Layer block_23: mean=0.000001470
[05:14:16] Layer block_24: mean=0.000001493
[05:14:22] Layer block_25: mean=0.000001542
[05:14:29] Layer block_26: mean=0.000001770
[05:14:35] Layer block_27: mean=0.000002258
[05:14:41] Layer block_28: mean=0.000002715
[05:14:47] Layer block_29: mean=0.000003098
[05:14:53] Layer block_30: mean=0.000003419
[05:14:59] Layer block_31: mean=0.000003625
[05:15:05] Layer block_32: mean=0.000003722
[05:15:11] Layer block_33: mean=0.000003720
[05:15:16] Layer block_34: mean=0.000003640
[05:15:22] Layer block_35: mean=0.000003458
[05:15:27] Layer block_36: mean=0.000003107
[05:15:32] Layer block_37: mean=0.000002591
[05:15:37] Layer block_38: mean=0.000001819
[05:15:42] Layer block_39: mean=0.000000780
[05:15:47] Layer head: mean=0.000398739
[05:15:47] ✅ oxford_flowers updated (N=150).
[05:15:47] 
🔍 Processing task: oxford_pet (delta=25)
[05:15:47] [OxfordPet] Loaded 25 samples (skipped 0), tensor torch.Size([25, 3, 224, 224])
[05:15:57] Layer block_0: mean=0.000003609
[05:16:05] Layer block_1: mean=0.000002623
[05:16:14] Layer block_2: mean=0.000002535
[05:16:23] Layer block_3: mean=0.000002421
[05:16:32] Layer block_4: mean=0.000002393
[05:16:40] Layer block_5: mean=0.000002390
[05:16:49] Layer block_6: mean=0.000002379
[05:16:57] Layer block_7: mean=0.000002327
[05:17:05] Layer block_8: mean=0.000002246
[05:17:13] Layer block_9: mean=0.000002165
[05:17:21] Layer block_10: mean=0.000002130
[05:17:29] Layer block_11: mean=0.000002109
[05:17:37] Layer block_12: mean=0.000002053
[05:17:45] Layer block_13: mean=0.000002009
[05:17:52] Layer block_14: mean=0.000001939
[05:18:00] Layer block_15: mean=0.000001884
[05:18:07] Layer block_16: mean=0.000001846
[05:18:15] Layer block_17: mean=0.000001808
[05:18:22] Layer block_18: mean=0.000001765
[05:18:29] Layer block_19: mean=0.000001720
[05:18:36] Layer block_20: mean=0.000001660
[05:18:43] Layer block_21: mean=0.000001585
[05:18:50] Layer block_22: mean=0.000001525
[05:18:56] Layer block_23: mean=0.000001471
[05:19:03] Layer block_24: mean=0.000001475
[05:19:09] Layer block_25: mean=0.000001524
[05:19:16] Layer block_26: mean=0.000001722
[05:19:22] Layer block_27: mean=0.000002138
[05:19:28] Layer block_28: mean=0.000002538
[05:19:34] Layer block_29: mean=0.000002886
[05:19:40] Layer block_30: mean=0.000003188
[05:19:46] Layer block_31: mean=0.000003375
[05:19:52] Layer block_32: mean=0.000003469
[05:19:57] Layer block_33: mean=0.000003490
[05:20:03] Layer block_34: mean=0.000003404
[05:20:08] Layer block_35: mean=0.000003245
[05:20:14] Layer block_36: mean=0.000002969
[05:20:19] Layer block_37: mean=0.000002511
[05:20:24] Layer block_38: mean=0.000001822
[05:20:29] Layer block_39: mean=0.000000836
[05:20:34] Layer head: mean=0.000402323
[05:20:34] ✅ oxford_pet updated (N=150).
[05:20:34] 
🔍 Processing task: patch_camelyon (delta=25)
[05:20:34] [PatchCamelyon] Collected 32768 image paths from /root/autodl-tmp/modelselection/datasets/datasets/patch_camelyon/test.txt
[05:20:34] [PatchCamelyon] Loaded 25 samples (skipped 0), tensor torch.Size([25, 3, 224, 224])
[05:20:43] Layer block_0: mean=0.000004234
[05:20:52] Layer block_1: mean=0.000003304
[05:21:01] Layer block_2: mean=0.000003103
[05:21:10] Layer block_3: mean=0.000002862
[05:21:19] Layer block_4: mean=0.000002771
[05:21:27] Layer block_5: mean=0.000002717
[05:21:36] Layer block_6: mean=0.000002652
[05:21:44] Layer block_7: mean=0.000002556
[05:21:52] Layer block_8: mean=0.000002428
[05:22:00] Layer block_9: mean=0.000002309
[05:22:08] Layer block_10: mean=0.000002230
[05:22:16] Layer block_11: mean=0.000002176
[05:22:24] Layer block_12: mean=0.000002101
[05:22:32] Layer block_13: mean=0.000002044
[05:22:39] Layer block_14: mean=0.000001964
[05:22:47] Layer block_15: mean=0.000001886
[05:22:54] Layer block_16: mean=0.000001832
[05:23:01] Layer block_17: mean=0.000001756
[05:23:09] Layer block_18: mean=0.000001686
[05:23:16] Layer block_19: mean=0.000001605
[05:23:23] Layer block_20: mean=0.000001538
[05:23:29] Layer block_21: mean=0.000001469
[05:23:36] Layer block_22: mean=0.000001434
[05:23:43] Layer block_23: mean=0.000001414
[05:23:49] Layer block_24: mean=0.000001471
[05:23:56] Layer block_25: mean=0.000001551
[05:24:02] Layer block_26: mean=0.000001793
[05:24:09] Layer block_27: mean=0.000002267
[05:24:15] Layer block_28: mean=0.000002674
[05:24:21] Layer block_29: mean=0.000003009
[05:24:27] Layer block_30: mean=0.000003266
[05:24:33] Layer block_31: mean=0.000003441
[05:24:38] Layer block_32: mean=0.000003486
[05:24:44] Layer block_33: mean=0.000003481
[05:24:50] Layer block_34: mean=0.000003387
[05:24:55] Layer block_35: mean=0.000003223
[05:25:00] Layer block_36: mean=0.000002972
[05:25:06] Layer block_37: mean=0.000002546
[05:25:11] Layer block_38: mean=0.000001824
[05:25:16] Layer block_39: mean=0.000000764
[05:25:21] Layer head: mean=0.000404750
[05:25:21] ✅ patch_camelyon updated (N=150).
[05:25:21] 
🔍 Processing task: renderedsst2 (delta=25)
[05:25:21] [RenderedSST2] Loaded 25 samples (skipped 0), tensor torch.Size([25, 3, 224, 224])
[05:25:30] Layer block_0: mean=0.000005589
[05:25:39] Layer block_1: mean=0.000003696
[05:25:48] Layer block_2: mean=0.000003444
[05:25:56] Layer block_3: mean=0.000003258
[05:26:05] Layer block_4: mean=0.000003081
[05:26:13] Layer block_5: mean=0.000002904
[05:26:22] Layer block_6: mean=0.000002710
[05:26:30] Layer block_7: mean=0.000002541
[05:26:38] Layer block_8: mean=0.000002343
[05:26:46] Layer block_9: mean=0.000002201
[05:26:54] Layer block_10: mean=0.000002107
[05:27:02] Layer block_11: mean=0.000002059
[05:27:10] Layer block_12: mean=0.000001999
[05:27:18] Layer block_13: mean=0.000001933
[05:27:26] Layer block_14: mean=0.000001848
[05:27:33] Layer block_15: mean=0.000001804
[05:27:40] Layer block_16: mean=0.000001755
[05:27:48] Layer block_17: mean=0.000001670
[05:27:55] Layer block_18: mean=0.000001626
[05:28:02] Layer block_19: mean=0.000001580
[05:28:09] Layer block_20: mean=0.000001534
[05:28:16] Layer block_21: mean=0.000001504
[05:28:23] Layer block_22: mean=0.000001481
[05:28:29] Layer block_23: mean=0.000001462
[05:28:36] Layer block_24: mean=0.000001451
[05:28:42] Layer block_25: mean=0.000001481
[05:28:49] Layer block_26: mean=0.000001561
[05:28:55] Layer block_27: mean=0.000001748
[05:29:01] Layer block_28: mean=0.000001964
[05:29:07] Layer block_29: mean=0.000002200
[05:29:13] Layer block_30: mean=0.000002429
[05:29:19] Layer block_31: mean=0.000002640
[05:29:25] Layer block_32: mean=0.000002761
[05:29:30] Layer block_33: mean=0.000002804
[05:29:36] Layer block_34: mean=0.000002779
[05:29:41] Layer block_35: mean=0.000002650
[05:29:47] Layer block_36: mean=0.000002439
[05:29:52] Layer block_37: mean=0.000002069
[05:29:57] Layer block_38: mean=0.000001536
[05:30:02] Layer block_39: mean=0.000000780
[05:30:07] Layer head: mean=0.000376141
[05:30:07] ✅ renderedsst2 updated (N=150).
[05:30:07] 
🔍 Processing task: resisc45 (delta=25)
[05:30:07] [RESISC45] Collected 6300 images from /root/autodl-tmp/modelselection/datasets/datasets/resisc45/test.txt
[05:30:07] [RESISC45] Loaded 25 samples (skipped 0), tensor torch.Size([25, 3, 224, 224])
[05:30:16] Layer block_0: mean=0.000003919
[05:30:25] Layer block_1: mean=0.000003003
[05:30:34] Layer block_2: mean=0.000002939
[05:30:42] Layer block_3: mean=0.000002791
[05:30:51] Layer block_4: mean=0.000002708
[05:31:00] Layer block_5: mean=0.000002662
[05:31:08] Layer block_6: mean=0.000002614
[05:31:16] Layer block_7: mean=0.000002526
[05:31:25] Layer block_8: mean=0.000002407
[05:31:33] Layer block_9: mean=0.000002295
[05:31:41] Layer block_10: mean=0.000002229
[05:31:49] Layer block_11: mean=0.000002175
[05:31:57] Layer block_12: mean=0.000002096
[05:32:04] Layer block_13: mean=0.000002036
[05:32:12] Layer block_14: mean=0.000001950
[05:32:19] Layer block_15: mean=0.000001889
[05:32:27] Layer block_16: mean=0.000001845
[05:32:34] Layer block_17: mean=0.000001800
[05:32:41] Layer block_18: mean=0.000001751
[05:32:48] Layer block_19: mean=0.000001693
[05:32:55] Layer block_20: mean=0.000001633
[05:33:02] Layer block_21: mean=0.000001563
[05:33:09] Layer block_22: mean=0.000001526
[05:33:16] Layer block_23: mean=0.000001510
[05:33:22] Layer block_24: mean=0.000001565
[05:33:29] Layer block_25: mean=0.000001678
[05:33:35] Layer block_26: mean=0.000001953
[05:33:42] Layer block_27: mean=0.000002472
[05:33:48] Layer block_28: mean=0.000002944
[05:33:54] Layer block_29: mean=0.000003330
[05:34:00] Layer block_30: mean=0.000003650
[05:34:06] Layer block_31: mean=0.000003840
[05:34:11] Layer block_32: mean=0.000003923
[05:34:17] Layer block_33: mean=0.000003936
[05:34:23] Layer block_34: mean=0.000003814
[05:34:28] Layer block_35: mean=0.000003621
[05:34:33] Layer block_36: mean=0.000003312
[05:34:38] Layer block_37: mean=0.000002778
[05:34:44] Layer block_38: mean=0.000001985
[05:34:49] Layer block_39: mean=0.000000792
[05:34:54] Layer head: mean=0.000397642
[05:34:54] ✅ resisc45 updated (N=150).
[05:34:54] 
🔍 Processing task: stl10 (delta=25)
[05:34:54] [STL10] Loaded 25 samples, tensor torch.Size([25, 3, 224, 224])
[05:35:03] Layer block_0: mean=0.000003588
[05:35:12] Layer block_1: mean=0.000002812
[05:35:20] Layer block_2: mean=0.000002803
[05:35:29] Layer block_3: mean=0.000002662
[05:35:38] Layer block_4: mean=0.000002604
[05:35:46] Layer block_5: mean=0.000002589
[05:35:55] Layer block_6: mean=0.000002587
[05:36:03] Layer block_7: mean=0.000002547
[05:36:11] Layer block_8: mean=0.000002481
[05:36:19] Layer block_9: mean=0.000002408
[05:36:27] Layer block_10: mean=0.000002376
[05:36:35] Layer block_11: mean=0.000002353
[05:36:43] Layer block_12: mean=0.000002306
[05:36:51] Layer block_13: mean=0.000002274
[05:36:58] Layer block_14: mean=0.000002218
[05:37:06] Layer block_15: mean=0.000002195
[05:37:13] Layer block_16: mean=0.000002181
[05:37:21] Layer block_17: mean=0.000002155
[05:37:28] Layer block_18: mean=0.000002113
[05:37:36] Layer block_19: mean=0.000002070
[05:37:45] Layer block_20: mean=0.000002026
[05:37:52] Layer block_21: mean=0.000001984
[05:37:59] Layer block_22: mean=0.000001961
[05:38:06] Layer block_23: mean=0.000001944
[05:38:12] Layer block_24: mean=0.000001986
[05:38:19] Layer block_25: mean=0.000002069
[05:38:25] Layer block_26: mean=0.000002284
[05:38:32] Layer block_27: mean=0.000002686
[05:38:38] Layer block_28: mean=0.000003057
[05:38:44] Layer block_29: mean=0.000003351
[05:38:50] Layer block_30: mean=0.000003580
[05:38:56] Layer block_31: mean=0.000003715
[05:39:02] Layer block_32: mean=0.000003747
[05:39:07] Layer block_33: mean=0.000003705
[05:39:13] Layer block_34: mean=0.000003577
[05:39:18] Layer block_35: mean=0.000003389
[05:39:24] Layer block_36: mean=0.000003082
[05:39:29] Layer block_37: mean=0.000002602
[05:39:34] Layer block_38: mean=0.000001877
[05:39:39] Layer block_39: mean=0.000000799
[05:39:44] Layer head: mean=0.000388568
[05:39:44] ✅ stl10 updated (N=150).
[05:39:44] 
🔍 Processing task: sun397 (delta=25)
[05:39:45] [SUN397] Loaded 25 samples (skipped 0), tensor torch.Size([25, 3, 224, 224])
[05:39:54] Layer block_0: mean=0.000004963
[05:40:03] Layer block_1: mean=0.000003472
[05:40:11] Layer block_2: mean=0.000003250
[05:40:20] Layer block_3: mean=0.000003041
[05:40:29] Layer block_4: mean=0.000002964
[05:40:37] Layer block_5: mean=0.000002928
[05:40:46] Layer block_6: mean=0.000002885
[05:40:54] Layer block_7: mean=0.000002801
[05:41:02] Layer block_8: mean=0.000002688
[05:41:10] Layer block_9: mean=0.000002590
[05:41:18] Layer block_10: mean=0.000002536
[05:41:26] Layer block_11: mean=0.000002504
[05:41:34] Layer block_12: mean=0.000002425
[05:41:42] Layer block_13: mean=0.000002367
[05:41:50] Layer block_14: mean=0.000002279
[05:41:57] Layer block_15: mean=0.000002215
[05:42:04] Layer block_16: mean=0.000002160
[05:42:12] Layer block_17: mean=0.000002106
[05:42:19] Layer block_18: mean=0.000002047
[05:42:26] Layer block_19: mean=0.000001986
[05:42:33] Layer block_20: mean=0.000001918
[05:42:40] Layer block_21: mean=0.000001847
[05:42:47] Layer block_22: mean=0.000001801
[05:42:53] Layer block_23: mean=0.000001764
[05:43:00] Layer block_24: mean=0.000001793
[05:43:06] Layer block_25: mean=0.000001870
[05:43:13] Layer block_26: mean=0.000002096
[05:43:19] Layer block_27: mean=0.000002562
[05:43:25] Layer block_28: mean=0.000003012
[05:43:31] Layer block_29: mean=0.000003403
[05:43:37] Layer block_30: mean=0.000003724
[05:43:43] Layer block_31: mean=0.000003922
[05:43:49] Layer block_32: mean=0.000003989
[05:43:54] Layer block_33: mean=0.000003953
[05:44:00] Layer block_34: mean=0.000003818
[05:44:05] Layer block_35: mean=0.000003632
[05:44:11] Layer block_36: mean=0.000003314
[05:44:16] Layer block_37: mean=0.000002778
[05:44:21] Layer block_38: mean=0.000001987
[05:44:26] Layer block_39: mean=0.000000808
[05:44:31] Layer head: mean=0.000408087
[05:44:31] ✅ sun397 updated (N=150).
[05:44:31] 
🔍 Processing task: svhn (delta=25)
[05:44:31] [SVHN] Loaded 25 samples (skipped 0), tensor torch.Size([25, 3, 224, 224])
[05:44:40] Layer block_0: mean=0.000000954
[05:44:49] Layer block_1: mean=0.000000779
[05:44:58] Layer block_2: mean=0.000000776
[05:45:07] Layer block_3: mean=0.000000815
[05:45:15] Layer block_4: mean=0.000000892
[05:45:24] Layer block_5: mean=0.000000970
[05:45:32] Layer block_6: mean=0.000000993
[05:45:41] Layer block_7: mean=0.000000999
[05:45:49] Layer block_8: mean=0.000000977
[05:45:57] Layer block_9: mean=0.000000954
[05:46:05] Layer block_10: mean=0.000000941
[05:46:13] Layer block_11: mean=0.000000956
[05:46:21] Layer block_12: mean=0.000000936
[05:46:28] Layer block_13: mean=0.000000923
[05:46:36] Layer block_14: mean=0.000000891
[05:46:44] Layer block_15: mean=0.000000876
[05:46:51] Layer block_16: mean=0.000000869
[05:46:58] Layer block_17: mean=0.000000854
[05:47:05] Layer block_18: mean=0.000000837
[05:47:13] Layer block_19: mean=0.000000825
[05:47:20] Layer block_20: mean=0.000000810
[05:47:26] Layer block_21: mean=0.000000786
[05:47:33] Layer block_22: mean=0.000000779
[05:47:40] Layer block_23: mean=0.000000784
[05:47:46] Layer block_24: mean=0.000000817
[05:47:53] Layer block_25: mean=0.000000854
[05:47:59] Layer block_26: mean=0.000000996
[05:48:05] Layer block_27: mean=0.000001361
[05:48:12] Layer block_28: mean=0.000001681
[05:48:18] Layer block_29: mean=0.000001912
[05:48:24] Layer block_30: mean=0.000002102
[05:48:29] Layer block_31: mean=0.000002234
[05:48:35] Layer block_32: mean=0.000002333
[05:48:41] Layer block_33: mean=0.000002399
[05:48:46] Layer block_34: mean=0.000002405
[05:48:52] Layer block_35: mean=0.000002375
[05:48:57] Layer block_36: mean=0.000002243
[05:49:02] Layer block_37: mean=0.000001967
[05:49:07] Layer block_38: mean=0.000001513
[05:49:12] Layer block_39: mean=0.000000743
[05:49:17] Layer head: mean=0.000332173
[05:49:17] ✅ svhn updated (N=150).
[05:49:17] 
🔍 Processing task: voc_pose (delta=25)
[05:49:18] [VOC] Loaded 25 samples (skipped 0), tensor torch.Size([25, 3, 224, 224])
[05:49:27] Layer block_0: mean=0.000004709
[05:49:36] Layer block_1: mean=0.000003418
[05:49:44] Layer block_2: mean=0.000003352
[05:49:53] Layer block_3: mean=0.000003206
[05:50:02] Layer block_4: mean=0.000003164
[05:50:10] Layer block_5: mean=0.000003152
[05:50:19] Layer block_6: mean=0.000003139
[05:50:27] Layer block_7: mean=0.000003065
[05:50:35] Layer block_8: mean=0.000002960
[05:50:43] Layer block_9: mean=0.000002859
[05:50:51] Layer block_10: mean=0.000002817
[05:50:59] Layer block_11: mean=0.000002785
[05:51:07] Layer block_12: mean=0.000002711
[05:51:15] Layer block_13: mean=0.000002656
[05:51:23] Layer block_14: mean=0.000002564
[05:51:30] Layer block_15: mean=0.000002487
[05:51:37] Layer block_16: mean=0.000002433
[05:51:45] Layer block_17: mean=0.000002369
[05:51:52] Layer block_18: mean=0.000002298
[05:51:59] Layer block_19: mean=0.000002232
[05:52:06] Layer block_20: mean=0.000002147
[05:52:13] Layer block_21: mean=0.000002060
[05:52:20] Layer block_22: mean=0.000001989
[05:52:26] Layer block_23: mean=0.000001920
[05:52:33] Layer block_24: mean=0.000001917
[05:52:39] Layer block_25: mean=0.000001961
[05:52:46] Layer block_26: mean=0.000002168
[05:52:52] Layer block_27: mean=0.000002610
[05:52:58] Layer block_28: mean=0.000003035
[05:53:04] Layer block_29: mean=0.000003403
[05:53:10] Layer block_30: mean=0.000003712
[05:53:16] Layer block_31: mean=0.000003890
[05:53:22] Layer block_32: mean=0.000003934
[05:53:27] Layer block_33: mean=0.000003886
[05:53:33] Layer block_34: mean=0.000003738
[05:53:38] Layer block_35: mean=0.000003527
[05:53:44] Layer block_36: mean=0.000003207
[05:53:49] Layer block_37: mean=0.000002679
[05:53:54] Layer block_38: mean=0.000001926
[05:53:59] Layer block_39: mean=0.000000805
[05:54:04] Layer head: mean=0.000393760
[05:54:04] ✅ voc_pose updated (N=150).
[05:54:04] ✅ Results saved for milestone 150.
[05:54:04] === Reaching milestone N=200 ===
[05:54:04] 
🔍 Processing task: car (delta=50)
[05:54:05] [Cars] Loaded 50 samples, tensor torch.Size([50, 3, 224, 224])
[05:54:23] Layer block_0: mean=0.000005205
[05:54:40] Layer block_1: mean=0.000003665
[05:54:58] Layer block_2: mean=0.000003526
[05:55:15] Layer block_3: mean=0.000003338
[05:55:32] Layer block_4: mean=0.000003320
[05:55:49] Layer block_5: mean=0.000003332
[05:56:05] Layer block_6: mean=0.000003306
[05:56:22] Layer block_7: mean=0.000003229
[05:56:38] Layer block_8: mean=0.000003121
[05:56:54] Layer block_9: mean=0.000003027
[05:57:10] Layer block_10: mean=0.000002990
[05:57:25] Layer block_11: mean=0.000002972
[05:57:41] Layer block_12: mean=0.000002899
[05:57:56] Layer block_13: mean=0.000002838
[05:58:11] Layer block_14: mean=0.000002735
[05:58:26] Layer block_15: mean=0.000002650
[05:58:40] Layer block_16: mean=0.000002583
[05:58:55] Layer block_17: mean=0.000002509
[05:59:09] Layer block_18: mean=0.000002441
[05:59:23] Layer block_19: mean=0.000002363
[05:59:36] Layer block_20: mean=0.000002255
[05:59:50] Layer block_21: mean=0.000002139
[06:00:03] Layer block_22: mean=0.000002036
[06:00:16] Layer block_23: mean=0.000001926
[06:00:29] Layer block_24: mean=0.000001896
[06:00:42] Layer block_25: mean=0.000001920
[06:00:55] Layer block_26: mean=0.000002119
[06:01:07] Layer block_27: mean=0.000002588
[06:01:19] Layer block_28: mean=0.000003029
[06:01:31] Layer block_29: mean=0.000003413
[06:01:43] Layer block_30: mean=0.000003735
[06:01:54] Layer block_31: mean=0.000003948
[06:02:05] Layer block_32: mean=0.000004025
[06:02:16] Layer block_33: mean=0.000004001
[06:02:27] Layer block_34: mean=0.000003870
[06:02:38] Layer block_35: mean=0.000003684
[06:02:48] Layer block_36: mean=0.000003346
[06:02:58] Layer block_37: mean=0.000002805
[06:03:08] Layer block_38: mean=0.000002072
[06:03:18] Layer block_39: mean=0.000000883
[06:03:28] Layer head: mean=0.000437402
[06:03:28] ✅ car updated (N=200).
[06:03:28] 
🔍 Processing task: cifar (delta=50)
[06:03:28] [CIFAR] Loaded 50 samples, tensor torch.Size([50, 3, 224, 224])
[06:03:46] Layer block_0: mean=0.000001896
[06:04:03] Layer block_1: mean=0.000001563
[06:04:21] Layer block_2: mean=0.000001584
[06:04:38] Layer block_3: mean=0.000001646
[06:04:55] Layer block_4: mean=0.000001715
[06:05:12] Layer block_5: mean=0.000001752
[06:05:29] Layer block_6: mean=0.000001743
[06:05:45] Layer block_7: mean=0.000001728
[06:06:01] Layer block_8: mean=0.000001677
[06:06:17] Layer block_9: mean=0.000001632
[06:06:33] Layer block_10: mean=0.000001613
[06:06:49] Layer block_11: mean=0.000001625
[06:07:04] Layer block_12: mean=0.000001593
[06:07:19] Layer block_13: mean=0.000001573
[06:07:34] Layer block_14: mean=0.000001527
[06:07:49] Layer block_15: mean=0.000001512
[06:08:04] Layer block_16: mean=0.000001507
[06:08:18] Layer block_17: mean=0.000001486
[06:08:32] Layer block_18: mean=0.000001462
[06:08:46] Layer block_19: mean=0.000001445
[06:09:00] Layer block_20: mean=0.000001412
[06:09:13] Layer block_21: mean=0.000001372
[06:09:27] Layer block_22: mean=0.000001343
[06:09:40] Layer block_23: mean=0.000001312
[06:09:53] Layer block_24: mean=0.000001327
[06:10:05] Layer block_25: mean=0.000001376
[06:10:18] Layer block_26: mean=0.000001546
[06:10:30] Layer block_27: mean=0.000001911
[06:10:42] Layer block_28: mean=0.000002238
[06:10:54] Layer block_29: mean=0.000002495
[06:11:06] Layer block_30: mean=0.000002709
[06:11:17] Layer block_31: mean=0.000002850
[06:11:29] Layer block_32: mean=0.000002923
[06:11:40] Layer block_33: mean=0.000002938
[06:11:50] Layer block_34: mean=0.000002883
[06:12:01] Layer block_35: mean=0.000002776
[06:12:11] Layer block_36: mean=0.000002550
[06:12:22] Layer block_37: mean=0.000002197
[06:12:32] Layer block_38: mean=0.000001642
[06:12:41] Layer block_39: mean=0.000000773
[06:12:51] Layer head: mean=0.000370374
[06:12:51] ✅ cifar updated (N=200).
[06:12:51] 
🔍 Processing task: clevr (delta=50)
[06:12:51] [CLEVR] 15000 samples from /root/autodl-tmp/modelselection/datasets/datasets/clevr_count/test
[06:12:51] [CLEVR] Loaded 50 samples, tensor torch.Size([50, 3, 224, 224])
[06:13:09] Layer block_0: mean=0.000001558
[06:13:27] Layer block_1: mean=0.000001006
[06:13:44] Layer block_2: mean=0.000001027
[06:14:01] Layer block_3: mean=0.000001052
[06:14:18] Layer block_4: mean=0.000001065
[06:14:35] Layer block_5: mean=0.000001081
[06:14:52] Layer block_6: mean=0.000001091
[06:15:08] Layer block_7: mean=0.000001093
[06:15:24] Layer block_8: mean=0.000001069
[06:15:40] Layer block_9: mean=0.000001040
[06:15:56] Layer block_10: mean=0.000001035
[06:16:12] Layer block_11: mean=0.000001044
[06:16:27] Layer block_12: mean=0.000001043
[06:16:42] Layer block_13: mean=0.000001039
[06:16:57] Layer block_14: mean=0.000001023
[06:17:12] Layer block_15: mean=0.000001021
[06:17:26] Layer block_16: mean=0.000001023
[06:17:41] Layer block_17: mean=0.000001022
[06:17:55] Layer block_18: mean=0.000001021
[06:18:09] Layer block_19: mean=0.000001017
[06:18:22] Layer block_20: mean=0.000001007
[06:18:36] Layer block_21: mean=0.000000999
[06:18:49] Layer block_22: mean=0.000001000
[06:19:02] Layer block_23: mean=0.000001005
[06:19:15] Layer block_24: mean=0.000001041
[06:19:28] Layer block_25: mean=0.000001096
[06:19:40] Layer block_26: mean=0.000001215
[06:19:53] Layer block_27: mean=0.000001455
[06:20:05] Layer block_28: mean=0.000001687
[06:20:17] Layer block_29: mean=0.000001875
[06:20:28] Layer block_30: mean=0.000002049
[06:20:40] Layer block_31: mean=0.000002183
[06:20:51] Layer block_32: mean=0.000002247
[06:21:02] Layer block_33: mean=0.000002273
[06:21:13] Layer block_34: mean=0.000002247
[06:21:23] Layer block_35: mean=0.000002197
[06:21:34] Layer block_36: mean=0.000002092
[06:21:44] Layer block_37: mean=0.000001871
[06:21:54] Layer block_38: mean=0.000001488
[06:22:04] Layer block_39: mean=0.000000840
[06:22:13] Layer head: mean=0.000380074
[06:22:13] ✅ clevr updated (N=200).
[06:22:13] 
🔍 Processing task: country (delta=50)
[06:22:14] [Country211] Loaded 50 samples, tensor torch.Size([50, 3, 224, 224])
[06:22:32] Layer block_0: mean=0.000005065
[06:22:49] Layer block_1: mean=0.000003547
[06:23:07] Layer block_2: mean=0.000003403
[06:23:24] Layer block_3: mean=0.000003178
[06:23:41] Layer block_4: mean=0.000003115
[06:23:58] Layer block_5: mean=0.000003082
[06:24:14] Layer block_6: mean=0.000003042
[06:24:31] Layer block_7: mean=0.000002950
[06:24:47] Layer block_8: mean=0.000002822
[06:25:03] Layer block_9: mean=0.000002701
[06:25:19] Layer block_10: mean=0.000002642
[06:25:34] Layer block_11: mean=0.000002604
[06:25:50] Layer block_12: mean=0.000002508
[06:26:05] Layer block_13: mean=0.000002434
[06:26:20] Layer block_14: mean=0.000002333
[06:26:35] Layer block_15: mean=0.000002245
[06:26:49] Layer block_16: mean=0.000002179
[06:27:04] Layer block_17: mean=0.000002112
[06:27:18] Layer block_18: mean=0.000002045
[06:27:32] Layer block_19: mean=0.000001985
[06:27:45] Layer block_20: mean=0.000001909
[06:27:59] Layer block_21: mean=0.000001832
[06:28:12] Layer block_22: mean=0.000001777
[06:28:25] Layer block_23: mean=0.000001729
[06:28:38] Layer block_24: mean=0.000001748
[06:28:51] Layer block_25: mean=0.000001798
[06:29:04] Layer block_26: mean=0.000001997
[06:29:16] Layer block_27: mean=0.000002425
[06:29:28] Layer block_28: mean=0.000002833
[06:29:40] Layer block_29: mean=0.000003181
[06:29:51] Layer block_30: mean=0.000003470
[06:30:03] Layer block_31: mean=0.000003634
[06:30:14] Layer block_32: mean=0.000003691
[06:30:25] Layer block_33: mean=0.000003657
[06:30:36] Layer block_34: mean=0.000003529
[06:30:47] Layer block_35: mean=0.000003343
[06:30:57] Layer block_36: mean=0.000003053
[06:31:07] Layer block_37: mean=0.000002568
[06:31:17] Layer block_38: mean=0.000001869
[06:31:27] Layer block_39: mean=0.000000807
[06:31:37] Layer head: mean=0.000397398
[06:31:37] ✅ country updated (N=200).
[06:31:37] 
🔍 Processing task: dmlab (delta=50)
[06:31:37] [DMLab] Loaded 50 samples (skipped 0), tensor torch.Size([50, 3, 224, 224])
[06:31:55] Layer block_0: mean=0.000003951
[06:32:13] Layer block_1: mean=0.000002545
[06:32:30] Layer block_2: mean=0.000002396
[06:32:47] Layer block_3: mean=0.000002303
[06:33:04] Layer block_4: mean=0.000002325
[06:33:21] Layer block_5: mean=0.000002356
[06:33:38] Layer block_6: mean=0.000002351
[06:33:54] Layer block_7: mean=0.000002330
[06:34:10] Layer block_8: mean=0.000002250
[06:34:26] Layer block_9: mean=0.000002183
[06:34:42] Layer block_10: mean=0.000002154
[06:34:58] Layer block_11: mean=0.000002137
[06:35:13] Layer block_12: mean=0.000002093
[06:35:28] Layer block_13: mean=0.000002049
[06:35:43] Layer block_14: mean=0.000001978
[06:35:58] Layer block_15: mean=0.000001933
[06:36:12] Layer block_16: mean=0.000001894
[06:36:27] Layer block_17: mean=0.000001844
[06:36:41] Layer block_18: mean=0.000001794
[06:36:55] Layer block_19: mean=0.000001746
[06:37:09] Layer block_20: mean=0.000001683
[06:37:22] Layer block_21: mean=0.000001614
[06:37:35] Layer block_22: mean=0.000001572
[06:37:48] Layer block_23: mean=0.000001529
[06:38:01] Layer block_24: mean=0.000001542
[06:38:14] Layer block_25: mean=0.000001586
[06:38:26] Layer block_26: mean=0.000001763
[06:38:39] Layer block_27: mean=0.000002114
[06:38:51] Layer block_28: mean=0.000002428
[06:39:03] Layer block_29: mean=0.000002657
[06:39:14] Layer block_30: mean=0.000002849
[06:39:26] Layer block_31: mean=0.000002978
[06:39:37] Layer block_32: mean=0.000003032
[06:39:48] Layer block_33: mean=0.000003036
[06:39:59] Layer block_34: mean=0.000002981
[06:40:09] Layer block_35: mean=0.000002867
[06:40:20] Layer block_36: mean=0.000002659
[06:40:30] Layer block_37: mean=0.000002277
[06:40:40] Layer block_38: mean=0.000001707
[06:40:50] Layer block_39: mean=0.000000783
[06:41:00] Layer head: mean=0.000390258
[06:41:00] ✅ dmlab updated (N=200).
[06:41:00] 
🔍 Processing task: dr (delta=50)
[06:41:00] [DR] Loaded 42670 paths from /root/autodl-tmp/modelselection/datasets/datasets/diabetic_retinopathy/test.txt
[06:41:00] [DR] Loaded 50 samples (skipped 0), tensor torch.Size([50, 3, 224, 224])
[06:41:18] Layer block_0: mean=0.000002074
[06:41:35] Layer block_1: mean=0.000001559
[06:41:53] Layer block_2: mean=0.000001598
[06:42:10] Layer block_3: mean=0.000001573
[06:42:27] Layer block_4: mean=0.000001574
[06:42:44] Layer block_5: mean=0.000001600
[06:43:00] Layer block_6: mean=0.000001594
[06:43:17] Layer block_7: mean=0.000001567
[06:43:33] Layer block_8: mean=0.000001521
[06:43:49] Layer block_9: mean=0.000001468
[06:44:05] Layer block_10: mean=0.000001448
[06:44:20] Layer block_11: mean=0.000001437
[06:44:36] Layer block_12: mean=0.000001410
[06:44:51] Layer block_13: mean=0.000001388
[06:45:06] Layer block_14: mean=0.000001345
[06:45:21] Layer block_15: mean=0.000001308
[06:45:35] Layer block_16: mean=0.000001287
[06:45:50] Layer block_17: mean=0.000001251
[06:46:04] Layer block_18: mean=0.000001224
[06:46:18] Layer block_19: mean=0.000001192
[06:46:32] Layer block_20: mean=0.000001161
[06:46:45] Layer block_21: mean=0.000001129
[06:46:58] Layer block_22: mean=0.000001108
[06:47:12] Layer block_23: mean=0.000001089
[06:47:24] Layer block_24: mean=0.000001114
[06:47:37] Layer block_25: mean=0.000001168
[06:47:50] Layer block_26: mean=0.000001318
[06:48:02] Layer block_27: mean=0.000001607
[06:48:14] Layer block_28: mean=0.000001887
[06:48:26] Layer block_29: mean=0.000002128
[06:48:37] Layer block_30: mean=0.000002329
[06:48:49] Layer block_31: mean=0.000002462
[06:49:00] Layer block_32: mean=0.000002532
[06:49:11] Layer block_33: mean=0.000002550
[06:49:22] Layer block_34: mean=0.000002521
[06:49:33] Layer block_35: mean=0.000002470
[06:49:43] Layer block_36: mean=0.000002351
[06:49:53] Layer block_37: mean=0.000002098
[06:50:03] Layer block_38: mean=0.000001572
[06:50:13] Layer block_39: mean=0.000000808
[06:50:23] Layer head: mean=0.000390306
[06:50:23] ✅ dr updated (N=200).
[06:50:23] 
🔍 Processing task: dtd (delta=50)
[06:50:23] [DTD] Collected 5640 image paths from /root/autodl-tmp/modelselection/datasets/datasets/dtd/labels
[06:50:23] [DTD] Loaded 50 samples (skipped 0), tensor torch.Size([50, 3, 224, 224])
[06:50:41] Layer block_0: mean=0.000005473
[06:50:59] Layer block_1: mean=0.000003888
[06:51:16] Layer block_2: mean=0.000003602
[06:51:33] Layer block_3: mean=0.000003343
[06:51:50] Layer block_4: mean=0.000003251
[06:52:07] Layer block_5: mean=0.000003151
[06:52:24] Layer block_6: mean=0.000003031
[06:52:40] Layer block_7: mean=0.000002888
[06:52:56] Layer block_8: mean=0.000002704
[06:53:12] Layer block_9: mean=0.000002546
[06:53:28] Layer block_10: mean=0.000002439
[06:53:44] Layer block_11: mean=0.000002360
[06:53:59] Layer block_12: mean=0.000002237
[06:54:14] Layer block_13: mean=0.000002151
[06:54:29] Layer block_14: mean=0.000002022
[06:54:44] Layer block_15: mean=0.000001917
[06:54:58] Layer block_16: mean=0.000001844
[06:55:13] Layer block_17: mean=0.000001770
[06:55:27] Layer block_18: mean=0.000001696
[06:55:41] Layer block_19: mean=0.000001627
[06:55:55] Layer block_20: mean=0.000001555
[06:56:08] Layer block_21: mean=0.000001492
[06:56:21] Layer block_22: mean=0.000001458
[06:56:34] Layer block_23: mean=0.000001439
[06:56:47] Layer block_24: mean=0.000001484
[06:57:00] Layer block_25: mean=0.000001564
[06:57:13] Layer block_26: mean=0.000001811
[06:57:25] Layer block_27: mean=0.000002343
[06:57:37] Layer block_28: mean=0.000002799
[06:57:49] Layer block_29: mean=0.000003153
[06:58:01] Layer block_30: mean=0.000003443
[06:58:12] Layer block_31: mean=0.000003602
[06:58:23] Layer block_32: mean=0.000003663
[06:58:34] Layer block_33: mean=0.000003649
[06:58:45] Layer block_34: mean=0.000003552
[06:58:56] Layer block_35: mean=0.000003374
[06:59:06] Layer block_36: mean=0.000003090
[06:59:16] Layer block_37: mean=0.000002629
[06:59:26] Layer block_38: mean=0.000001876
[06:59:36] Layer block_39: mean=0.000000761
[06:59:46] Layer head: mean=0.000383510
[06:59:46] ✅ dtd updated (N=200).
[06:59:46] 
🔍 Processing task: eurosat (delta=50)
[06:59:46] [EuroSAT] Collected 27000 images from 10 classes under /root/autodl-tmp/modelselection/datasets/datasets/eurosat/2750
[06:59:46] [EuroSAT] Loaded 50 samples (skipped 0), tensor torch.Size([50, 3, 224, 224])
[07:00:04] Layer block_0: mean=0.000001901
[07:00:22] Layer block_1: mean=0.000001571
[07:00:39] Layer block_2: mean=0.000001637
[07:00:56] Layer block_3: mean=0.000001635
[07:01:13] Layer block_4: mean=0.000001653
[07:01:30] Layer block_5: mean=0.000001654
[07:01:47] Layer block_6: mean=0.000001649
[07:02:03] Layer block_7: mean=0.000001626
[07:02:19] Layer block_8: mean=0.000001567
[07:02:35] Layer block_9: mean=0.000001511
[07:02:51] Layer block_10: mean=0.000001480
[07:03:07] Layer block_11: mean=0.000001460
[07:03:22] Layer block_12: mean=0.000001419
[07:03:37] Layer block_13: mean=0.000001389
[07:03:52] Layer block_14: mean=0.000001343
[07:04:07] Layer block_15: mean=0.000001309
[07:04:21] Layer block_16: mean=0.000001288
[07:04:36] Layer block_17: mean=0.000001254
[07:04:50] Layer block_18: mean=0.000001218
[07:05:04] Layer block_19: mean=0.000001179
[07:05:17] Layer block_20: mean=0.000001135
[07:05:31] Layer block_21: mean=0.000001089
[07:05:44] Layer block_22: mean=0.000001066
[07:05:57] Layer block_23: mean=0.000001059
[07:06:10] Layer block_24: mean=0.000001110
[07:06:23] Layer block_25: mean=0.000001193
[07:06:35] Layer block_26: mean=0.000001400
[07:06:48] Layer block_27: mean=0.000001832
[07:07:00] Layer block_28: mean=0.000002210
[07:07:12] Layer block_29: mean=0.000002514
[07:07:23] Layer block_30: mean=0.000002752
[07:07:35] Layer block_31: mean=0.000002911
[07:07:46] Layer block_32: mean=0.000002990
[07:07:57] Layer block_33: mean=0.000003007
[07:08:08] Layer block_34: mean=0.000002952
[07:08:18] Layer block_35: mean=0.000002843
[07:08:29] Layer block_36: mean=0.000002629
[07:08:39] Layer block_37: mean=0.000002269
[07:08:49] Layer block_38: mean=0.000001678
[07:08:59] Layer block_39: mean=0.000000764
[07:09:09] Layer head: mean=0.000364666
[07:09:09] ✅ eurosat updated (N=200).
[07:09:09] 
🔍 Processing task: fer2013 (delta=50)
[07:09:09] [FER2013] Loaded 50 samples (skipped 0), tensor torch.Size([50, 3, 224, 224])
[07:09:26] Layer block_0: mean=0.000001947
[07:09:44] Layer block_1: mean=0.000001739
[07:10:02] Layer block_2: mean=0.000001834
[07:10:19] Layer block_3: mean=0.000001898
[07:10:36] Layer block_4: mean=0.000001960
[07:10:53] Layer block_5: mean=0.000002004
[07:11:09] Layer block_6: mean=0.000002002
[07:11:26] Layer block_7: mean=0.000001995
[07:11:42] Layer block_8: mean=0.000001950
[07:11:58] Layer block_9: mean=0.000001899
[07:12:14] Layer block_10: mean=0.000001889
[07:12:29] Layer block_11: mean=0.000001907
[07:12:45] Layer block_12: mean=0.000001873
[07:13:00] Layer block_13: mean=0.000001853
[07:13:15] Layer block_14: mean=0.000001805
[07:13:29] Layer block_15: mean=0.000001775
[07:13:44] Layer block_16: mean=0.000001764
[07:13:58] Layer block_17: mean=0.000001745
[07:14:12] Layer block_18: mean=0.000001717
[07:14:26] Layer block_19: mean=0.000001697
[07:14:40] Layer block_20: mean=0.000001649
[07:14:53] Layer block_21: mean=0.000001582
[07:15:07] Layer block_22: mean=0.000001520
[07:15:20] Layer block_23: mean=0.000001455
[07:15:33] Layer block_24: mean=0.000001429
[07:15:45] Layer block_25: mean=0.000001448
[07:15:58] Layer block_26: mean=0.000001629
[07:16:10] Layer block_27: mean=0.000001982
[07:16:22] Layer block_28: mean=0.000002330
[07:16:34] Layer block_29: mean=0.000002591
[07:16:46] Layer block_30: mean=0.000002832
[07:16:57] Layer block_31: mean=0.000002980
[07:17:08] Layer block_32: mean=0.000003066
[07:17:19] Layer block_33: mean=0.000003065
[07:17:30] Layer block_34: mean=0.000003021
[07:17:41] Layer block_35: mean=0.000002917
[07:17:51] Layer block_36: mean=0.000002683
[07:18:01] Layer block_37: mean=0.000002311
[07:18:11] Layer block_38: mean=0.000001736
[07:18:21] Layer block_39: mean=0.000000825
[07:18:31] Layer head: mean=0.000388740
[07:18:31] ✅ fer2013 updated (N=200).
[07:18:31] 
🔍 Processing task: gtsrb (delta=50)
[07:18:31] [GTSRB] Collected 12630 test images.
[07:18:31] [GTSRB] Loaded 50 samples (skipped 0), tensor torch.Size([50, 3, 224, 224])
[07:18:49] Layer block_0: mean=0.000002487
[07:19:07] Layer block_1: mean=0.000001855
[07:19:24] Layer block_2: mean=0.000001833
[07:19:41] Layer block_3: mean=0.000001858
[07:19:58] Layer block_4: mean=0.000001922
[07:20:15] Layer block_5: mean=0.000001961
[07:20:32] Layer block_6: mean=0.000001961
[07:20:48] Layer block_7: mean=0.000001940
[07:21:04] Layer block_8: mean=0.000001882
[07:21:20] Layer block_9: mean=0.000001823
[07:21:36] Layer block_10: mean=0.000001792
[07:21:52] Layer block_11: mean=0.000001780
[07:22:07] Layer block_12: mean=0.000001729
[07:22:22] Layer block_13: mean=0.000001696
[07:22:37] Layer block_14: mean=0.000001628
[07:22:52] Layer block_15: mean=0.000001584
[07:23:06] Layer block_16: mean=0.000001555
[07:23:21] Layer block_17: mean=0.000001512
[07:23:35] Layer block_18: mean=0.000001463
[07:23:49] Layer block_19: mean=0.000001425
[07:24:03] Layer block_20: mean=0.000001379
[07:24:16] Layer block_21: mean=0.000001332
[07:24:29] Layer block_22: mean=0.000001304
[07:24:43] Layer block_23: mean=0.000001279
[07:24:55] Layer block_24: mean=0.000001301
[07:25:08] Layer block_25: mean=0.000001351
[07:25:21] Layer block_26: mean=0.000001528
[07:25:33] Layer block_27: mean=0.000001916
[07:25:45] Layer block_28: mean=0.000002261
[07:25:57] Layer block_29: mean=0.000002529
[07:26:09] Layer block_30: mean=0.000002743
[07:26:20] Layer block_31: mean=0.000002890
[07:26:31] Layer block_32: mean=0.000002949
[07:26:43] Layer block_33: mean=0.000002947
[07:26:53] Layer block_34: mean=0.000002883
[07:27:04] Layer block_35: mean=0.000002783
[07:27:14] Layer block_36: mean=0.000002567
[07:27:25] Layer block_37: mean=0.000002205
[07:27:35] Layer block_38: mean=0.000001658
[07:27:44] Layer block_39: mean=0.000000790
[07:27:54] Layer head: mean=0.000369324
[07:27:54] ✅ gtsrb updated (N=200).
[07:27:54] 
🔍 Processing task: kitti (delta=50)
[07:27:54] [KITTI] Collected 711 images from /root/autodl-tmp/modelselection/datasets/datasets/kitti/test.txt
[07:27:54] [KITTI] Loaded 50 samples (skipped 0), tensor torch.Size([50, 3, 224, 224])
[07:28:12] Layer block_0: mean=0.000004816
[07:28:30] Layer block_1: mean=0.000003412
[07:28:47] Layer block_2: mean=0.000003299
[07:29:04] Layer block_3: mean=0.000003131
[07:29:21] Layer block_4: mean=0.000003107
[07:29:38] Layer block_5: mean=0.000003116
[07:29:55] Layer block_6: mean=0.000003076
[07:30:11] Layer block_7: mean=0.000002996
[07:30:27] Layer block_8: mean=0.000002887
[07:30:43] Layer block_9: mean=0.000002791
[07:30:59] Layer block_10: mean=0.000002743
[07:31:15] Layer block_11: mean=0.000002710
[07:31:30] Layer block_12: mean=0.000002629
[07:31:45] Layer block_13: mean=0.000002558
[07:32:00] Layer block_14: mean=0.000002462
[07:32:15] Layer block_15: mean=0.000002380
[07:32:29] Layer block_16: mean=0.000002309
[07:32:44] Layer block_17: mean=0.000002240
[07:32:58] Layer block_18: mean=0.000002177
[07:33:12] Layer block_19: mean=0.000002103
[07:33:26] Layer block_20: mean=0.000002009
[07:33:39] Layer block_21: mean=0.000001920
[07:33:52] Layer block_22: mean=0.000001841
[07:34:06] Layer block_23: mean=0.000001773
[07:34:18] Layer block_24: mean=0.000001765
[07:34:31] Layer block_25: mean=0.000001811
[07:34:44] Layer block_26: mean=0.000002004
[07:34:56] Layer block_27: mean=0.000002414
[07:35:08] Layer block_28: mean=0.000002818
[07:35:20] Layer block_29: mean=0.000003174
[07:35:32] Layer block_30: mean=0.000003455
[07:35:43] Layer block_31: mean=0.000003625
[07:35:54] Layer block_32: mean=0.000003671
[07:36:05] Layer block_33: mean=0.000003641
[07:36:16] Layer block_34: mean=0.000003490
[07:36:27] Layer block_35: mean=0.000003300
[07:36:37] Layer block_36: mean=0.000002998
[07:36:47] Layer block_37: mean=0.000002514
[07:36:58] Layer block_38: mean=0.000001831
[07:37:07] Layer block_39: mean=0.000000782
[07:37:17] Layer head: mean=0.000397407
[07:37:17] ✅ kitti updated (N=200).
[07:37:17] 
🔍 Processing task: mnist (delta=50)
[07:37:17] [MNIST] Loaded 50 samples, tensor torch.Size([50, 3, 224, 224])
[07:37:35] Layer block_0: mean=0.000001059
[07:37:53] Layer block_1: mean=0.000000816
[07:38:10] Layer block_2: mean=0.000000798
[07:38:27] Layer block_3: mean=0.000000798
[07:38:44] Layer block_4: mean=0.000000827
[07:39:01] Layer block_5: mean=0.000000873
[07:39:18] Layer block_6: mean=0.000000896
[07:39:34] Layer block_7: mean=0.000000881
[07:39:50] Layer block_8: mean=0.000000851
[07:40:06] Layer block_9: mean=0.000000824
[07:40:22] Layer block_10: mean=0.000000813
[07:40:38] Layer block_11: mean=0.000000807
[07:40:53] Layer block_12: mean=0.000000792
[07:41:08] Layer block_13: mean=0.000000773
[07:41:23] Layer block_14: mean=0.000000739
[07:41:38] Layer block_15: mean=0.000000723
[07:41:53] Layer block_16: mean=0.000000713
[07:42:07] Layer block_17: mean=0.000000701
[07:42:21] Layer block_18: mean=0.000000688
[07:42:35] Layer block_19: mean=0.000000677
[07:42:49] Layer block_20: mean=0.000000664
[07:43:02] Layer block_21: mean=0.000000650
[07:43:16] Layer block_22: mean=0.000000655
[07:43:29] Layer block_23: mean=0.000000664
[07:43:42] Layer block_24: mean=0.000000694
[07:43:54] Layer block_25: mean=0.000000758
[07:44:07] Layer block_26: mean=0.000000869
[07:44:19] Layer block_27: mean=0.000001076
[07:44:31] Layer block_28: mean=0.000001271
[07:44:43] Layer block_29: mean=0.000001431
[07:44:55] Layer block_30: mean=0.000001565
[07:45:06] Layer block_31: mean=0.000001676
[07:45:17] Layer block_32: mean=0.000001754
[07:45:28] Layer block_33: mean=0.000001785
[07:45:39] Layer block_34: mean=0.000001790
[07:45:50] Layer block_35: mean=0.000001769
[07:46:00] Layer block_36: mean=0.000001702
[07:46:10] Layer block_37: mean=0.000001539
[07:46:20] Layer block_38: mean=0.000001233
[07:46:30] Layer block_39: mean=0.000000753
[07:46:40] Layer head: mean=0.000361212
[07:46:40] ✅ mnist updated (N=200).
[07:46:40] 
🔍 Processing task: oxford_flowers (delta=50)
[07:46:40] [OxfordFlowers] Loaded 50 samples (skipped 0), tensor torch.Size([50, 3, 224, 224])
[07:46:58] Layer block_0: mean=0.000004208
[07:47:16] Layer block_1: mean=0.000002811
[07:47:33] Layer block_2: mean=0.000002738
[07:47:50] Layer block_3: mean=0.000002629
[07:48:07] Layer block_4: mean=0.000002576
[07:48:24] Layer block_5: mean=0.000002553
[07:48:41] Layer block_6: mean=0.000002535
[07:48:57] Layer block_7: mean=0.000002481
[07:49:14] Layer block_8: mean=0.000002399
[07:49:30] Layer block_9: mean=0.000002315
[07:49:45] Layer block_10: mean=0.000002275
[07:50:01] Layer block_11: mean=0.000002250
[07:50:16] Layer block_12: mean=0.000002184
[07:50:31] Layer block_13: mean=0.000002128
[07:50:46] Layer block_14: mean=0.000002045
[07:51:01] Layer block_15: mean=0.000001974
[07:51:16] Layer block_16: mean=0.000001922
[07:51:30] Layer block_17: mean=0.000001864
[07:51:44] Layer block_18: mean=0.000001799
[07:51:58] Layer block_19: mean=0.000001735
[07:52:12] Layer block_20: mean=0.000001658
[07:52:25] Layer block_21: mean=0.000001565
[07:52:39] Layer block_22: mean=0.000001500
[07:52:52] Layer block_23: mean=0.000001454
[07:53:05] Layer block_24: mean=0.000001468
[07:53:17] Layer block_25: mean=0.000001519
[07:53:30] Layer block_26: mean=0.000001739
[07:53:42] Layer block_27: mean=0.000002184
[07:53:54] Layer block_28: mean=0.000002609
[07:54:06] Layer block_29: mean=0.000002971
[07:54:18] Layer block_30: mean=0.000003283
[07:54:29] Layer block_31: mean=0.000003481
[07:54:40] Layer block_32: mean=0.000003586
[07:54:51] Layer block_33: mean=0.000003589
[07:55:02] Layer block_34: mean=0.000003519
[07:55:13] Layer block_35: mean=0.000003354
[07:55:23] Layer block_36: mean=0.000003022
[07:55:33] Layer block_37: mean=0.000002524
[07:55:43] Layer block_38: mean=0.000001783
[07:55:53] Layer block_39: mean=0.000000784
[07:56:03] Layer head: mean=0.000398592
[07:56:03] ✅ oxford_flowers updated (N=200).
[07:56:03] 
🔍 Processing task: oxford_pet (delta=50)
[07:56:03] [OxfordPet] Loaded 50 samples (skipped 0), tensor torch.Size([50, 3, 224, 224])
[07:56:21] Layer block_0: mean=0.000004363
[07:56:39] Layer block_1: mean=0.000003155
[07:56:56] Layer block_2: mean=0.000002991
[07:57:13] Layer block_3: mean=0.000002792
[07:57:30] Layer block_4: mean=0.000002733
[07:57:47] Layer block_5: mean=0.000002698
[07:58:04] Layer block_6: mean=0.000002657
[07:58:20] Layer block_7: mean=0.000002579
[07:58:36] Layer block_8: mean=0.000002472
[07:58:52] Layer block_9: mean=0.000002377
[07:59:08] Layer block_10: mean=0.000002338
[07:59:24] Layer block_11: mean=0.000002314
[07:59:39] Layer block_12: mean=0.000002251
[07:59:54] Layer block_13: mean=0.000002205
[08:00:09] Layer block_14: mean=0.000002126
[08:00:24] Layer block_15: mean=0.000002063
[08:00:38] Layer block_16: mean=0.000002016
[08:00:53] Layer block_17: mean=0.000001968
[08:01:07] Layer block_18: mean=0.000001918
[08:01:21] Layer block_19: mean=0.000001866
[08:01:35] Layer block_20: mean=0.000001794
[08:01:48] Layer block_21: mean=0.000001704
[08:02:01] Layer block_22: mean=0.000001632
[08:02:14] Layer block_23: mean=0.000001561
[08:02:27] Layer block_24: mean=0.000001550
[08:02:40] Layer block_25: mean=0.000001591
[08:02:52] Layer block_26: mean=0.000001788
[08:03:05] Layer block_27: mean=0.000002185
[08:03:17] Layer block_28: mean=0.000002575
[08:03:29] Layer block_29: mean=0.000002912
[08:03:40] Layer block_30: mean=0.000003214
[08:03:52] Layer block_31: mean=0.000003398
[08:04:03] Layer block_32: mean=0.000003481
[08:04:14] Layer block_33: mean=0.000003489
[08:04:25] Layer block_34: mean=0.000003395
[08:04:35] Layer block_35: mean=0.000003233
[08:04:46] Layer block_36: mean=0.000002956
[08:04:56] Layer block_37: mean=0.000002497
[08:05:06] Layer block_38: mean=0.000001813
[08:05:15] Layer block_39: mean=0.000000830
[08:05:25] Layer head: mean=0.000399878
[08:05:25] ✅ oxford_pet updated (N=200).
[08:05:25] 
🔍 Processing task: patch_camelyon (delta=50)
[08:05:25] [PatchCamelyon] Collected 32768 image paths from /root/autodl-tmp/modelselection/datasets/datasets/patch_camelyon/test.txt
[08:05:25] [PatchCamelyon] Loaded 50 samples (skipped 0), tensor torch.Size([50, 3, 224, 224])
[08:05:43] Layer block_0: mean=0.000004510
[08:06:01] Layer block_1: mean=0.000003501
[08:06:18] Layer block_2: mean=0.000003263
[08:06:35] Layer block_3: mean=0.000002999
[08:06:52] Layer block_4: mean=0.000002885
[08:07:09] Layer block_5: mean=0.000002813
[08:07:26] Layer block_6: mean=0.000002731
[08:07:42] Layer block_7: mean=0.000002618
[08:07:58] Layer block_8: mean=0.000002471
[08:08:14] Layer block_9: mean=0.000002334
[08:08:30] Layer block_10: mean=0.000002243
[08:08:46] Layer block_11: mean=0.000002181
[08:09:01] Layer block_12: mean=0.000002092
[08:09:16] Layer block_13: mean=0.000002025
[08:09:31] Layer block_14: mean=0.000001933
[08:09:46] Layer block_15: mean=0.000001843
[08:10:00] Layer block_16: mean=0.000001783
[08:10:15] Layer block_17: mean=0.000001703
[08:10:29] Layer block_18: mean=0.000001631
[08:10:43] Layer block_19: mean=0.000001551
[08:10:56] Layer block_20: mean=0.000001484
[08:11:10] Layer block_21: mean=0.000001417
[08:11:23] Layer block_22: mean=0.000001384
[08:11:36] Layer block_23: mean=0.000001375
[08:11:49] Layer block_24: mean=0.000001439
[08:12:02] Layer block_25: mean=0.000001519
[08:12:14] Layer block_26: mean=0.000001759
[08:12:26] Layer block_27: mean=0.000002266
[08:12:38] Layer block_28: mean=0.000002697
[08:12:50] Layer block_29: mean=0.000003055
[08:13:02] Layer block_30: mean=0.000003333
[08:13:13] Layer block_31: mean=0.000003528
[08:13:25] Layer block_32: mean=0.000003574
[08:13:36] Layer block_33: mean=0.000003574
[08:13:46] Layer block_34: mean=0.000003491
[08:13:57] Layer block_35: mean=0.000003340
[08:14:07] Layer block_36: mean=0.000003088
[08:14:18] Layer block_37: mean=0.000002654
[08:14:28] Layer block_38: mean=0.000001896
[08:14:37] Layer block_39: mean=0.000000777
[08:14:47] Layer head: mean=0.000409778
[08:14:47] ✅ patch_camelyon updated (N=200).
[08:14:47] 
🔍 Processing task: renderedsst2 (delta=50)
[08:14:47] [RenderedSST2] Loaded 50 samples (skipped 0), tensor torch.Size([50, 3, 224, 224])
[08:15:05] Layer block_0: mean=0.000005168
[08:15:23] Layer block_1: mean=0.000003411
[08:15:40] Layer block_2: mean=0.000003200
[08:15:57] Layer block_3: mean=0.000003045
[08:16:14] Layer block_4: mean=0.000002902
[08:16:31] Layer block_5: mean=0.000002739
[08:16:48] Layer block_6: mean=0.000002562
[08:17:04] Layer block_7: mean=0.000002411
[08:17:20] Layer block_8: mean=0.000002224
[08:17:36] Layer block_9: mean=0.000002093
[08:17:52] Layer block_10: mean=0.000002004
[08:18:08] Layer block_11: mean=0.000001959
[08:18:23] Layer block_12: mean=0.000001905
[08:18:38] Layer block_13: mean=0.000001844
[08:18:53] Layer block_14: mean=0.000001767
[08:19:08] Layer block_15: mean=0.000001730
[08:19:23] Layer block_16: mean=0.000001688
[08:19:37] Layer block_17: mean=0.000001614
[08:19:51] Layer block_18: mean=0.000001575
[08:20:05] Layer block_19: mean=0.000001535
[08:20:19] Layer block_20: mean=0.000001494
[08:20:32] Layer block_21: mean=0.000001467
[08:20:45] Layer block_22: mean=0.000001446
[08:20:58] Layer block_23: mean=0.000001432
[08:21:11] Layer block_24: mean=0.000001427
[08:21:24] Layer block_25: mean=0.000001464
[08:21:36] Layer block_26: mean=0.000001550
[08:21:49] Layer block_27: mean=0.000001745
[08:22:01] Layer block_28: mean=0.000001963
[08:22:13] Layer block_29: mean=0.000002208
[08:22:24] Layer block_30: mean=0.000002444
[08:22:36] Layer block_31: mean=0.000002653
[08:22:47] Layer block_32: mean=0.000002774
[08:22:58] Layer block_33: mean=0.000002812
[08:23:09] Layer block_34: mean=0.000002785
[08:23:19] Layer block_35: mean=0.000002650
[08:23:30] Layer block_36: mean=0.000002435
[08:23:40] Layer block_37: mean=0.000002069
[08:23:50] Layer block_38: mean=0.000001538
[08:24:00] Layer block_39: mean=0.000000780
[08:24:09] Layer head: mean=0.000378918
[08:24:09] ✅ renderedsst2 updated (N=200).
[08:24:09] 
🔍 Processing task: resisc45 (delta=50)
[08:24:09] [RESISC45] Collected 6300 images from /root/autodl-tmp/modelselection/datasets/datasets/resisc45/test.txt
[08:24:09] [RESISC45] Loaded 50 samples (skipped 0), tensor torch.Size([50, 3, 224, 224])
[08:24:27] Layer block_0: mean=0.000005395
[08:24:45] Layer block_1: mean=0.000004230
[08:25:02] Layer block_2: mean=0.000004253
[08:25:20] Layer block_3: mean=0.000004051
[08:25:37] Layer block_4: mean=0.000003965
[08:25:53] Layer block_5: mean=0.000003937
[08:26:10] Layer block_6: mean=0.000003884
[08:26:26] Layer block_7: mean=0.000003772
[08:26:43] Layer block_8: mean=0.000003603
[08:26:58] Layer block_9: mean=0.000003438
[08:27:14] Layer block_10: mean=0.000003340
[08:27:30] Layer block_11: mean=0.000003259
[08:27:45] Layer block_12: mean=0.000003110
[08:28:00] Layer block_13: mean=0.000002998
[08:28:15] Layer block_14: mean=0.000002834
[08:28:30] Layer block_15: mean=0.000002698
[08:28:45] Layer block_16: mean=0.000002607
[08:28:59] Layer block_17: mean=0.000002506
[08:29:13] Layer block_18: mean=0.000002403
[08:29:27] Layer block_19: mean=0.000002285
[08:29:41] Layer block_20: mean=0.000002164
[08:29:54] Layer block_21: mean=0.000002026
[08:30:08] Layer block_22: mean=0.000001918
[08:30:21] Layer block_23: mean=0.000001844
[08:30:34] Layer block_24: mean=0.000001848
[08:30:46] Layer block_25: mean=0.000001892
[08:30:59] Layer block_26: mean=0.000002144
[08:31:11] Layer block_27: mean=0.000002690
[08:31:23] Layer block_28: mean=0.000003193
[08:31:35] Layer block_29: mean=0.000003606
[08:31:47] Layer block_30: mean=0.000003938
[08:31:58] Layer block_31: mean=0.000004141
[08:32:09] Layer block_32: mean=0.000004211
[08:32:20] Layer block_33: mean=0.000004187
[08:32:31] Layer block_34: mean=0.000004032
[08:32:42] Layer block_35: mean=0.000003807
[08:32:52] Layer block_36: mean=0.000003452
[08:33:02] Layer block_37: mean=0.000002873
[08:33:12] Layer block_38: mean=0.000002039
[08:33:22] Layer block_39: mean=0.000000802
[08:33:32] Layer head: mean=0.000403182
[08:33:32] ✅ resisc45 updated (N=200).
[08:33:32] 
🔍 Processing task: stl10 (delta=50)
[08:33:32] [STL10] Loaded 50 samples, tensor torch.Size([50, 3, 224, 224])
[08:33:50] Layer block_0: mean=0.000003795
[08:34:07] Layer block_1: mean=0.000003003
[08:34:25] Layer block_2: mean=0.000003018
[08:34:42] Layer block_3: mean=0.000002871
[08:34:59] Layer block_4: mean=0.000002815
[08:35:16] Layer block_5: mean=0.000002788
[08:35:32] Layer block_6: mean=0.000002773
[08:35:49] Layer block_7: mean=0.000002722
[08:36:05] Layer block_8: mean=0.000002639
[08:36:21] Layer block_9: mean=0.000002550
[08:36:37] Layer block_10: mean=0.000002506
[08:36:52] Layer block_11: mean=0.000002477
[08:37:08] Layer block_12: mean=0.000002416
[08:37:23] Layer block_13: mean=0.000002378
[08:37:38] Layer block_14: mean=0.000002310
[08:37:52] Layer block_15: mean=0.000002275
[08:38:07] Layer block_16: mean=0.000002254
[08:38:21] Layer block_17: mean=0.000002217
[08:38:35] Layer block_18: mean=0.000002169
[08:38:49] Layer block_19: mean=0.000002118
[08:39:03] Layer block_20: mean=0.000002070
[08:39:17] Layer block_21: mean=0.000002016
[08:39:30] Layer block_22: mean=0.000001970
[08:39:43] Layer block_23: mean=0.000001934
[08:39:56] Layer block_24: mean=0.000001957
[08:40:09] Layer block_25: mean=0.000002010
[08:40:21] Layer block_26: mean=0.000002206
[08:40:33] Layer block_27: mean=0.000002590
[08:40:45] Layer block_28: mean=0.000002930
[08:40:57] Layer block_29: mean=0.000003210
[08:41:09] Layer block_30: mean=0.000003437
[08:41:20] Layer block_31: mean=0.000003570
[08:41:31] Layer block_32: mean=0.000003610
[08:41:43] Layer block_33: mean=0.000003574
[08:41:53] Layer block_34: mean=0.000003455
[08:42:04] Layer block_35: mean=0.000003274
[08:42:14] Layer block_36: mean=0.000002984
[08:42:25] Layer block_37: mean=0.000002522
[08:42:35] Layer block_38: mean=0.000001819
[08:42:44] Layer block_39: mean=0.000000791
[08:42:54] Layer head: mean=0.000388473
[08:42:54] ✅ stl10 updated (N=200).
[08:42:54] 
🔍 Processing task: sun397 (delta=50)
[08:42:55] [SUN397] Loaded 50 samples (skipped 0), tensor torch.Size([50, 3, 224, 224])
[08:43:13] Layer block_0: mean=0.000005926
[08:43:31] Layer block_1: mean=0.000004311
[08:43:48] Layer block_2: mean=0.000004052
[08:44:06] Layer block_3: mean=0.000003774
[08:44:23] Layer block_4: mean=0.000003668
[08:44:39] Layer block_5: mean=0.000003611
[08:44:56] Layer block_6: mean=0.000003547
[08:45:12] Layer block_7: mean=0.000003421
[08:45:29] Layer block_8: mean=0.000003282
[08:45:45] Layer block_9: mean=0.000003164
[08:46:00] Layer block_10: mean=0.000003103
[08:46:16] Layer block_11: mean=0.000003044
[08:46:31] Layer block_12: mean=0.000002941
[08:46:47] Layer block_13: mean=0.000002863
[08:47:01] Layer block_14: mean=0.000002748
[08:47:16] Layer block_15: mean=0.000002659
[08:47:31] Layer block_16: mean=0.000002591
[08:47:45] Layer block_17: mean=0.000002514
[08:47:59] Layer block_18: mean=0.000002446
[08:48:13] Layer block_19: mean=0.000002363
[08:48:27] Layer block_20: mean=0.000002263
[08:48:40] Layer block_21: mean=0.000002144
[08:48:54] Layer block_22: mean=0.000002041
[08:49:07] Layer block_23: mean=0.000001945
[08:49:20] Layer block_24: mean=0.000001919
[08:49:32] Layer block_25: mean=0.000001939
[08:49:45] Layer block_26: mean=0.000002144
[08:49:57] Layer block_27: mean=0.000002600
[08:50:09] Layer block_28: mean=0.000003039
[08:50:21] Layer block_29: mean=0.000003418
[08:50:33] Layer block_30: mean=0.000003739
[08:50:44] Layer block_31: mean=0.000003920
[08:50:56] Layer block_32: mean=0.000003984
[08:51:07] Layer block_33: mean=0.000003952
[08:51:17] Layer block_34: mean=0.000003823
[08:51:28] Layer block_35: mean=0.000003625
[08:51:38] Layer block_36: mean=0.000003308
[08:51:49] Layer block_37: mean=0.000002768
[08:51:59] Layer block_38: mean=0.000001984
[08:52:08] Layer block_39: mean=0.000000800
[08:52:18] Layer head: mean=0.000404821
[08:52:18] ✅ sun397 updated (N=200).
[08:52:18] 
🔍 Processing task: svhn (delta=50)
[08:52:18] [SVHN] Loaded 50 samples (skipped 0), tensor torch.Size([50, 3, 224, 224])
[08:52:36] Layer block_0: mean=0.000001212
[08:52:54] Layer block_1: mean=0.000000983
[08:53:12] Layer block_2: mean=0.000000973
[08:53:29] Layer block_3: mean=0.000001018
[08:53:46] Layer block_4: mean=0.000001102
[08:54:03] Layer block_5: mean=0.000001193
[08:54:19] Layer block_6: mean=0.000001218
[08:54:36] Layer block_7: mean=0.000001214
[08:54:52] Layer block_8: mean=0.000001185
[08:55:08] Layer block_9: mean=0.000001152
[08:55:24] Layer block_10: mean=0.000001135
[08:55:39] Layer block_11: mean=0.000001149
[08:55:55] Layer block_12: mean=0.000001125
[08:56:10] Layer block_13: mean=0.000001106
[08:56:25] Layer block_14: mean=0.000001064
[08:56:40] Layer block_15: mean=0.000001040
[08:56:54] Layer block_16: mean=0.000001022
[08:57:09] Layer block_17: mean=0.000000995
[08:57:23] Layer block_18: mean=0.000000967
[08:57:37] Layer block_19: mean=0.000000946
[08:57:51] Layer block_20: mean=0.000000919
[08:58:04] Layer block_21: mean=0.000000885
[08:58:18] Layer block_22: mean=0.000000865
[08:58:31] Layer block_23: mean=0.000000857
[08:58:44] Layer block_24: mean=0.000000883
[08:58:56] Layer block_25: mean=0.000000916
[08:59:09] Layer block_26: mean=0.000001056
[08:59:21] Layer block_27: mean=0.000001396
[08:59:33] Layer block_28: mean=0.000001693
[08:59:45] Layer block_29: mean=0.000001913
[08:59:57] Layer block_30: mean=0.000002095
[09:00:08] Layer block_31: mean=0.000002219
[09:00:20] Layer block_32: mean=0.000002311
[09:00:31] Layer block_33: mean=0.000002362
[09:00:41] Layer block_34: mean=0.000002359
[09:00:52] Layer block_35: mean=0.000002319
[09:01:02] Layer block_36: mean=0.000002191
[09:01:13] Layer block_37: mean=0.000001926
[09:01:23] Layer block_38: mean=0.000001484
[09:01:32] Layer block_39: mean=0.000000742
[09:01:42] Layer head: mean=0.000337024
[09:01:42] ✅ svhn updated (N=200).
[09:01:42] 
🔍 Processing task: voc_pose (delta=50)
[09:01:42] [VOC] Loaded 50 samples (skipped 0), tensor torch.Size([50, 3, 224, 224])
[09:02:00] Layer block_0: mean=0.000005788
[09:02:18] Layer block_1: mean=0.000004046
[09:02:35] Layer block_2: mean=0.000003875
[09:02:52] Layer block_3: mean=0.000003600
[09:03:09] Layer block_4: mean=0.000003507
[09:03:26] Layer block_5: mean=0.000003463
[09:03:43] Layer block_6: mean=0.000003414
[09:03:59] Layer block_7: mean=0.000003312
[09:04:16] Layer block_8: mean=0.000003185
[09:04:32] Layer block_9: mean=0.000003069
[09:04:47] Layer block_10: mean=0.000003014
[09:05:03] Layer block_11: mean=0.000002973
[09:05:18] Layer block_12: mean=0.000002886
[09:05:34] Layer block_13: mean=0.000002812
[09:05:48] Layer block_14: mean=0.000002699
[09:06:03] Layer block_15: mean=0.000002611
[09:06:18] Layer block_16: mean=0.000002536
[09:06:32] Layer block_17: mean=0.000002459
[09:06:46] Layer block_18: mean=0.000002377
[09:07:00] Layer block_19: mean=0.000002302
[09:07:14] Layer block_20: mean=0.000002213
[09:07:28] Layer block_21: mean=0.000002114
[09:07:41] Layer block_22: mean=0.000002032
[09:07:54] Layer block_23: mean=0.000001948
[09:08:07] Layer block_24: mean=0.000001930
[09:08:20] Layer block_25: mean=0.000001960
[09:08:32] Layer block_26: mean=0.000002160
[09:08:44] Layer block_27: mean=0.000002606
[09:08:57] Layer block_28: mean=0.000003049
[09:09:08] Layer block_29: mean=0.000003432
[09:09:20] Layer block_30: mean=0.000003751
[09:09:32] Layer block_31: mean=0.000003936
[09:09:43] Layer block_32: mean=0.000003989
[09:09:54] Layer block_33: mean=0.000003949
[09:10:05] Layer block_34: mean=0.000003807
[09:10:15] Layer block_35: mean=0.000003597
[09:10:26] Layer block_36: mean=0.000003270
[09:10:36] Layer block_37: mean=0.000002729
[09:10:46] Layer block_38: mean=0.000001953
[09:10:56] Layer block_39: mean=0.000000807
[09:11:05] Layer head: mean=0.000393923
[09:11:05] ✅ voc_pose updated (N=200).
[09:11:05] ✅ Results saved for milestone 200.
[09:11:05] === Reaching milestone N=300 ===
[09:11:05] 
🔍 Processing task: car (delta=100)
[09:11:07] [Cars] Loaded 100 samples, tensor torch.Size([100, 3, 224, 224])
[09:11:42] Layer block_0: mean=0.000004822
[09:12:18] Layer block_1: mean=0.000003542
[09:12:53] Layer block_2: mean=0.000003535
[09:13:27] Layer block_3: mean=0.000003421
[09:14:01] Layer block_4: mean=0.000003427
[09:14:35] Layer block_5: mean=0.000003459
[09:15:08] Layer block_6: mean=0.000003422
[09:15:41] Layer block_7: mean=0.000003344
[09:16:14] Layer block_8: mean=0.000003236
[09:16:46] Layer block_9: mean=0.000003129
[09:17:17] Layer block_10: mean=0.000003097
[09:17:49] Layer block_11: mean=0.000003078
[09:18:19] Layer block_12: mean=0.000002984
[09:18:50] Layer block_13: mean=0.000002924
[09:19:20] Layer block_14: mean=0.000002802
[09:19:49] Layer block_15: mean=0.000002689
[09:20:19] Layer block_16: mean=0.000002613
[09:20:47] Layer block_17: mean=0.000002533
[09:21:16] Layer block_18: mean=0.000002462
[09:21:44] Layer block_19: mean=0.000002375
[09:22:11] Layer block_20: mean=0.000002264
[09:22:38] Layer block_21: mean=0.000002139
[09:23:05] Layer block_22: mean=0.000002022
[09:23:31] Layer block_23: mean=0.000001908
[09:23:57] Layer block_24: mean=0.000001870
[09:24:23] Layer block_25: mean=0.000001883
[09:24:48] Layer block_26: mean=0.000002079
[09:25:13] Layer block_27: mean=0.000002530
[09:25:37] Layer block_28: mean=0.000002955
[09:26:01] Layer block_29: mean=0.000003327
[09:26:24] Layer block_30: mean=0.000003646
[09:26:47] Layer block_31: mean=0.000003857
[09:27:09] Layer block_32: mean=0.000003941
[09:27:32] Layer block_33: mean=0.000003933
[09:27:53] Layer block_34: mean=0.000003819
[09:28:14] Layer block_35: mean=0.000003647
[09:28:35] Layer block_36: mean=0.000003320
[09:28:56] Layer block_37: mean=0.000002794
[09:29:16] Layer block_38: mean=0.000002064
[09:29:35] Layer block_39: mean=0.000000874
[09:29:55] Layer head: mean=0.000439191
[09:29:55] ✅ car updated (N=300).
[09:29:55] 
🔍 Processing task: cifar (delta=100)
[09:29:55] [CIFAR] Loaded 100 samples, tensor torch.Size([100, 3, 224, 224])
[09:30:31] Layer block_0: mean=0.000001926
[09:31:06] Layer block_1: mean=0.000001594
[09:31:41] Layer block_2: mean=0.000001621
[09:32:15] Layer block_3: mean=0.000001681
[09:32:49] Layer block_4: mean=0.000001748
[09:33:23] Layer block_5: mean=0.000001787
[09:33:56] Layer block_6: mean=0.000001782
[09:34:29] Layer block_7: mean=0.000001768
[09:35:02] Layer block_8: mean=0.000001720
[09:35:34] Layer block_9: mean=0.000001674
[09:36:05] Layer block_10: mean=0.000001657
[09:36:37] Layer block_11: mean=0.000001671
[09:37:08] Layer block_12: mean=0.000001641
[09:37:38] Layer block_13: mean=0.000001617
[09:38:08] Layer block_14: mean=0.000001569
[09:38:37] Layer block_15: mean=0.000001546
[09:39:07] Layer block_16: mean=0.000001534
[09:39:35] Layer block_17: mean=0.000001508
[09:40:04] Layer block_18: mean=0.000001477
[09:40:32] Layer block_19: mean=0.000001452
[09:40:59] Layer block_20: mean=0.000001414
[09:41:26] Layer block_21: mean=0.000001365
[09:41:53] Layer block_22: mean=0.000001331
[09:42:19] Layer block_23: mean=0.000001302
[09:42:45] Layer block_24: mean=0.000001322
[09:43:10] Layer block_25: mean=0.000001374
[09:43:35] Layer block_26: mean=0.000001551
[09:44:00] Layer block_27: mean=0.000001910
[09:44:24] Layer block_28: mean=0.000002227
[09:44:48] Layer block_29: mean=0.000002473
[09:45:11] Layer block_30: mean=0.000002672
[09:45:34] Layer block_31: mean=0.000002813
[09:45:57] Layer block_32: mean=0.000002882
[09:46:19] Layer block_33: mean=0.000002893
[09:46:41] Layer block_34: mean=0.000002839
[09:47:02] Layer block_35: mean=0.000002736
[09:47:23] Layer block_36: mean=0.000002519
[09:47:44] Layer block_37: mean=0.000002172
[09:48:04] Layer block_38: mean=0.000001628
[09:48:23] Layer block_39: mean=0.000000768
[09:48:43] Layer head: mean=0.000368435
[09:48:43] ✅ cifar updated (N=300).
[09:48:43] 
🔍 Processing task: clevr (delta=100)
[09:48:43] [CLEVR] 15000 samples from /root/autodl-tmp/modelselection/datasets/datasets/clevr_count/test
[09:48:43] [CLEVR] Loaded 100 samples, tensor torch.Size([100, 3, 224, 224])
[09:49:19] Layer block_0: mean=0.000001602
[09:49:54] Layer block_1: mean=0.000001042
[09:50:29] Layer block_2: mean=0.000001060
[09:51:04] Layer block_3: mean=0.000001085
[09:51:38] Layer block_4: mean=0.000001097
[09:52:12] Layer block_5: mean=0.000001114
[09:52:45] Layer block_6: mean=0.000001130
[09:53:18] Layer block_7: mean=0.000001135
[09:53:50] Layer block_8: mean=0.000001111
[09:54:22] Layer block_9: mean=0.000001081
[09:54:54] Layer block_10: mean=0.000001075
[09:55:25] Layer block_11: mean=0.000001086
[09:55:58] Layer block_12: mean=0.000001084
[09:56:28] Layer block_13: mean=0.000001077
[09:56:58] Layer block_14: mean=0.000001060
[09:57:28] Layer block_15: mean=0.000001056
[09:57:57] Layer block_16: mean=0.000001055
[09:58:26] Layer block_17: mean=0.000001051
[09:58:54] Layer block_18: mean=0.000001047
[09:59:22] Layer block_19: mean=0.000001039
[09:59:50] Layer block_20: mean=0.000001027
[10:00:17] Layer block_21: mean=0.000001015
[10:00:44] Layer block_22: mean=0.000001014
[10:01:10] Layer block_23: mean=0.000001016
[10:01:36] Layer block_24: mean=0.000001050
[10:02:02] Layer block_25: mean=0.000001101
[10:02:26] Layer block_26: mean=0.000001217
[10:02:51] Layer block_27: mean=0.000001470
[10:03:17] Layer block_28: mean=0.000001708
[10:03:40] Layer block_29: mean=0.000001898
[10:04:04] Layer block_30: mean=0.000002073
[10:04:27] Layer block_31: mean=0.000002206
[10:04:50] Layer block_32: mean=0.000002270
[10:05:12] Layer block_33: mean=0.000002297
[10:05:34] Layer block_34: mean=0.000002271
[10:05:56] Layer block_35: mean=0.000002218
[10:06:17] Layer block_36: mean=0.000002107
[10:06:37] Layer block_37: mean=0.000001882
[10:06:57] Layer block_38: mean=0.000001496
[10:07:17] Layer block_39: mean=0.000000841
[10:07:36] Layer head: mean=0.000380076
[10:07:36] ✅ clevr updated (N=300).
[10:07:36] 
🔍 Processing task: country (delta=100)
[10:07:37] [Country211] Loaded 100 samples, tensor torch.Size([100, 3, 224, 224])
[10:08:13] Layer block_0: mean=0.000005282
[10:08:48] Layer block_1: mean=0.000003774
[10:09:23] Layer block_2: mean=0.000003578
[10:09:58] Layer block_3: mean=0.000003362
[10:10:32] Layer block_4: mean=0.000003274
[10:11:06] Layer block_5: mean=0.000003218
[10:11:39] Layer block_6: mean=0.000003160
[10:12:12] Layer block_7: mean=0.000003056
[10:12:45] Layer block_8: mean=0.000002917
[10:13:18] Layer block_9: mean=0.000002796
[10:13:50] Layer block_10: mean=0.000002728
[10:14:21] Layer block_11: mean=0.000002683
[10:14:52] Layer block_12: mean=0.000002595
[10:15:23] Layer block_13: mean=0.000002527
[10:15:53] Layer block_14: mean=0.000002423
[10:16:23] Layer block_15: mean=0.000002339
[10:16:52] Layer block_16: mean=0.000002274
[10:17:21] Layer block_17: mean=0.000002206
[10:17:50] Layer block_18: mean=0.000002138
[10:18:18] Layer block_19: mean=0.000002070
[10:18:45] Layer block_20: mean=0.000001988
[10:19:13] Layer block_21: mean=0.000001902
[10:19:39] Layer block_22: mean=0.000001833
[10:20:06] Layer block_23: mean=0.000001769
[10:20:32] Layer block_24: mean=0.000001769
[10:20:57] Layer block_25: mean=0.000001816
[10:21:22] Layer block_26: mean=0.000002010
[10:21:47] Layer block_27: mean=0.000002419
[10:22:12] Layer block_28: mean=0.000002815
[10:22:35] Layer block_29: mean=0.000003157
[10:22:59] Layer block_30: mean=0.000003446
[10:23:22] Layer block_31: mean=0.000003620
[10:23:44] Layer block_32: mean=0.000003680
[10:24:07] Layer block_33: mean=0.000003652
[10:24:28] Layer block_34: mean=0.000003538
[10:24:50] Layer block_35: mean=0.000003361
[10:25:11] Layer block_36: mean=0.000003074
[10:25:31] Layer block_37: mean=0.000002579
[10:25:51] Layer block_38: mean=0.000001863
[10:26:11] Layer block_39: mean=0.000000799
[10:26:31] Layer head: mean=0.000390285
[10:26:31] ✅ country updated (N=300).
[10:26:31] 
🔍 Processing task: dmlab (delta=100)
[10:26:32] [DMLab] Loaded 100 samples (skipped 0), tensor torch.Size([100, 3, 224, 224])
[10:27:08] Layer block_0: mean=0.000003777
[10:27:43] Layer block_1: mean=0.000002415
[10:28:19] Layer block_2: mean=0.000002267
[10:28:53] Layer block_3: mean=0.000002179
[10:29:28] Layer block_4: mean=0.000002199
[10:30:01] Layer block_5: mean=0.000002221
[10:30:35] Layer block_6: mean=0.000002216
[10:31:08] Layer block_7: mean=0.000002194
[10:31:41] Layer block_8: mean=0.000002120
[10:32:13] Layer block_9: mean=0.000002056
[10:32:45] Layer block_10: mean=0.000002025
[10:33:16] Layer block_11: mean=0.000002006
[10:33:47] Layer block_12: mean=0.000001959
[10:34:18] Layer block_13: mean=0.000001919
[10:34:48] Layer block_14: mean=0.000001852
[10:35:18] Layer block_15: mean=0.000001810
[10:35:47] Layer block_16: mean=0.000001775
[10:36:16] Layer block_17: mean=0.000001728
[10:36:44] Layer block_18: mean=0.000001683
[10:37:12] Layer block_19: mean=0.000001640
[10:37:40] Layer block_20: mean=0.000001584
[10:38:07] Layer block_21: mean=0.000001524
[10:38:34] Layer block_22: mean=0.000001490
[10:39:00] Layer block_23: mean=0.000001460
[10:39:27] Layer block_24: mean=0.000001483
[10:39:53] Layer block_25: mean=0.000001539
[10:40:18] Layer block_26: mean=0.000001711
[10:40:43] Layer block_27: mean=0.000002046
[10:41:08] Layer block_28: mean=0.000002353
[10:41:32] Layer block_29: mean=0.000002576
[10:41:55] Layer block_30: mean=0.000002764
[10:42:18] Layer block_31: mean=0.000002889
[10:42:41] Layer block_32: mean=0.000002945
[10:43:03] Layer block_33: mean=0.000002953
[10:43:25] Layer block_34: mean=0.000002900
[10:43:47] Layer block_35: mean=0.000002791
[10:44:08] Layer block_36: mean=0.000002597
[10:44:28] Layer block_37: mean=0.000002234
[10:44:49] Layer block_38: mean=0.000001683
[10:45:08] Layer block_39: mean=0.000000787
[10:45:28] Layer head: mean=0.000390652
[10:45:28] ✅ dmlab updated (N=300).
[10:45:28] 
🔍 Processing task: dr (delta=100)
[10:45:28] [DR] Loaded 42670 paths from /root/autodl-tmp/modelselection/datasets/datasets/diabetic_retinopathy/test.txt
[10:45:29] [DR] Loaded 100 samples (skipped 0), tensor torch.Size([100, 3, 224, 224])
[10:46:04] Layer block_0: mean=0.000002388
[10:46:40] Layer block_1: mean=0.000001792
[10:47:15] Layer block_2: mean=0.000001806
[10:47:50] Layer block_3: mean=0.000001767
[10:48:24] Layer block_4: mean=0.000001768
[10:48:58] Layer block_5: mean=0.000001797
[10:49:31] Layer block_6: mean=0.000001786
[10:50:04] Layer block_7: mean=0.000001749
[10:50:37] Layer block_8: mean=0.000001688
[10:51:09] Layer block_9: mean=0.000001621
[10:51:41] Layer block_10: mean=0.000001594
[10:52:12] Layer block_11: mean=0.000001578
[10:52:43] Layer block_12: mean=0.000001541
[10:53:14] Layer block_13: mean=0.000001512
[10:53:44] Layer block_14: mean=0.000001459
[10:54:14] Layer block_15: mean=0.000001411
[10:54:43] Layer block_16: mean=0.000001386
[10:55:12] Layer block_17: mean=0.000001344
[10:55:40] Layer block_18: mean=0.000001312
[10:56:08] Layer block_19: mean=0.000001274
[10:56:36] Layer block_20: mean=0.000001236
[10:57:03] Layer block_21: mean=0.000001202
[10:57:30] Layer block_22: mean=0.000001176
[10:57:56] Layer block_23: mean=0.000001149
[10:58:22] Layer block_24: mean=0.000001172
[10:58:47] Layer block_25: mean=0.000001225
[10:59:12] Layer block_26: mean=0.000001380
[10:59:37] Layer block_27: mean=0.000001688
[11:00:01] Layer block_28: mean=0.000001984
[11:00:25] Layer block_29: mean=0.000002243
[11:00:49] Layer block_30: mean=0.000002459
[11:01:12] Layer block_31: mean=0.000002599
[11:01:34] Layer block_32: mean=0.000002671
[11:01:57] Layer block_33: mean=0.000002685
[11:02:18] Layer block_34: mean=0.000002650
[11:02:40] Layer block_35: mean=0.000002585
[11:03:01] Layer block_36: mean=0.000002445
[11:03:21] Layer block_37: mean=0.000002171
[11:03:41] Layer block_38: mean=0.000001611
[11:04:01] Layer block_39: mean=0.000000806
[11:04:21] Layer head: mean=0.000389893
[11:04:21] ✅ dr updated (N=300).
[11:04:21] 
🔍 Processing task: dtd (delta=100)
[11:04:21] [DTD] Collected 5640 image paths from /root/autodl-tmp/modelselection/datasets/datasets/dtd/labels
[11:04:21] [DTD] Loaded 100 samples (skipped 0), tensor torch.Size([100, 3, 224, 224])
[11:04:57] Layer block_0: mean=0.000005957
[11:05:33] Layer block_1: mean=0.000004228
[11:06:08] Layer block_2: mean=0.000003866
[11:06:42] Layer block_3: mean=0.000003598
[11:07:17] Layer block_4: mean=0.000003480
[11:07:50] Layer block_5: mean=0.000003377
[11:08:24] Layer block_6: mean=0.000003257
[11:08:57] Layer block_7: mean=0.000003105
[11:09:30] Layer block_8: mean=0.000002912
[11:10:02] Layer block_9: mean=0.000002748
[11:10:34] Layer block_10: mean=0.000002641
[11:11:06] Layer block_11: mean=0.000002556
[11:11:37] Layer block_12: mean=0.000002424
[11:12:08] Layer block_13: mean=0.000002333
[11:12:39] Layer block_14: mean=0.000002199
[11:13:09] Layer block_15: mean=0.000002088
[11:13:39] Layer block_16: mean=0.000002006
[11:14:09] Layer block_17: mean=0.000001922
[11:14:38] Layer block_18: mean=0.000001840
[11:15:06] Layer block_19: mean=0.000001756
[11:15:34] Layer block_20: mean=0.000001675
[11:16:02] Layer block_21: mean=0.000001589
[11:16:29] Layer block_22: mean=0.000001532
[11:16:56] Layer block_23: mean=0.000001496
[11:17:23] Layer block_24: mean=0.000001526
[11:17:49] Layer block_25: mean=0.000001588
[11:18:14] Layer block_26: mean=0.000001833
[11:18:39] Layer block_27: mean=0.000002355
[11:19:04] Layer block_28: mean=0.000002803
[11:19:28] Layer block_29: mean=0.000003153
[11:19:52] Layer block_30: mean=0.000003440
[11:20:16] Layer block_31: mean=0.000003606
[11:20:39] Layer block_32: mean=0.000003667
[11:21:01] Layer block_33: mean=0.000003656
[11:21:24] Layer block_34: mean=0.000003561
[11:21:46] Layer block_35: mean=0.000003392
[11:22:07] Layer block_36: mean=0.000003113
[11:22:28] Layer block_37: mean=0.000002648
[11:22:49] Layer block_38: mean=0.000001886
[11:23:09] Layer block_39: mean=0.000000766
[11:23:29] Layer head: mean=0.000390265
[11:23:29] ✅ dtd updated (N=300).
[11:23:29] 
🔍 Processing task: eurosat (delta=100)
[11:23:29] [EuroSAT] Collected 27000 images from 10 classes under /root/autodl-tmp/modelselection/datasets/datasets/eurosat/2750
[11:23:29] [EuroSAT] Loaded 100 samples (skipped 0), tensor torch.Size([100, 3, 224, 224])
[11:24:05] Layer block_0: mean=0.000001947
[11:24:41] Layer block_1: mean=0.000001634
[11:25:16] Layer block_2: mean=0.000001744
[11:25:52] Layer block_3: mean=0.000001778
[11:26:28] Layer block_4: mean=0.000001812
[11:27:06] Layer block_5: mean=0.000001820
[11:27:44] Layer block_6: mean=0.000001819
[11:28:18] Layer block_7: mean=0.000001797
[11:28:51] Layer block_8: mean=0.000001733
[11:29:24] Layer block_9: mean=0.000001669
[11:29:56] Layer block_10: mean=0.000001637
[11:30:28] Layer block_11: mean=0.000001617
[11:30:59] Layer block_12: mean=0.000001565
[11:31:31] Layer block_13: mean=0.000001524
[11:32:02] Layer block_14: mean=0.000001464
[11:32:33] Layer block_15: mean=0.000001419
[11:33:03] Layer block_16: mean=0.000001393
[11:33:35] Layer block_17: mean=0.000001355
[11:34:04] Layer block_18: mean=0.000001310
[11:34:32] Layer block_19: mean=0.000001262
[11:35:00] Layer block_20: mean=0.000001210
[11:35:28] Layer block_21: mean=0.000001154
[11:35:55] Layer block_22: mean=0.000001120
[11:36:23] Layer block_23: mean=0.000001102
[11:36:50] Layer block_24: mean=0.000001141
[11:37:16] Layer block_25: mean=0.000001213
[11:37:42] Layer block_26: mean=0.000001413
[11:38:07] Layer block_27: mean=0.000001847
[11:38:32] Layer block_28: mean=0.000002232
[11:38:57] Layer block_29: mean=0.000002538
[11:39:21] Layer block_30: mean=0.000002776
[11:39:45] Layer block_31: mean=0.000002934
[11:40:09] Layer block_32: mean=0.000003011
[11:40:33] Layer block_33: mean=0.000003026
[11:40:57] Layer block_34: mean=0.000002965
[11:41:19] Layer block_35: mean=0.000002850
[11:41:57] Layer block_36: mean=0.000002630
[11:42:23] Layer block_37: mean=0.000002266
[11:42:48] Layer block_38: mean=0.000001676
[11:43:09] Layer block_39: mean=0.000000758
[11:43:29] Layer head: mean=0.000362009
[11:43:29] ✅ eurosat updated (N=300).
[11:43:29] 
🔍 Processing task: fer2013 (delta=100)
[11:43:29] [FER2013] Loaded 100 samples (skipped 0), tensor torch.Size([100, 3, 224, 224])
[11:44:06] Layer block_0: mean=0.000002012
[11:44:41] Layer block_1: mean=0.000001793
[11:45:17] Layer block_2: mean=0.000001908
[11:45:53] Layer block_3: mean=0.000001990
[11:46:28] Layer block_4: mean=0.000002055
[11:47:04] Layer block_5: mean=0.000002094
[11:47:39] Layer block_6: mean=0.000002091
[11:48:13] Layer block_7: mean=0.000002076
[11:48:47] Layer block_8: mean=0.000002026
[11:49:20] Layer block_9: mean=0.000001968
[11:49:53] Layer block_10: mean=0.000001955
[11:50:24] Layer block_11: mean=0.000001976
[11:50:55] Layer block_12: mean=0.000001939
[11:51:26] Layer block_13: mean=0.000001922
[11:51:57] Layer block_14: mean=0.000001871
[11:52:27] Layer block_15: mean=0.000001839
[11:52:57] Layer block_16: mean=0.000001831
[11:53:27] Layer block_17: mean=0.000001811
[11:53:55] Layer block_18: mean=0.000001788
[11:54:23] Layer block_19: mean=0.000001767
[11:54:51] Layer block_20: mean=0.000001715
[11:55:19] Layer block_21: mean=0.000001646
[11:55:46] Layer block_22: mean=0.000001584
[11:56:13] Layer block_23: mean=0.000001519
[11:56:39] Layer block_24: mean=0.000001496
[11:57:04] Layer block_25: mean=0.000001518
[11:57:30] Layer block_26: mean=0.000001700
[11:57:54] Layer block_27: mean=0.000002063
[11:58:19] Layer block_28: mean=0.000002422
[11:58:44] Layer block_29: mean=0.000002686
[11:59:07] Layer block_30: mean=0.000002929
[11:59:31] Layer block_31: mean=0.000003074
[12:00:00] Layer block_32: mean=0.000003160
[12:00:23] Layer block_33: mean=0.000003154
[12:00:45] Layer block_34: mean=0.000003100
[12:01:07] Layer block_35: mean=0.000002985
[12:01:33] Layer block_36: mean=0.000002737
[12:01:54] Layer block_37: mean=0.000002350
[12:02:14] Layer block_38: mean=0.000001757
[12:02:34] Layer block_39: mean=0.000000816
[12:02:57] Layer head: mean=0.000387554
[12:02:57] ✅ fer2013 updated (N=300).
[12:02:57] 
🔍 Processing task: gtsrb (delta=100)
[12:02:57] [GTSRB] Collected 12630 test images.
[12:02:57] [GTSRB] Loaded 100 samples (skipped 0), tensor torch.Size([100, 3, 224, 224])
[12:03:34] Layer block_0: mean=0.000002680
[12:04:10] Layer block_1: mean=0.000002014
[12:04:46] Layer block_2: mean=0.000002013
[12:05:21] Layer block_3: mean=0.000002056
[12:05:56] Layer block_4: mean=0.000002116
[12:06:30] Layer block_5: mean=0.000002144
[12:07:04] Layer block_6: mean=0.000002142
[12:07:37] Layer block_7: mean=0.000002113
[12:08:11] Layer block_8: mean=0.000002046
[12:08:43] Layer block_9: mean=0.000001979
[12:09:17] Layer block_10: mean=0.000001941
[12:09:50] Layer block_11: mean=0.000001923
[12:10:22] Layer block_12: mean=0.000001863
[12:10:53] Layer block_13: mean=0.000001822
[12:11:25] Layer block_14: mean=0.000001746
[12:11:55] Layer block_15: mean=0.000001697
[12:12:25] Layer block_16: mean=0.000001665
[12:12:54] Layer block_17: mean=0.000001616
[12:13:23] Layer block_18: mean=0.000001562
[12:13:51] Layer block_19: mean=0.000001517
[12:14:19] Layer block_20: mean=0.000001467
[12:14:46] Layer block_21: mean=0.000001412
[12:15:14] Layer block_22: mean=0.000001377
[12:15:41] Layer block_23: mean=0.000001347
[12:16:08] Layer block_24: mean=0.000001365
[12:16:40] Layer block_25: mean=0.000001411
[12:17:05] Layer block_26: mean=0.000001581
[12:17:30] Layer block_27: mean=0.000001961
[12:17:56] Layer block_28: mean=0.000002294
[12:18:20] Layer block_29: mean=0.000002547
[12:18:44] Layer block_30: mean=0.000002750
[12:19:07] Layer block_31: mean=0.000002888
[12:19:30] Layer block_32: mean=0.000002943
[12:19:52] Layer block_33: mean=0.000002940
[12:20:15] Layer block_34: mean=0.000002873
[12:20:38] Layer block_35: mean=0.000002772
[12:20:59] Layer block_36: mean=0.000002559
[12:21:20] Layer block_37: mean=0.000002201
[12:21:41] Layer block_38: mean=0.000001662
[12:22:01] Layer block_39: mean=0.000000796
[12:22:20] Layer head: mean=0.000369423
[12:22:20] ✅ gtsrb updated (N=300).
[12:22:20] 
🔍 Processing task: kitti (delta=100)
[12:22:20] [KITTI] Collected 711 images from /root/autodl-tmp/modelselection/datasets/datasets/kitti/test.txt
[12:22:21] [KITTI] Loaded 100 samples (skipped 0), tensor torch.Size([100, 3, 224, 224])
[12:22:57] Layer block_0: mean=0.000004646
[12:23:33] Layer block_1: mean=0.000003258
[12:24:08] Layer block_2: mean=0.000003089
[12:24:44] Layer block_3: mean=0.000002888
[12:25:19] Layer block_4: mean=0.000002831
[12:25:54] Layer block_5: mean=0.000002807
[12:26:28] Layer block_6: mean=0.000002775
[12:27:01] Layer block_7: mean=0.000002702
[12:27:34] Layer block_8: mean=0.000002599
[12:28:07] Layer block_9: mean=0.000002509
[12:28:39] Layer block_10: mean=0.000002458
[12:29:13] Layer block_11: mean=0.000002423
[12:29:46] Layer block_12: mean=0.000002358
[12:30:21] Layer block_13: mean=0.000002302
[12:30:54] Layer block_14: mean=0.000002222
[12:31:26] Layer block_15: mean=0.000002163
[12:31:59] Layer block_16: mean=0.000002108
[12:32:32] Layer block_17: mean=0.000002054
[12:33:04] Layer block_18: mean=0.000002005
[12:33:36] Layer block_19: mean=0.000001951
[12:34:06] Layer block_20: mean=0.000001879
[12:34:36] Layer block_21: mean=0.000001812
[12:35:04] Layer block_22: mean=0.000001758
[12:35:31] Layer block_23: mean=0.000001713
[12:35:57] Layer block_24: mean=0.000001725
[12:36:23] Layer block_25: mean=0.000001788
[12:36:48] Layer block_26: mean=0.000001986
[12:37:13] Layer block_27: mean=0.000002377
[12:37:38] Layer block_28: mean=0.000002769
[12:38:02] Layer block_29: mean=0.000003114
[12:38:26] Layer block_30: mean=0.000003391
[12:38:49] Layer block_31: mean=0.000003562
[12:39:12] Layer block_32: mean=0.000003611
[12:39:34] Layer block_33: mean=0.000003581
[12:39:57] Layer block_34: mean=0.000003433
[12:40:18] Layer block_35: mean=0.000003248
[12:40:42] Layer block_36: mean=0.000002956
[12:41:06] Layer block_37: mean=0.000002479
[12:41:32] Layer block_38: mean=0.000001810
[12:41:55] Layer block_39: mean=0.000000780
[12:42:19] Layer head: mean=0.000399200
[12:42:19] ✅ kitti updated (N=300).
[12:42:19] 
🔍 Processing task: mnist (delta=100)
[12:42:19] [MNIST] Loaded 100 samples, tensor torch.Size([100, 3, 224, 224])
[12:42:58] Layer block_0: mean=0.000001016
[12:43:38] Layer block_1: mean=0.000000786
[12:44:14] Layer block_2: mean=0.000000766
[12:44:53] Layer block_3: mean=0.000000765
[12:45:32] Layer block_4: mean=0.000000791
[12:46:09] Layer block_5: mean=0.000000829
[12:46:46] Layer block_6: mean=0.000000848
[12:47:22] Layer block_7: mean=0.000000836
[12:47:59] Layer block_8: mean=0.000000809
[12:48:34] Layer block_9: mean=0.000000785
[12:49:09] Layer block_10: mean=0.000000775
[12:49:41] Layer block_11: mean=0.000000770
[12:50:12] Layer block_12: mean=0.000000757
[12:50:44] Layer block_13: mean=0.000000740
[12:51:14] Layer block_14: mean=0.000000709
[12:51:44] Layer block_15: mean=0.000000694
[12:52:15] Layer block_16: mean=0.000000685
[12:52:46] Layer block_17: mean=0.000000674
[12:53:15] Layer block_18: mean=0.000000664
[12:53:43] Layer block_19: mean=0.000000654
[12:54:14] Layer block_20: mean=0.000000643
[12:54:42] Layer block_21: mean=0.000000630
[12:55:09] Layer block_22: mean=0.000000635
[12:55:36] Layer block_23: mean=0.000000644
[12:56:02] Layer block_24: mean=0.000000674
[12:56:28] Layer block_25: mean=0.000000736
[12:56:55] Layer block_26: mean=0.000000843
[12:57:20] Layer block_27: mean=0.000001042
[12:57:47] Layer block_28: mean=0.000001231
[12:58:14] Layer block_29: mean=0.000001388
[12:58:42] Layer block_30: mean=0.000001524
[12:59:08] Layer block_31: mean=0.000001635
[12:59:34] Layer block_32: mean=0.000001714
[13:00:00] Layer block_33: mean=0.000001746
[13:00:26] Layer block_34: mean=0.000001752
[13:00:52] Layer block_35: mean=0.000001732
[13:01:16] Layer block_36: mean=0.000001673
[13:01:39] Layer block_37: mean=0.000001516
[13:02:04] Layer block_38: mean=0.000001222
[13:02:29] Layer block_39: mean=0.000000754
[13:02:52] Layer head: mean=0.000363511
[13:02:52] ✅ mnist updated (N=300).
[13:02:52] 
🔍 Processing task: oxford_flowers (delta=100)
[13:02:53] [OxfordFlowers] Loaded 100 samples (skipped 0), tensor torch.Size([100, 3, 224, 224])
[13:03:32] Layer block_0: mean=0.000003552
[13:04:10] Layer block_1: mean=0.000002525
[13:04:48] Layer block_2: mean=0.000002553
[13:05:27] Layer block_3: mean=0.000002491
[13:06:03] Layer block_4: mean=0.000002445
[13:06:41] Layer block_5: mean=0.000002424
[13:07:15] Layer block_6: mean=0.000002406
[13:07:48] Layer block_7: mean=0.000002340
[13:08:21] Layer block_8: mean=0.000002255
[13:08:53] Layer block_9: mean=0.000002169
[13:09:25] Layer block_10: mean=0.000002128
[13:09:56] Layer block_11: mean=0.000002099
[13:10:27] Layer block_12: mean=0.000002034
[13:10:59] Layer block_13: mean=0.000001984
[13:11:34] Layer block_14: mean=0.000001901
[13:12:04] Layer block_15: mean=0.000001839
[13:12:35] Layer block_16: mean=0.000001802
[13:13:05] Layer block_17: mean=0.000001759
[13:13:34] Layer block_18: mean=0.000001716
[13:14:02] Layer block_19: mean=0.000001669
[13:14:30] Layer block_20: mean=0.000001610
[13:14:58] Layer block_21: mean=0.000001538
[13:15:25] Layer block_22: mean=0.000001484
[13:15:51] Layer block_23: mean=0.000001440
[13:16:18] Layer block_24: mean=0.000001459
[13:16:44] Layer block_25: mean=0.000001512
[13:17:10] Layer block_26: mean=0.000001735
[13:17:36] Layer block_27: mean=0.000002173
[13:18:01] Layer block_28: mean=0.000002591
[13:18:26] Layer block_29: mean=0.000002951
[13:18:50] Layer block_30: mean=0.000003258
[13:19:14] Layer block_31: mean=0.000003458
[13:19:41] Layer block_32: mean=0.000003555
[13:20:08] Layer block_33: mean=0.000003558
[13:20:34] Layer block_34: mean=0.000003489
[13:20:59] Layer block_35: mean=0.000003324
[13:21:25] Layer block_36: mean=0.000003005
[13:21:49] Layer block_37: mean=0.000002515
[13:22:13] Layer block_38: mean=0.000001781
[13:22:36] Layer block_39: mean=0.000000784
[13:22:57] Layer head: mean=0.000397703
[13:22:57] ✅ oxford_flowers updated (N=300).
[13:22:57] 
🔍 Processing task: oxford_pet (delta=100)
[13:22:58] [OxfordPet] Loaded 100 samples (skipped 0), tensor torch.Size([100, 3, 224, 224])
[13:23:37] Layer block_0: mean=0.000003503
[13:24:17] Layer block_1: mean=0.000002548
[13:24:54] Layer block_2: mean=0.000002449
[13:25:32] Layer block_3: mean=0.000002351
[13:26:11] Layer block_4: mean=0.000002334
[13:26:49] Layer block_5: mean=0.000002338
[13:27:24] Layer block_6: mean=0.000002325
[13:27:57] Layer block_7: mean=0.000002282
[13:28:30] Layer block_8: mean=0.000002202
[13:29:03] Layer block_9: mean=0.000002125
[13:29:34] Layer block_10: mean=0.000002095
[13:30:06] Layer block_11: mean=0.000002085
[13:30:37] Layer block_12: mean=0.000002032
[13:31:08] Layer block_13: mean=0.000001992
[13:31:39] Layer block_14: mean=0.000001924
[13:32:12] Layer block_15: mean=0.000001868
[13:32:42] Layer block_16: mean=0.000001830
[13:33:11] Layer block_17: mean=0.000001787
[13:33:39] Layer block_18: mean=0.000001741
[13:34:07] Layer block_19: mean=0.000001693
[13:34:35] Layer block_20: mean=0.000001633
[13:35:03] Layer block_21: mean=0.000001561
[13:35:30] Layer block_22: mean=0.000001505
[13:35:57] Layer block_23: mean=0.000001451
[13:36:23] Layer block_24: mean=0.000001454
[13:36:49] Layer block_25: mean=0.000001505
[13:37:18] Layer block_26: mean=0.000001708
[13:37:46] Layer block_27: mean=0.000002123
[13:38:13] Layer block_28: mean=0.000002525
[13:38:38] Layer block_29: mean=0.000002876
[13:39:02] Layer block_30: mean=0.000003183
[13:39:25] Layer block_31: mean=0.000003374
[13:39:48] Layer block_32: mean=0.000003475
[13:40:11] Layer block_33: mean=0.000003500
[13:40:33] Layer block_34: mean=0.000003416
[13:40:54] Layer block_35: mean=0.000003254
[13:41:16] Layer block_36: mean=0.000002972
[13:41:36] Layer block_37: mean=0.000002512
[13:41:57] Layer block_38: mean=0.000001818
[13:42:17] Layer block_39: mean=0.000000829
[13:42:37] Layer head: mean=0.000397958
[13:42:37] ✅ oxford_pet updated (N=300).
[13:42:37] 
🔍 Processing task: patch_camelyon (delta=100)
[13:42:37] [PatchCamelyon] Collected 32768 image paths from /root/autodl-tmp/modelselection/datasets/datasets/patch_camelyon/test.txt
[13:42:37] [PatchCamelyon] Loaded 100 samples (skipped 0), tensor torch.Size([100, 3, 224, 224])
[13:43:17] Layer block_0: mean=0.000004533
[13:43:53] Layer block_1: mean=0.000003550
[13:44:28] Layer block_2: mean=0.000003368
[13:45:03] Layer block_3: mean=0.000003116
[13:45:38] Layer block_4: mean=0.000003011
[13:46:12] Layer block_5: mean=0.000002945
[13:46:47] Layer block_6: mean=0.000002859
[13:47:21] Layer block_7: mean=0.000002741
[13:47:55] Layer block_8: mean=0.000002589
[13:48:28] Layer block_9: mean=0.000002447
[13:48:59] Layer block_10: mean=0.000002358
[13:49:31] Layer block_11: mean=0.000002294
[13:50:02] Layer block_12: mean=0.000002202
[13:50:33] Layer block_13: mean=0.000002133
[13:51:03] Layer block_14: mean=0.000002035
[13:51:33] Layer block_15: mean=0.000001937
[13:52:03] Layer block_16: mean=0.000001876
[13:52:32] Layer block_17: mean=0.000001790
[13:53:01] Layer block_18: mean=0.000001712
[13:53:29] Layer block_19: mean=0.000001623
[13:53:57] Layer block_20: mean=0.000001553
[13:54:25] Layer block_21: mean=0.000001474
[13:54:52] Layer block_22: mean=0.000001435
[13:55:19] Layer block_23: mean=0.000001416
[13:55:45] Layer block_24: mean=0.000001470
[13:56:10] Layer block_25: mean=0.000001543
[13:56:35] Layer block_26: mean=0.000001786
[13:57:06] Layer block_27: mean=0.000002297
[13:57:31] Layer block_28: mean=0.000002728
[13:57:55] Layer block_29: mean=0.000003090
[13:58:19] Layer block_30: mean=0.000003370
[13:58:42] Layer block_31: mean=0.000003569
[13:59:05] Layer block_32: mean=0.000003624
[13:59:28] Layer block_33: mean=0.000003627
[13:59:50] Layer block_34: mean=0.000003538
[14:00:12] Layer block_35: mean=0.000003380
[14:00:33] Layer block_36: mean=0.000003117
[14:00:57] Layer block_37: mean=0.000002672
[14:01:18] Layer block_38: mean=0.000001906
[14:01:38] Layer block_39: mean=0.000000775
[14:01:58] Layer head: mean=0.000410712
[14:01:58] ✅ patch_camelyon updated (N=300).
[14:01:58] 
🔍 Processing task: renderedsst2 (delta=100)
[14:01:59] [RenderedSST2] Loaded 100 samples (skipped 0), tensor torch.Size([100, 3, 224, 224])
[14:02:36] Layer block_0: mean=0.000005120
[14:03:13] Layer block_1: mean=0.000003322
[14:03:49] Layer block_2: mean=0.000003129
[14:04:25] Layer block_3: mean=0.000002986
[14:05:00] Layer block_4: mean=0.000002858
[14:05:34] Layer block_5: mean=0.000002711
[14:06:08] Layer block_6: mean=0.000002544
[14:06:43] Layer block_7: mean=0.000002394
[14:07:16] Layer block_8: mean=0.000002209
[14:07:49] Layer block_9: mean=0.000002079
[14:08:20] Layer block_10: mean=0.000001991
[14:08:52] Layer block_11: mean=0.000001944
[14:09:23] Layer block_12: mean=0.000001888
[14:09:53] Layer block_13: mean=0.000001827
[14:10:23] Layer block_14: mean=0.000001750
[14:10:53] Layer block_15: mean=0.000001709
[14:11:22] Layer block_16: mean=0.000001667
[14:11:51] Layer block_17: mean=0.000001593
[14:12:20] Layer block_18: mean=0.000001554
[14:12:48] Layer block_19: mean=0.000001512
[14:13:15] Layer block_20: mean=0.000001469
[14:13:42] Layer block_21: mean=0.000001438
[14:14:09] Layer block_22: mean=0.000001414
[14:14:36] Layer block_23: mean=0.000001396
[14:15:02] Layer block_24: mean=0.000001392
[14:15:27] Layer block_25: mean=0.000001423
[14:15:52] Layer block_26: mean=0.000001503
[14:16:17] Layer block_27: mean=0.000001697
[14:16:41] Layer block_28: mean=0.000001911
[14:17:05] Layer block_29: mean=0.000002147
[14:17:29] Layer block_30: mean=0.000002376
[14:17:52] Layer block_31: mean=0.000002582
[14:18:14] Layer block_32: mean=0.000002702
[14:18:37] Layer block_33: mean=0.000002744
[14:18:58] Layer block_34: mean=0.000002725
[14:19:20] Layer block_35: mean=0.000002603
[14:19:41] Layer block_36: mean=0.000002400
[14:20:01] Layer block_37: mean=0.000002044
[14:20:21] Layer block_38: mean=0.000001529
[14:20:41] Layer block_39: mean=0.000000786
[14:21:01] Layer head: mean=0.000380499
[14:21:01] ✅ renderedsst2 updated (N=300).
[14:21:01] 
🔍 Processing task: resisc45 (delta=100)
[14:21:01] [RESISC45] Collected 6300 images from /root/autodl-tmp/modelselection/datasets/datasets/resisc45/test.txt
[14:21:01] [RESISC45] Loaded 100 samples (skipped 0), tensor torch.Size([100, 3, 224, 224])
[14:21:37] Layer block_0: mean=0.000004737
[14:22:12] Layer block_1: mean=0.000003617
[14:22:47] Layer block_2: mean=0.000003509
[14:23:22] Layer block_3: mean=0.000003302
[14:23:56] Layer block_4: mean=0.000003197
[14:24:30] Layer block_5: mean=0.000003147
[14:25:03] Layer block_6: mean=0.000003091
[14:25:36] Layer block_7: mean=0.000002990
[14:26:09] Layer block_8: mean=0.000002853
[14:26:41] Layer block_9: mean=0.000002723
[14:27:13] Layer block_10: mean=0.000002642
[14:27:44] Layer block_11: mean=0.000002579
[14:28:15] Layer block_12: mean=0.000002473
[14:28:46] Layer block_13: mean=0.000002394
[14:29:16] Layer block_14: mean=0.000002277
[14:29:46] Layer block_15: mean=0.000002182
[14:30:15] Layer block_16: mean=0.000002115
[14:30:44] Layer block_17: mean=0.000002040
[14:31:12] Layer block_18: mean=0.000001964
[14:31:40] Layer block_19: mean=0.000001883
[14:32:08] Layer block_20: mean=0.000001802
[14:32:35] Layer block_21: mean=0.000001718
[14:33:02] Layer block_22: mean=0.000001671
[14:33:28] Layer block_23: mean=0.000001656
[14:33:54] Layer block_24: mean=0.000001712
[14:34:20] Layer block_25: mean=0.000001820
[14:34:45] Layer block_26: mean=0.000002095
[14:35:10] Layer block_27: mean=0.000002644
[14:35:34] Layer block_28: mean=0.000003144
[14:35:58] Layer block_29: mean=0.000003550
[14:36:21] Layer block_30: mean=0.000003880
[14:36:44] Layer block_31: mean=0.000004074
[14:37:07] Layer block_32: mean=0.000004140
[14:37:29] Layer block_33: mean=0.000004114
[14:37:51] Layer block_34: mean=0.000003963
[14:38:12] Layer block_35: mean=0.000003746
[14:38:34] Layer block_36: mean=0.000003409
[14:38:54] Layer block_37: mean=0.000002845
[14:39:14] Layer block_38: mean=0.000002027
[14:39:34] Layer block_39: mean=0.000000802
[14:39:54] Layer head: mean=0.000398246
[14:39:54] ✅ resisc45 updated (N=300).
[14:39:54] 
🔍 Processing task: stl10 (delta=100)
[14:39:54] [STL10] Loaded 100 samples, tensor torch.Size([100, 3, 224, 224])
[14:40:30] Layer block_0: mean=0.000003899
[14:41:05] Layer block_1: mean=0.000002981
[14:41:40] Layer block_2: mean=0.000002941
[14:42:15] Layer block_3: mean=0.000002789
[14:42:49] Layer block_4: mean=0.000002735
[14:43:23] Layer block_5: mean=0.000002715
[14:43:56] Layer block_6: mean=0.000002706
[14:44:29] Layer block_7: mean=0.000002659
[14:45:02] Layer block_8: mean=0.000002585
[14:45:34] Layer block_9: mean=0.000002508
[14:46:06] Layer block_10: mean=0.000002470
[14:46:37] Layer block_11: mean=0.000002445
[14:47:08] Layer block_12: mean=0.000002387
[14:47:38] Layer block_13: mean=0.000002348
[14:48:08] Layer block_14: mean=0.000002282
[14:48:38] Layer block_15: mean=0.000002247
[14:49:07] Layer block_16: mean=0.000002226
[14:49:36] Layer block_17: mean=0.000002188
[14:50:05] Layer block_18: mean=0.000002140
[14:50:33] Layer block_19: mean=0.000002091
[14:51:00] Layer block_20: mean=0.000002043
[14:51:27] Layer block_21: mean=0.000001994
[14:51:54] Layer block_22: mean=0.000001963
[14:52:21] Layer block_23: mean=0.000001936
[14:52:46] Layer block_24: mean=0.000001969
[14:53:12] Layer block_25: mean=0.000002029
[14:53:37] Layer block_26: mean=0.000002234
[14:54:02] Layer block_27: mean=0.000002638
[14:54:26] Layer block_28: mean=0.000002999
[14:54:50] Layer block_29: mean=0.000003292
[14:55:13] Layer block_30: mean=0.000003522
[14:55:36] Layer block_31: mean=0.000003659
[14:55:59] Layer block_32: mean=0.000003694
[14:56:21] Layer block_33: mean=0.000003652
[14:56:43] Layer block_34: mean=0.000003530
[14:57:05] Layer block_35: mean=0.000003346
[14:57:26] Layer block_36: mean=0.000003041
[14:57:46] Layer block_37: mean=0.000002566
[14:58:06] Layer block_38: mean=0.000001855
[14:58:26] Layer block_39: mean=0.000000797
[14:58:46] Layer head: mean=0.000391914
[14:58:46] ✅ stl10 updated (N=300).
[14:58:46] 
🔍 Processing task: sun397 (delta=100)
[14:58:47] [SUN397] Loaded 100 samples (skipped 0), tensor torch.Size([100, 3, 224, 224])
[14:59:23] Layer block_0: mean=0.000005321
[14:59:58] Layer block_1: mean=0.000003769
[15:00:33] Layer block_2: mean=0.000003555
[15:01:08] Layer block_3: mean=0.000003327
[15:01:42] Layer block_4: mean=0.000003239
[15:02:16] Layer block_5: mean=0.000003198
[15:02:49] Layer block_6: mean=0.000003150
[15:03:22] Layer block_7: mean=0.000003052
[15:03:55] Layer block_8: mean=0.000002930
[15:04:27] Layer block_9: mean=0.000002819
[15:04:59] Layer block_10: mean=0.000002760
[15:05:30] Layer block_11: mean=0.000002718
[15:06:02] Layer block_12: mean=0.000002636
[15:06:32] Layer block_13: mean=0.000002574
[15:07:02] Layer block_14: mean=0.000002477
[15:07:32] Layer block_15: mean=0.000002409
[15:08:01] Layer block_16: mean=0.000002353
[15:08:30] Layer block_17: mean=0.000002293
[15:08:58] Layer block_18: mean=0.000002232
[15:09:26] Layer block_19: mean=0.000002167
[15:09:54] Layer block_20: mean=0.000002091
[15:10:21] Layer block_21: mean=0.000002005
[15:10:48] Layer block_22: mean=0.000001936
[15:11:14] Layer block_23: mean=0.000001873
[15:11:40] Layer block_24: mean=0.000001884
[15:12:05] Layer block_25: mean=0.000001934
[15:12:31] Layer block_26: mean=0.000002151
[15:12:55] Layer block_27: mean=0.000002616
[15:13:19] Layer block_28: mean=0.000003064
[15:13:43] Layer block_29: mean=0.000003443
[15:14:07] Layer block_30: mean=0.000003758
[15:14:30] Layer block_31: mean=0.000003940
[15:14:52] Layer block_32: mean=0.000003999
[15:15:15] Layer block_33: mean=0.000003966
[15:15:36] Layer block_34: mean=0.000003841
[15:15:58] Layer block_35: mean=0.000003645
[15:16:19] Layer block_36: mean=0.000003327
[15:16:39] Layer block_37: mean=0.000002786
[15:16:59] Layer block_38: mean=0.000001991
[15:17:19] Layer block_39: mean=0.000000795
[15:17:39] Layer head: mean=0.000403083
[15:17:39] ✅ sun397 updated (N=300).
[15:17:39] 
🔍 Processing task: svhn (delta=100)
[15:17:39] [SVHN] Loaded 100 samples (skipped 0), tensor torch.Size([100, 3, 224, 224])
[15:18:15] Layer block_0: mean=0.000001174
[15:18:50] Layer block_1: mean=0.000000963
[15:19:25] Layer block_2: mean=0.000000951
[15:20:00] Layer block_3: mean=0.000001001
[15:20:34] Layer block_4: mean=0.000001070
[15:21:08] Layer block_5: mean=0.000001144
[15:21:41] Layer block_6: mean=0.000001169
[15:22:14] Layer block_7: mean=0.000001168
[15:22:47] Layer block_8: mean=0.000001140
[15:23:19] Layer block_9: mean=0.000001109
[15:23:51] Layer block_10: mean=0.000001095
[15:24:22] Layer block_11: mean=0.000001112
[15:24:53] Layer block_12: mean=0.000001088
[15:25:23] Layer block_13: mean=0.000001069
[15:25:53] Layer block_14: mean=0.000001027
[15:26:23] Layer block_15: mean=0.000001008
[15:26:52] Layer block_16: mean=0.000000993
[15:27:21] Layer block_17: mean=0.000000970
[15:27:50] Layer block_18: mean=0.000000942
[15:28:18] Layer block_19: mean=0.000000921
[15:28:45] Layer block_20: mean=0.000000896
[15:29:12] Layer block_21: mean=0.000000862
[15:29:39] Layer block_22: mean=0.000000845
[15:30:06] Layer block_23: mean=0.000000842
[15:30:31] Layer block_24: mean=0.000000869
[15:30:57] Layer block_25: mean=0.000000903
[15:31:22] Layer block_26: mean=0.000001044
[15:31:47] Layer block_27: mean=0.000001392
[15:32:11] Layer block_28: mean=0.000001696
[15:32:35] Layer block_29: mean=0.000001920
[15:32:58] Layer block_30: mean=0.000002106
[15:33:21] Layer block_31: mean=0.000002234
[15:33:44] Layer block_32: mean=0.000002330
[15:34:06] Layer block_33: mean=0.000002384
[15:34:28] Layer block_34: mean=0.000002384
[15:34:49] Layer block_35: mean=0.000002345
[15:35:10] Layer block_36: mean=0.000002212
[15:35:31] Layer block_37: mean=0.000001946
[15:35:51] Layer block_38: mean=0.000001498
[15:36:11] Layer block_39: mean=0.000000748
[15:36:30] Layer head: mean=0.000338730
[15:36:30] ✅ svhn updated (N=300).
[15:36:30] 
🔍 Processing task: voc_pose (delta=100)
[15:36:31] [VOC] Loaded 100 samples (skipped 0), tensor torch.Size([100, 3, 224, 224])
[15:37:06] Layer block_0: mean=0.000004745
[15:37:42] Layer block_1: mean=0.000003368
[15:38:17] Layer block_2: mean=0.000003227
[15:38:52] Layer block_3: mean=0.000003050
[15:39:26] Layer block_4: mean=0.000003000
[15:40:00] Layer block_5: mean=0.000002984
[15:40:33] Layer block_6: mean=0.000002952
[15:41:06] Layer block_7: mean=0.000002883
[15:41:39] Layer block_8: mean=0.000002781
[15:42:11] Layer block_9: mean=0.000002690
[15:42:43] Layer block_10: mean=0.000002649
[15:43:14] Layer block_11: mean=0.000002626
[15:43:45] Layer block_12: mean=0.000002561
[15:44:16] Layer block_13: mean=0.000002509
[15:44:46] Layer block_14: mean=0.000002428
[15:45:16] Layer block_15: mean=0.000002368
[15:45:45] Layer block_16: mean=0.000002321
[15:46:14] Layer block_17: mean=0.000002268
[15:46:42] Layer block_18: mean=0.000002213
[15:47:10] Layer block_19: mean=0.000002156
[15:47:38] Layer block_20: mean=0.000002082
[15:48:05] Layer block_21: mean=0.000001998
[15:48:32] Layer block_22: mean=0.000001931
[15:48:58] Layer block_23: mean=0.000001864
[15:49:24] Layer block_24: mean=0.000001859
[15:49:50] Layer block_25: mean=0.000001892
[15:50:15] Layer block_26: mean=0.000002088
[15:50:40] Layer block_27: mean=0.000002510
[15:51:04] Layer block_28: mean=0.000002919
[15:51:28] Layer block_29: mean=0.000003273
[15:51:51] Layer block_30: mean=0.000003574
[15:52:14] Layer block_31: mean=0.000003753
[15:52:37] Layer block_32: mean=0.000003815
[15:52:59] Layer block_33: mean=0.000003789
[15:53:21] Layer block_34: mean=0.000003671
[15:53:42] Layer block_35: mean=0.000003483
[15:54:03] Layer block_36: mean=0.000003178
[15:54:24] Layer block_37: mean=0.000002665
[15:54:44] Layer block_38: mean=0.000001920
[15:55:04] Layer block_39: mean=0.000000816
[15:55:23] Layer head: mean=0.000396557
[15:55:23] ✅ voc_pose updated (N=300).
[15:55:23] ✅ Results saved for milestone 300.
